datetime,symbol,exchange,last_price,last_volume,bid_price_1,bid_volume_1,ask_price_1,ask_volume_1,open_interest,volume
2024-01-01 00:00:00.500,BTCUSDT,BINANCE_USDT,29998.87,0.9419,29998.12,2.772,29999.62,0.931,0.0,156.33
2024-01-01 00:00:01.000,BTCUSDT,BINANCE_USDT,30000.48,0.6542,29999.73,4.678,30001.23,4.197,0.0,182.09
2024-01-01 00:00:01.500,BTCUSDT,BINANCE_USDT,29999.84,0.9433,29999.84,2.997,30001.34,0.668,0.0,100.75
2024-01-01 00:00:02.000,BTCUSDT,BINANCE_USDT,29997.91,1.3897,29997.91,1.450,29999.41,1.382,0.0,128.79
2024-01-01 00:00:02.500,BTCUSDT,BINANCE_USDT,29999.95,0.5540,29999.20,2.292,30000.70,2.818,0.0,101.82
2024-01-01 00:00:03.000,BTCUSDT,BINANCE_USDT,30000.86,0.9852,29999.36,2.929,30000.86,3.147,0.0,178.30
2024-01-01 00:00:03.500,BTCUSDT,BINANCE_USDT,29999.71,0.6077,29998.96,2.299,30000.46,2.012,0.0,106.61
2024-01-01 00:00:04.000,BTCUSDT,BINANCE_USDT,29999.82,0.2982,29999.07,2.905,30000.57,2.233,0.0,150.67
2024-01-01 00:00:04.500,BTCUSDT,BINANCE_USDT,30000.16,1.6896,30000.16,2.039,30001.66,0.727,0.0,168.54
2024-01-01 00:00:05.000,BTCUSDT,BINANCE_USDT,30003.31,1.3175,30001.81,0.850,30003.31,4.526,0.0,108.07
2024-01-01 00:00:05.500,BTCUSDT,BINANCE_USDT,30002.14,0.8844,30002.14,4.788,30003.64,0.728,0.0,150.58
2024-01-01 00:00:06.000,BTCUSDT,BINANCE_USDT,30002.22,1.3952,30002.22,1.227,30003.72,0.999,0.0,179.84
2024-01-01 00:00:06.500,BTCUSDT,BINANCE_USDT,30004.42,0.3882,30002.92,2.158,30004.42,1.927,0.0,171.09
2024-01-01 00:00:07.000,BTCUSDT,BINANCE_USDT,30002.36,0.5619,30002.36,4.739,30003.86,2.398,0.0,116.80
2024-01-01 00:00:07.500,BTCUSDT,BINANCE_USDT,30001.76,0.2184,30000.26,4.502,30001.76,4.080,0.0,107.25
2024-01-01 00:00:08.000,BTCUSDT,BINANCE_USDT,29999.95,1.9566,29999.95,1.143,30001.45,3.675,0.0,138.85
2024-01-01 00:00:08.500,BTCUSDT,BINANCE_USDT,29999.83,1.2055,29999.83,1.134,30001.33,4.802,0.0,197.25
2024-01-01 00:00:09.000,BTCUSDT,BINANCE_USDT,30000.46,0.7078,29999.71,1.336,30001.21,2.620,0.0,103.35
2024-01-01 00:00:09.500,BTCUSDT,BINANCE_USDT,29998.37,1.5080,29998.37,3.109,29999.87,3.831,0.0,173.82
2024-01-01 00:00:10.000,BTCUSDT,BINANCE_USDT,29998.20,1.4951,29997.45,4.830,29998.95,2.094,0.0,158.64
2024-01-01 00:00:10.500,BTCUSDT,BINANCE_USDT,29999.12,0.9775,29998.37,1.893,29999.87,3.128,0.0,185.61
2024-01-01 00:00:11.000,BTCUSDT,BINANCE_USDT,30000.74,0.4480,29999.24,4.667,30000.74,2.652,0.0,162.36
2024-01-01 00:00:11.500,BTCUSDT,BINANCE_USDT,29997.99,0.3682,29997.99,2.534,29999.49,4.420,0.0,120.41
2024-01-01 00:00:12.000,BTCUSDT,BINANCE_USDT,29999.22,0.1544,29998.47,0.773,29999.97,0.933,0.0,186.23
2024-01-01 00:00:12.500,BTCUSDT,BINANCE_USDT,29997.47,0.5717,29997.47,3.702,29998.97,2.544,0.0,112.16
2024-01-01 00:00:13.000,BTCUSDT,BINANCE_USDT,29998.73,1.4655,29997.23,0.891,29998.73,1.945,0.0,191.29
2024-01-01 00:00:13.500,BTCUSDT,BINANCE_USDT,29998.27,1.5920,29998.27,3.216,29999.77,3.338,0.0,132.08
2024-01-01 00:00:14.000,BTCUSDT,BINANCE_USDT,29997.69,1.8882,29996.94,2.314,29998.44,2.403,0.0,127.97
2024-01-01 00:00:14.500,BTCUSDT,BINANCE_USDT,29999.06,1.2844,29997.56,3.094,29999.06,4.735,0.0,193.06
2024-01-01 00:00:15.000,BTCUSDT,BINANCE_USDT,29999.27,1.6975,29997.77,4.377,29999.27,3.316,0.0,164.26
2024-01-01 00:00:15.500,BTCUSDT,BINANCE_USDT,29999.62,1.5779,29998.87,1.917,30000.37,3.205,0.0,162.32
2024-01-01 00:00:16.000,BTCUSDT,BINANCE_USDT,29999.62,1.3354,29999.62,1.053,30001.12,4.895,0.0,180.58
2024-01-01 00:00:16.500,BTCUSDT,BINANCE_USDT,30001.68,1.4282,30000.18,1.423,30001.68,3.123,0.0,113.32
2024-01-01 00:00:17.000,BTCUSDT,BINANCE_USDT,29998.90,0.7620,29998.90,4.834,30000.40,1.901,0.0,194.25
2024-01-01 00:00:17.500,BTCUSDT,BINANCE_USDT,30002.01,1.8097,30000.51,4.041,30002.01,2.536,0.0,152.50
2024-01-01 00:00:18.000,BTCUSDT,BINANCE_USDT,29998.41,0.7742,29998.41,1.320,29999.91,0.568,0.0,135.81
2024-01-01 00:00:18.500,BTCUSDT,BINANCE_USDT,29996.91,1.3329,29996.91,1.427,29998.41,4.834,0.0,194.16
2024-01-01 00:00:19.000,BTCUSDT,BINANCE_USDT,30000.25,1.5278,30000.25,4.426,30001.75,2.574,0.0,152.21
2024-01-01 00:00:19.500,BTCUSDT,BINANCE_USDT,30000.25,1.0998,29998.75,4.197,30000.25,1.793,0.0,199.50
2024-01-01 00:00:20.000,BTCUSDT,BINANCE_USDT,30001.46,0.1226,30000.71,4.106,30002.21,1.964,0.0,169.90
2024-01-01 00:00:20.500,BTCUSDT,BINANCE_USDT,30002.64,0.1422,30001.14,2.276,30002.64,3.503,0.0,157.37
2024-01-01 00:00:21.000,BTCUSDT,BINANCE_USDT,30001.99,1.1381,30000.49,4.303,30001.99,1.417,0.0,126.26
2024-01-01 00:00:21.500,BTCUSDT,BINANCE_USDT,30000.54,1.3436,29999.04,3.348,30000.54,1.861,0.0,140.84
2024-01-01 00:00:22.000,BTCUSDT,BINANCE_USDT,29999.71,0.6775,29998.96,3.151,30000.46,3.072,0.0,131.81
2024-01-01 00:00:22.500,BTCUSDT,BINANCE_USDT,30000.50,1.8374,29999.75,4.725,30001.25,1.287,0.0,136.24
2024-01-01 00:00:23.000,BTCUSDT,BINANCE_USDT,29998.62,1.7426,29998.62,1.499,30000.12,3.882,0.0,190.30
2024-01-01 00:00:23.500,BTCUSDT,BINANCE_USDT,30000.47,1.5664,29998.97,2.526,30000.47,4.241,0.0,124.40
2024-01-01 00:00:24.000,BTCUSDT,BINANCE_USDT,29998.39,0.2241,29998.39,3.614,29999.89,1.586,0.0,194.32
2024-01-01 00:00:24.500,BTCUSDT,BINANCE_USDT,30000.03,0.2503,29998.53,0.583,30000.03,3.318,0.0,183.87
2024-01-01 00:00:25.000,BTCUSDT,BINANCE_USDT,29999.75,0.7081,29999.00,2.108,30000.50,3.938,0.0,109.46
2024-01-01 00:00:25.500,BTCUSDT,BINANCE_USDT,30001.93,0.3895,30000.43,4.657,30001.93,0.560,0.0,104.31
2024-01-01 00:00:26.000,BTCUSDT,BINANCE_USDT,30002.57,1.7206,30001.07,1.663,30002.57,1.754,0.0,182.28
2024-01-01 00:00:26.500,BTCUSDT,BINANCE_USDT,30000.16,0.9270,30000.16,4.592,30001.66,3.520,0.0,134.93
2024-01-01 00:00:27.000,BTCUSDT,BINANCE_USDT,30000.44,0.0411,29998.94,3.965,30000.44,3.122,0.0,195.79
2024-01-01 00:00:27.500,BTCUSDT,BINANCE_USDT,30000.73,1.7857,29999.98,2.315,30001.48,2.549,0.0,132.86
2024-01-01 00:00:28.000,BTCUSDT,BINANCE_USDT,30000.68,0.7801,30000.68,0.927,30002.18,2.814,0.0,115.61
2024-01-01 00:00:28.500,BTCUSDT,BINANCE_USDT,29999.54,0.2244,29998.79,2.876,30000.29,4.979,0.0,126.81
2024-01-01 00:00:29.000,BTCUSDT,BINANCE_USDT,29997.98,1.7275,29997.98,4.370,29999.48,4.364,0.0,156.14
2024-01-01 00:00:29.500,BTCUSDT,BINANCE_USDT,30000.40,0.3608,29999.65,3.231,30001.15,4.118,0.0,104.28
2024-01-01 00:00:30.000,BTCUSDT,BINANCE_USDT,30001.94,1.1192,30000.44,3.654,30001.94,4.954,0.0,174.61
2024-01-01 00:00:30.500,BTCUSDT,BINANCE_USDT,30000.60,1.7311,29999.85,1.136,30001.35,3.326,0.0,148.46
2024-01-01 00:00:31.000,BTCUSDT,BINANCE_USDT,29998.25,0.6031,29998.25,4.086,29999.75,1.550,0.0,103.35
2024-01-01 00:00:31.500,BTCUSDT,BINANCE_USDT,30000.05,0.8102,29999.30,1.577,30000.80,3.983,0.0,132.68
2024-01-01 00:00:32.000,BTCUSDT,BINANCE_USDT,30000.04,0.6460,29999.29,3.619,30000.79,2.948,0.0,165.86
2024-01-01 00:00:32.500,BTCUSDT,BINANCE_USDT,29998.26,1.4498,29998.26,2.997,29999.76,0.854,0.0,174.92
2024-01-01 00:00:33.000,BTCUSDT,BINANCE_USDT,29997.84,0.2985,29997.09,3.005,29998.59,0.611,0.0,137.99
2024-01-01 00:00:33.500,BTCUSDT,BINANCE_USDT,29996.58,0.9574,29995.83,2.983,29997.33,4.472,0.0,191.31
2024-01-01 00:00:34.000,BTCUSDT,BINANCE_USDT,29995.01,0.6303,29995.01,1.665,29996.51,0.617,0.0,116.78
2024-01-01 00:00:34.500,BTCUSDT,BINANCE_USDT,29996.58,0.7401,29995.08,0.580,29996.58,1.739,0.0,164.36
2024-01-01 00:00:35.000,BTCUSDT,BINANCE_USDT,29993.96,1.3759,29993.96,3.329,29995.46,2.845,0.0,157.93
2024-01-01 00:00:35.500,BTCUSDT,BINANCE_USDT,29995.34,0.4146,29994.59,1.481,29996.09,1.996,0.0,169.27
2024-01-01 00:00:36.000,BTCUSDT,BINANCE_USDT,29994.57,1.8268,29993.07,0.718,29994.57,4.131,0.0,121.59
2024-01-01 00:00:36.500,BTCUSDT,BINANCE_USDT,29993.24,0.2998,29991.74,0.936,29993.24,1.110,0.0,155.76
2024-01-01 00:00:37.000,BTCUSDT,BINANCE_USDT,29992.96,0.3170,29992.21,1.837,29993.71,2.849,0.0,106.51
2024-01-01 00:00:37.500,BTCUSDT,BINANCE_USDT,29993.52,0.7833,29992.77,1.353,29994.27,3.744,0.0,134.48
2024-01-01 00:00:38.000,BTCUSDT,BINANCE_USDT,29991.78,0.4495,29991.78,3.513,29993.28,3.749,0.0,165.87
2024-01-01 00:00:38.500,BTCUSDT,BINANCE_USDT,29994.84,0.8011,29993.34,1.469,29994.84,4.236,0.0,104.64
2024-01-01 00:00:39.000,BTCUSDT,BINANCE_USDT,29991.06,0.3066,29991.06,2.614,29992.56,3.732,0.0,199.13
2024-01-01 00:00:39.500,BTCUSDT,BINANCE_USDT,29993.27,0.5755,29991.77,3.531,29993.27,2.639,0.0,151.55
2024-01-01 00:00:40.000,BTCUSDT,BINANCE_USDT,29992.32,1.5357,29990.83,4.650,29992.32,1.687,0.0,199.08
2024-01-01 00:00:40.500,BTCUSDT,BINANCE_USDT,29991.53,1.4627,29990.03,1.295,29991.53,3.335,0.0,110.06
2024-01-01 00:00:41.000,BTCUSDT,BINANCE_USDT,29991.22,1.8506,29990.47,1.129,29991.97,2.240,0.0,132.21
2024-01-01 00:00:41.500,BTCUSDT,BINANCE_USDT,29990.48,1.7619,29989.73,2.355,29991.23,1.376,0.0,106.80
2024-01-01 00:00:42.000,BTCUSDT,BINANCE_USDT,29992.35,1.1812,29990.86,1.046,29992.35,4.431,0.0,172.62
2024-01-01 00:00:42.500,BTCUSDT,BINANCE_USDT,29990.38,1.6714,29990.38,1.677,29991.88,4.326,0.0,153.59
2024-01-01 00:00:43.000,BTCUSDT,BINANCE_USDT,29992.11,1.7600,29990.61,4.154,29992.11,3.605,0.0,159.13
2024-01-01 00:00:43.500,BTCUSDT,BINANCE_USDT,29991.90,0.0167,29990.40,4.708,29991.90,4.106,0.0,164.75
2024-01-01 00:00:44.000,BTCUSDT,BINANCE_USDT,29992.86,0.5302,29992.86,0.567,29994.36,4.003,0.0,150.02
2024-01-01 00:00:44.500,BTCUSDT,BINANCE_USDT,29992.64,0.1790,29991.14,3.337,29992.64,3.738,0.0,198.84
2024-01-01 00:00:45.000,BTCUSDT,BINANCE_USDT,29990.39,1.8183,29990.39,4.554,29991.89,0.821,0.0,155.17
2024-01-01 00:00:45.500,BTCUSDT,BINANCE_USDT,29989.69,0.7915,29989.69,4.523,29991.19,2.893,0.0,109.87
2024-01-01 00:00:46.000,BTCUSDT,BINANCE_USDT,29989.11,1.3230,29987.61,2.511,29989.11,2.930,0.0,196.13
2024-01-01 00:00:46.500,BTCUSDT,BINANCE_USDT,29985.32,1.6033,29984.57,3.365,29986.07,2.376,0.0,145.71
2024-01-01 00:00:47.000,BTCUSDT,BINANCE_USDT,29985.42,1.7674,29983.92,1.365,29985.42,1.500,0.0,112.95
2024-01-01 00:00:47.500,BTCUSDT,BINANCE_USDT,29983.52,0.0336,29982.77,3.655,29984.27,0.831,0.0,120.86
2024-01-01 00:00:48.000,BTCUSDT,BINANCE_USDT,29982.68,0.5671,29981.93,2.114,29983.43,3.311,0.0,132.85
2024-01-01 00:00:48.500,BTCUSDT,BINANCE_USDT,29983.94,1.1683,29982.44,0.970,29983.94,0.962,0.0,100.54
2024-01-01 00:00:49.000,BTCUSDT,BINANCE_USDT,29982.65,0.4599,29981.15,4.524,29982.65,2.316,0.0,109.24
2024-01-01 00:00:49.500,BTCUSDT,BINANCE_USDT,29982.84,1.0762,29982.84,2.807,29984.34,3.681,0.0,123.16
2024-01-01 00:00:50.000,BTCUSDT,BINANCE_USDT,29982.36,1.4603,29982.36,3.884,29983.86,4.091,0.0,174.93
2024-01-01 00:00:50.500,BTCUSDT,BINANCE_USDT,29980.63,1.2105,29979.13,4.495,29980.63,3.139,0.0,111.50
2024-01-01 00:00:51.000,BTCUSDT,BINANCE_USDT,29978.56,1.7133,29977.07,3.315,29978.56,4.512,0.0,199.21
2024-01-01 00:00:51.500,BTCUSDT,BINANCE_USDT,29976.61,0.4214,29976.61,2.926,29978.11,2.713,0.0,199.67
2024-01-01 00:00:52.000,BTCUSDT,BINANCE_USDT,29976.74,1.9774,29975.99,3.918,29977.49,1.305,0.0,129.03
2024-01-01 00:00:52.500,BTCUSDT,BINANCE_USDT,29977.30,0.9055,29975.80,0.581,29977.30,4.379,0.0,177.69
2024-01-01 00:00:53.000,BTCUSDT,BINANCE_USDT,29977.37,0.4634,29975.87,1.520,29977.37,1.706,0.0,180.28
2024-01-01 00:00:53.500,BTCUSDT,BINANCE_USDT,29976.13,0.5067,29975.38,4.001,29976.88,3.271,0.0,142.20
2024-01-01 00:00:54.000,BTCUSDT,BINANCE_USDT,29977.91,1.0260,29976.41,0.853,29977.91,4.587,0.0,146.99
2024-01-01 00:00:54.500,BTCUSDT,BINANCE_USDT,29976.14,1.1951,29975.39,3.683,29976.89,1.698,0.0,162.20
2024-01-01 00:00:55.000,BTCUSDT,BINANCE_USDT,29976.21,0.6412,29974.71,4.132,29976.21,2.110,0.0,103.55
2024-01-01 00:00:55.500,BTCUSDT,BINANCE_USDT,29976.36,1.2534,29974.86,3.888,29976.36,2.846,0.0,113.23
2024-01-01 00:00:56.000,BTCUSDT,BINANCE_USDT,29974.52,1.0248,29973.77,3.958,29975.27,2.217,0.0,129.44
2024-01-01 00:00:56.500,BTCUSDT,BINANCE_USDT,29974.37,0.8355,29973.63,1.022,29975.12,0.509,0.0,111.55
2024-01-01 00:00:57.000,BTCUSDT,BINANCE_USDT,29972.94,1.9418,29972.19,3.656,29973.69,1.673,0.0,178.56
2024-01-01 00:00:57.500,BTCUSDT,BINANCE_USDT,29972.71,1.6330,29971.96,2.108,29973.46,1.719,0.0,155.63
2024-01-01 00:00:58.000,BTCUSDT,BINANCE_USDT,29974.26,1.3769,29972.76,1.136,29974.26,2.555,0.0,194.43
2024-01-01 00:00:58.500,BTCUSDT,BINANCE_USDT,29973.84,1.5941,29972.34,3.961,29973.84,2.374,0.0,184.41
2024-01-01 00:00:59.000,BTCUSDT,BINANCE_USDT,29973.84,1.0159,29972.35,1.394,29973.84,0.549,0.0,183.81
2024-01-01 00:00:59.500,BTCUSDT,BINANCE_USDT,29972.85,0.2852,29972.10,3.541,29973.60,3.418,0.0,172.66
2024-01-01 00:01:00.000,BTCUSDT,BINANCE_USDT,29974.12,1.2652,29973.37,4.528,29974.87,1.196,0.0,187.23
2024-01-01 00:01:00.500,BTCUSDT,BINANCE_USDT,29972.97,1.5501,29971.47,2.239,29972.97,3.928,0.0,176.04
2024-01-01 00:01:01.000,BTCUSDT,BINANCE_USDT,29975.17,1.4790,29973.67,0.644,29975.17,3.640,0.0,139.53
2024-01-01 00:01:01.500,BTCUSDT,BINANCE_USDT,29972.41,0.7284,29970.91,1.776,29972.41,4.796,0.0,181.78
2024-01-01 00:01:02.000,BTCUSDT,BINANCE_USDT,29968.79,1.2463,29968.79,3.964,29970.28,2.261,0.0,101.73
2024-01-01 00:01:02.500,BTCUSDT,BINANCE_USDT,29971.00,0.7902,29970.25,4.709,29971.75,3.586,0.0,109.69
2024-01-01 00:01:03.000,BTCUSDT,BINANCE_USDT,29970.27,0.5402,29970.27,2.774,29971.76,2.164,0.0,156.86
2024-01-01 00:01:03.500,BTCUSDT,BINANCE_USDT,29972.06,1.8615,29970.56,2.105,29972.06,1.551,0.0,122.85
2024-01-01 00:01:04.000,BTCUSDT,BINANCE_USDT,29972.19,0.8851,29970.69,3.293,29972.19,3.964,0.0,125.78
2024-01-01 00:01:04.500,BTCUSDT,BINANCE_USDT,29973.38,0.7365,29971.89,4.259,29973.38,1.745,0.0,182.03
2024-01-01 00:01:05.000,BTCUSDT,BINANCE_USDT,29972.92,0.0154,29972.17,0.873,29973.67,1.737,0.0,169.90
2024-01-01 00:01:05.500,BTCUSDT,BINANCE_USDT,29975.62,0.3872,29974.12,0.703,29975.62,0.627,0.0,105.89
2024-01-01 00:01:06.000,BTCUSDT,BINANCE_USDT,29975.70,1.7873,29974.95,2.466,29976.45,4.161,0.0,108.12
2024-01-01 00:01:06.500,BTCUSDT,BINANCE_USDT,29975.83,0.1681,29974.33,1.966,29975.83,2.975,0.0,103.92
2024-01-01 00:01:07.000,BTCUSDT,BINANCE_USDT,29973.42,0.6282,29973.42,4.943,29974.91,1.262,0.0,129.64
2024-01-01 00:01:07.500,BTCUSDT,BINANCE_USDT,29975.01,1.0004,29974.26,2.351,29975.76,1.454,0.0,196.26
2024-01-01 00:01:08.000,BTCUSDT,BINANCE_USDT,29974.76,0.5810,29973.26,3.177,29974.76,1.214,0.0,132.15
2024-01-01 00:01:08.500,BTCUSDT,BINANCE_USDT,29973.55,0.6066,29973.55,3.480,29975.04,3.035,0.0,154.69
2024-01-01 00:01:09.000,BTCUSDT,BINANCE_USDT,29976.44,1.8581,29975.69,2.903,29977.19,4.422,0.0,167.49
2024-01-01 00:01:09.500,BTCUSDT,BINANCE_USDT,29976.87,1.0484,29976.87,2.985,29978.37,1.753,0.0,185.60
2024-01-01 00:01:10.000,BTCUSDT,BINANCE_USDT,29978.48,1.4277,29977.73,4.244,29979.23,2.678,0.0,170.86
2024-01-01 00:01:10.500,BTCUSDT,BINANCE_USDT,29976.46,0.5631,29976.46,4.125,29977.96,4.474,0.0,192.63
2024-01-01 00:01:11.000,BTCUSDT,BINANCE_USDT,29977.26,0.7070,29975.76,2.000,29977.26,4.969,0.0,182.44
2024-01-01 00:01:11.500,BTCUSDT,BINANCE_USDT,29976.18,0.0019,29974.68,4.314,29976.18,1.955,0.0,176.10
2024-01-01 00:01:12.000,BTCUSDT,BINANCE_USDT,29976.14,0.8035,29974.64,1.175,29976.14,3.897,0.0,148.75
2024-01-01 00:01:12.500,BTCUSDT,BINANCE_USDT,29976.16,0.2700,29976.16,4.403,29977.66,2.502,0.0,157.32
2024-01-01 00:01:13.000,BTCUSDT,BINANCE_USDT,29975.30,0.0531,29975.30,1.204,29976.80,2.888,0.0,131.15
2024-01-01 00:01:13.500,BTCUSDT,BINANCE_USDT,29975.05,1.7228,29974.30,2.165,29975.80,1.600,0.0,122.54
2024-01-01 00:01:14.000,BTCUSDT,BINANCE_USDT,29973.04,0.9620,29972.29,2.223,29973.79,1.675,0.0,144.28
2024-01-01 00:01:14.500,BTCUSDT,BINANCE_USDT,29969.45,1.3462,29969.45,0.857,29970.95,0.622,0.0,162.56
2024-01-01 00:01:15.000,BTCUSDT,BINANCE_USDT,29971.52,1.3544,29970.77,1.617,29972.27,1.410,0.0,161.97
2024-01-01 00:01:15.500,BTCUSDT,BINANCE_USDT,29971.14,1.7852,29971.14,3.113,29972.63,0.560,0.0,180.02
2024-01-01 00:01:16.000,BTCUSDT,BINANCE_USDT,29974.10,1.2762,29972.60,3.653,29974.10,4.317,0.0,153.29
2024-01-01 00:01:16.500,BTCUSDT,BINANCE_USDT,29974.18,0.8228,29973.43,4.186,29974.93,4.786,0.0,169.37
2024-01-01 00:01:17.000,BTCUSDT,BINANCE_USDT,29975.08,1.3501,29973.58,1.578,29975.08,1.374,0.0,177.06
2024-01-01 00:01:17.500,BTCUSDT,BINANCE_USDT,29972.66,1.2406,29971.17,4.020,29972.66,3.163,0.0,183.31
2024-01-01 00:01:18.000,BTCUSDT,BINANCE_USDT,29970.81,1.2810,29970.81,3.000,29972.31,4.636,0.0,179.67
2024-01-01 00:01:18.500,BTCUSDT,BINANCE_USDT,29972.28,1.8035,29971.53,1.937,29973.03,2.644,0.0,196.07
2024-01-01 00:01:19.000,BTCUSDT,BINANCE_USDT,29972.71,0.3489,29971.21,4.806,29972.71,2.419,0.0,105.66
2024-01-01 00:01:19.500,BTCUSDT,BINANCE_USDT,29971.68,1.7223,29970.19,2.546,29971.68,0.830,0.0,109.48
2024-01-01 00:01:20.000,BTCUSDT,BINANCE_USDT,29972.28,1.8963,29971.53,4.072,29973.03,2.794,0.0,121.68
2024-01-01 00:01:20.500,BTCUSDT,BINANCE_USDT,29971.50,0.1856,29970.75,4.630,29972.25,3.857,0.0,150.63
2024-01-01 00:01:21.000,BTCUSDT,BINANCE_USDT,29970.53,0.6708,29969.78,4.515,29971.28,3.959,0.0,115.66
2024-01-01 00:01:21.500,BTCUSDT,BINANCE_USDT,29970.39,0.0442,29969.64,1.600,29971.14,3.662,0.0,152.28
2024-01-01 00:01:22.000,BTCUSDT,BINANCE_USDT,29970.25,0.7050,29969.50,1.693,29971.00,3.406,0.0,157.94
2024-01-01 00:01:22.500,BTCUSDT,BINANCE_USDT,29968.07,0.2146,29968.07,2.120,29969.57,2.734,0.0,178.04
2024-01-01 00:01:23.000,BTCUSDT,BINANCE_USDT,29969.40,0.9425,29967.90,2.405,29969.40,4.437,0.0,114.57
2024-01-01 00:01:23.500,BTCUSDT,BINANCE_USDT,29967.43,0.6290,29967.43,0.560,29968.93,2.068,0.0,193.78
2024-01-01 00:01:24.000,BTCUSDT,BINANCE_USDT,29967.68,0.8786,29966.19,2.579,29967.68,3.689,0.0,156.10
2024-01-01 00:01:24.500,BTCUSDT,BINANCE_USDT,29966.79,1.0186,29966.04,1.628,29967.54,3.136,0.0,165.81
2024-01-01 00:01:25.000,BTCUSDT,BINANCE_USDT,29966.72,0.5457,29965.98,3.284,29967.47,4.144,0.0,112.87
2024-01-01 00:01:25.500,BTCUSDT,BINANCE_USDT,29966.32,0.1523,29965.57,1.812,29967.07,2.991,0.0,139.06
2024-01-01 00:01:26.000,BTCUSDT,BINANCE_USDT,29967.15,0.8638,29966.40,2.580,29967.89,3.090,0.0,144.22
2024-01-01 00:01:26.500,BTCUSDT,BINANCE_USDT,29966.62,1.9400,29966.62,3.920,29968.11,2.317,0.0,146.17
2024-01-01 00:01:27.000,BTCUSDT,BINANCE_USDT,29967.45,0.0429,29966.70,3.377,29968.20,2.368,0.0,127.86
2024-01-01 00:01:27.500,BTCUSDT,BINANCE_USDT,29967.17,1.7100,29965.67,1.782,29967.17,4.542,0.0,104.71
2024-01-01 00:01:28.000,BTCUSDT,BINANCE_USDT,29966.30,0.7645,29966.30,1.544,29967.80,0.816,0.0,170.02
2024-01-01 00:01:28.500,BTCUSDT,BINANCE_USDT,29966.99,0.8546,29966.24,3.128,29967.74,2.032,0.0,107.13
2024-01-01 00:01:29.000,BTCUSDT,BINANCE_USDT,29966.83,0.3935,29966.83,3.351,29968.33,3.578,0.0,185.81
2024-01-01 00:01:29.500,BTCUSDT,BINANCE_USDT,29966.40,0.2423,29965.65,1.829,29967.15,4.497,0.0,105.07
2024-01-01 00:01:30.000,BTCUSDT,BINANCE_USDT,29965.81,1.6031,29965.07,3.212,29966.56,2.335,0.0,123.13
2024-01-01 00:01:30.500,BTCUSDT,BINANCE_USDT,29965.63,1.2798,29964.88,3.351,29966.38,2.857,0.0,198.79
2024-01-01 00:01:31.000,BTCUSDT,BINANCE_USDT,29964.26,0.0322,29964.26,3.285,29965.76,2.149,0.0,174.99
2024-01-01 00:01:31.500,BTCUSDT,BINANCE_USDT,29963.09,0.8879,29963.09,2.747,29964.59,0.669,0.0,160.86
2024-01-01 00:01:32.000,BTCUSDT,BINANCE_USDT,29962.69,1.2602,29961.94,2.888,29963.44,1.682,0.0,163.44
2024-01-01 00:01:32.500,BTCUSDT,BINANCE_USDT,29964.76,1.0465,29964.01,1.227,29965.51,3.082,0.0,120.42
2024-01-01 00:01:33.000,BTCUSDT,BINANCE_USDT,29964.54,1.5538,29964.54,1.850,29966.03,4.647,0.0,144.79
2024-01-01 00:01:33.500,BTCUSDT,BINANCE_USDT,29963.17,0.8676,29963.17,0.862,29964.67,4.748,0.0,194.19
2024-01-01 00:01:34.000,BTCUSDT,BINANCE_USDT,29965.10,1.8365,29963.60,4.271,29965.10,0.700,0.0,128.56
2024-01-01 00:01:34.500,BTCUSDT,BINANCE_USDT,29962.89,0.8909,29962.14,2.584,29963.64,4.253,0.0,179.99
2024-01-01 00:01:35.000,BTCUSDT,BINANCE_USDT,29964.65,0.7637,29964.65,2.521,29966.15,0.963,0.0,178.42
2024-01-01 00:01:35.500,BTCUSDT,BINANCE_USDT,29965.28,1.6707,29963.78,3.907,29965.28,2.345,0.0,169.15
2024-01-01 00:01:36.000,BTCUSDT,BINANCE_USDT,29964.89,0.0737,29964.14,4.582,29965.64,4.571,0.0,104.16
2024-01-01 00:01:36.500,BTCUSDT,BINANCE_USDT,29964.28,0.4679,29962.79,1.400,29964.28,0.758,0.0,149.88
2024-01-01 00:01:37.000,BTCUSDT,BINANCE_USDT,29960.53,1.7896,29960.53,0.672,29962.02,3.399,0.0,115.09
2024-01-01 00:01:37.500,BTCUSDT,BINANCE_USDT,29964.11,1.1950,29962.61,4.829,29964.11,2.725,0.0,111.65
2024-01-01 00:01:38.000,BTCUSDT,BINANCE_USDT,29962.94,0.5487,29962.94,2.697,29964.44,3.727,0.0,151.29
2024-01-01 00:01:38.500,BTCUSDT,BINANCE_USDT,29964.73,0.8883,29963.98,2.048,29965.48,3.334,0.0,129.49
2024-01-01 00:01:39.000,BTCUSDT,BINANCE_USDT,29965.71,0.5875,29964.21,3.552,29965.71,1.803,0.0,109.92
2024-01-01 00:01:39.500,BTCUSDT,BINANCE_USDT,29963.67,0.6861,29963.67,3.542,29965.17,1.210,0.0,144.09
2024-01-01 00:01:40.000,BTCUSDT,BINANCE_USDT,29963.03,1.3249,29963.03,0.649,29964.53,4.990,0.0,102.96
2024-01-01 00:01:40.500,BTCUSDT,BINANCE_USDT,29964.67,1.2429,29964.67,3.420,29966.17,1.691,0.0,107.11
2024-01-01 00:01:41.000,BTCUSDT,BINANCE_USDT,29964.20,0.6220,29964.20,2.812,29965.69,3.999,0.0,134.89
2024-01-01 00:01:41.500,BTCUSDT,BINANCE_USDT,29965.75,1.4449,29964.25,4.099,29965.75,4.864,0.0,131.44
2024-01-01 00:01:42.000,BTCUSDT,BINANCE_USDT,29965.88,1.0755,29964.39,4.008,29965.88,0.566,0.0,182.36
2024-01-01 00:01:42.500,BTCUSDT,BINANCE_USDT,29964.47,0.5404,29964.47,4.368,29965.97,1.323,0.0,162.10
2024-01-01 00:01:43.000,BTCUSDT,BINANCE_USDT,29965.66,0.0214,29964.16,4.830,29965.66,1.693,0.0,111.89
2024-01-01 00:01:43.500,BTCUSDT,BINANCE_USDT,29965.28,1.2256,29963.78,0.521,29965.28,1.696,0.0,174.55
2024-01-01 00:01:44.000,BTCUSDT,BINANCE_USDT,29963.44,1.5602,29963.44,2.280,29964.94,2.390,0.0,149.23
2024-01-01 00:01:44.500,BTCUSDT,BINANCE_USDT,29964.35,1.2172,29963.60,4.338,29965.10,4.763,0.0,199.19
2024-01-01 00:01:45.000,BTCUSDT,BINANCE_USDT,29965.29,0.9157,29963.79,1.641,29965.29,4.582,0.0,138.98
2024-01-01 00:01:45.500,BTCUSDT,BINANCE_USDT,29965.35,0.7508,29963.85,0.685,29965.35,1.167,0.0,179.74
2024-01-01 00:01:46.000,BTCUSDT,BINANCE_USDT,29962.42,0.4982,29962.42,3.328,29963.92,1.484,0.0,115.71
2024-01-01 00:01:46.500,BTCUSDT,BINANCE_USDT,29961.88,1.1797,29961.88,1.813,29963.37,2.744,0.0,183.36
2024-01-01 00:01:47.000,BTCUSDT,BINANCE_USDT,29961.82,1.9752,29961.07,0.693,29962.57,2.531,0.0,159.98
2024-01-01 00:01:47.500,BTCUSDT,BINANCE_USDT,29963.37,0.9912,29963.37,1.195,29964.87,1.214,0.0,157.85
2024-01-01 00:01:48.000,BTCUSDT,BINANCE_USDT,29962.32,0.7508,29962.32,3.696,29963.82,4.233,0.0,108.24
2024-01-01 00:01:48.500,BTCUSDT,BINANCE_USDT,29963.00,0.7006,29963.00,4.214,29964.50,1.283,0.0,199.72
2024-01-01 00:01:49.000,BTCUSDT,BINANCE_USDT,29964.20,1.1191,29963.45,2.010,29964.95,1.760,0.0,198.58
2024-01-01 00:01:49.500,BTCUSDT,BINANCE_USDT,29965.23,1.0683,29963.73,4.357,29965.23,2.182,0.0,160.90
2024-01-01 00:01:50.000,BTCUSDT,BINANCE_USDT,29964.41,1.2432,29962.91,3.399,29964.41,2.971,0.0,198.09
2024-01-01 00:01:50.500,BTCUSDT,BINANCE_USDT,29963.78,1.8342,29962.29,3.140,29963.78,0.529,0.0,149.12
2024-01-01 00:01:51.000,BTCUSDT,BINANCE_USDT,29961.65,1.4949,29961.65,2.623,29963.15,3.020,0.0,168.13
2024-01-01 00:01:51.500,BTCUSDT,BINANCE_USDT,29962.46,1.1611,29962.46,2.111,29963.96,3.005,0.0,180.85
2024-01-01 00:01:52.000,BTCUSDT,BINANCE_USDT,29963.41,0.5012,29963.41,0.702,29964.91,4.830,0.0,130.49
2024-01-01 00:01:52.500,BTCUSDT,BINANCE_USDT,29964.17,1.4783,29963.42,2.417,29964.92,2.912,0.0,157.63
2024-01-01 00:01:53.000,BTCUSDT,BINANCE_USDT,29964.35,1.2931,29962.85,3.878,29964.35,3.318,0.0,167.67
2024-01-01 00:01:53.500,BTCUSDT,BINANCE_USDT,29964.12,0.9200,29963.37,2.332,29964.87,3.555,0.0,193.10
2024-01-01 00:01:54.000,BTCUSDT,BINANCE_USDT,29963.31,0.3824,29963.31,0.554,29964.81,0.643,0.0,127.25
2024-01-01 00:01:54.500,BTCUSDT,BINANCE_USDT,29964.63,0.4958,29963.88,2.209,29965.38,1.932,0.0,161.17
2024-01-01 00:01:55.000,BTCUSDT,BINANCE_USDT,29964.63,0.3012,29963.13,4.322,29964.63,4.959,0.0,198.15
2024-01-01 00:01:55.500,BTCUSDT,BINANCE_USDT,29963.75,1.2017,29962.25,1.518,29963.75,4.953,0.0,191.38
2024-01-01 00:01:56.000,BTCUSDT,BINANCE_USDT,29960.39,0.3991,29959.64,2.690,29961.13,3.703,0.0,150.44
2024-01-01 00:01:56.500,BTCUSDT,BINANCE_USDT,29960.98,1.2229,29959.48,4.811,29960.98,2.560,0.0,155.85
2024-01-01 00:01:57.000,BTCUSDT,BINANCE_USDT,29958.83,0.2955,29958.83,3.896,29960.33,3.433,0.0,169.23
2024-01-01 00:01:57.500,BTCUSDT,BINANCE_USDT,29956.88,1.2323,29956.88,3.484,29958.38,4.896,0.0,160.40
2024-01-01 00:01:58.000,BTCUSDT,BINANCE_USDT,29955.37,1.4226,29955.37,2.055,29956.87,1.899,0.0,118.36
2024-01-01 00:01:58.500,BTCUSDT,BINANCE_USDT,29958.40,0.3688,29956.90,4.308,29958.40,0.744,0.0,109.49
2024-01-01 00:01:59.000,BTCUSDT,BINANCE_USDT,29958.41,1.3873,29958.41,3.333,29959.91,0.512,0.0,113.08
2024-01-01 00:01:59.500,BTCUSDT,BINANCE_USDT,29960.73,1.2409,29959.23,4.800,29960.73,0.564,0.0,100.70
2024-01-01 00:02:00.000,BTCUSDT,BINANCE_USDT,29960.03,1.8136,29959.28,3.242,29960.78,1.002,0.0,113.82
2024-01-01 00:02:00.500,BTCUSDT,BINANCE_USDT,29963.90,1.7218,29962.41,2.864,29963.90,2.504,0.0,125.70
2024-01-01 00:02:01.000,BTCUSDT,BINANCE_USDT,29966.73,0.2433,29965.98,4.588,29967.48,4.047,0.0,111.67
2024-01-01 00:02:01.500,BTCUSDT,BINANCE_USDT,29967.76,1.6347,29967.76,2.529,29969.26,4.285,0.0,185.62
2024-01-01 00:02:02.000,BTCUSDT,BINANCE_USDT,29967.92,1.0963,29967.92,2.377,29969.42,0.548,0.0,168.82
2024-01-01 00:02:02.500,BTCUSDT,BINANCE_USDT,29967.01,0.4224,29965.51,4.636,29967.01,2.216,0.0,146.24
2024-01-01 00:02:03.000,BTCUSDT,BINANCE_USDT,29965.48,1.3413,29964.74,3.523,29966.23,3.041,0.0,143.02
2024-01-01 00:02:03.500,BTCUSDT,BINANCE_USDT,29963.48,0.4177,29963.48,2.744,29964.98,3.370,0.0,105.36
2024-01-01 00:02:04.000,BTCUSDT,BINANCE_USDT,29965.49,1.3271,29965.49,1.077,29966.98,2.508,0.0,118.46
2024-01-01 00:02:04.500,BTCUSDT,BINANCE_USDT,29966.39,0.0325,29966.39,4.025,29967.89,3.429,0.0,181.82
2024-01-01 00:02:05.000,BTCUSDT,BINANCE_USDT,29966.63,0.4533,29965.89,2.192,29967.38,4.934,0.0,158.76
2024-01-01 00:02:05.500,BTCUSDT,BINANCE_USDT,29968.24,0.1802,29966.74,1.812,29968.24,1.520,0.0,128.40
2024-01-01 00:02:06.000,BTCUSDT,BINANCE_USDT,29968.14,1.8544,29968.14,4.655,29969.64,1.635,0.0,164.32
2024-01-01 00:02:06.500,BTCUSDT,BINANCE_USDT,29968.02,1.6056,29968.02,1.561,29969.52,3.468,0.0,179.48
2024-01-01 00:02:07.000,BTCUSDT,BINANCE_USDT,29967.34,1.4116,29967.34,1.116,29968.84,3.532,0.0,152.19
2024-01-01 00:02:07.500,BTCUSDT,BINANCE_USDT,29968.14,0.1200,29968.14,1.862,29969.64,0.972,0.0,173.36
2024-01-01 00:02:08.000,BTCUSDT,BINANCE_USDT,29971.21,1.2401,29969.72,2.163,29971.21,2.420,0.0,111.07
2024-01-01 00:02:08.500,BTCUSDT,BINANCE_USDT,29970.05,0.8841,29969.30,3.746,29970.79,4.296,0.0,118.94
2024-01-01 00:02:09.000,BTCUSDT,BINANCE_USDT,29971.11,0.3316,29970.36,1.479,29971.86,3.728,0.0,189.84
2024-01-01 00:02:09.500,BTCUSDT,BINANCE_USDT,29969.21,1.9760,29967.71,2.501,29969.21,1.998,0.0,166.24
2024-01-01 00:02:10.000,BTCUSDT,BINANCE_USDT,29967.09,0.3898,29967.09,1.056,29968.59,3.857,0.0,147.61
2024-01-01 00:02:10.500,BTCUSDT,BINANCE_USDT,29967.30,1.0252,29966.55,3.316,29968.05,1.093,0.0,124.54
2024-01-01 00:02:11.000,BTCUSDT,BINANCE_USDT,29966.13,0.2059,29965.38,0.777,29966.88,3.230,0.0,183.95
2024-01-01 00:02:11.500,BTCUSDT,BINANCE_USDT,29968.70,0.1528,29967.20,1.821,29968.70,2.212,0.0,197.76
2024-01-01 00:02:12.000,BTCUSDT,BINANCE_USDT,29966.52,1.7035,29966.52,4.389,29968.02,4.551,0.0,171.70
2024-01-01 00:02:12.500,BTCUSDT,BINANCE_USDT,29967.71,0.9245,29966.96,4.330,29968.46,1.293,0.0,148.31
2024-01-01 00:02:13.000,BTCUSDT,BINANCE_USDT,29964.78,0.8112,29964.03,3.325,29965.53,0.809,0.0,145.30
2024-01-01 00:02:13.500,BTCUSDT,BINANCE_USDT,29966.69,1.2396,29965.19,3.634,29966.69,1.694,0.0,171.93
2024-01-01 00:02:14.000,BTCUSDT,BINANCE_USDT,29965.50,0.8384,29964.75,4.345,29966.25,0.710,0.0,179.85
2024-01-01 00:02:14.500,BTCUSDT,BINANCE_USDT,29964.38,1.0739,29962.88,3.698,29964.38,4.702,0.0,155.90
2024-01-01 00:02:15.000,BTCUSDT,BINANCE_USDT,29963.55,0.4326,29962.80,4.794,29964.30,2.247,0.0,191.93
2024-01-01 00:02:15.500,BTCUSDT,BINANCE_USDT,29963.59,1.0868,29962.84,3.103,29964.34,0.590,0.0,174.78
2024-01-01 00:02:16.000,BTCUSDT,BINANCE_USDT,29964.90,0.2659,29963.40,2.628,29964.90,0.728,0.0,111.10
2024-01-01 00:02:16.500,BTCUSDT,BINANCE_USDT,29965.68,0.4241,29964.93,3.557,29966.43,3.087,0.0,175.22
2024-01-01 00:02:17.000,BTCUSDT,BINANCE_USDT,29966.63,0.0711,29965.13,2.674,29966.63,0.554,0.0,186.84
2024-01-01 00:02:17.500,BTCUSDT,BINANCE_USDT,29965.99,1.9898,29965.99,1.356,29967.49,1.477,0.0,126.79
2024-01-01 00:02:18.000,BTCUSDT,BINANCE_USDT,29963.96,1.2230,29963.96,0.862,29965.46,2.703,0.0,198.86
2024-01-01 00:02:18.500,BTCUSDT,BINANCE_USDT,29963.83,1.6091,29963.08,3.865,29964.58,2.939,0.0,198.06
2024-01-01 00:02:19.000,BTCUSDT,BINANCE_USDT,29963.54,0.0836,29962.04,3.225,29963.54,4.462,0.0,167.50
2024-01-01 00:02:19.500,BTCUSDT,BINANCE_USDT,29961.05,1.3206,29960.30,1.255,29961.80,4.577,0.0,186.46
2024-01-01 00:02:20.000,BTCUSDT,BINANCE_USDT,29960.26,0.8516,29960.26,1.005,29961.76,2.604,0.0,199.27
2024-01-01 00:02:20.500,BTCUSDT,BINANCE_USDT,29961.72,1.4414,29960.22,2.850,29961.72,2.087,0.0,137.19
2024-01-01 00:02:21.000,BTCUSDT,BINANCE_USDT,29961.53,1.6309,29960.04,1.149,29961.53,2.535,0.0,148.82
2024-01-01 00:02:21.500,BTCUSDT,BINANCE_USDT,29960.63,0.5861,29959.13,3.974,29960.63,3.992,0.0,141.22
2024-01-01 00:02:22.000,BTCUSDT,BINANCE_USDT,29962.21,1.1944,29960.72,2.930,29962.21,1.363,0.0,191.56
2024-01-01 00:02:22.500,BTCUSDT,BINANCE_USDT,29961.53,1.4353,29960.78,1.100,29962.28,3.617,0.0,197.69
2024-01-01 00:02:23.000,BTCUSDT,BINANCE_USDT,29961.57,1.2028,29960.07,4.400,29961.57,3.510,0.0,147.94
2024-01-01 00:02:23.500,BTCUSDT,BINANCE_USDT,29963.57,0.8850,29962.08,1.281,29963.57,0.568,0.0,116.42
2024-01-01 00:02:24.000,BTCUSDT,BINANCE_USDT,29961.99,0.4734,29960.49,0.862,29961.99,1.149,0.0,167.50
2024-01-01 00:02:24.500,BTCUSDT,BINANCE_USDT,29960.60,0.9499,29960.60,0.677,29962.10,2.630,0.0,188.04
2024-01-01 00:02:25.000,BTCUSDT,BINANCE_USDT,29962.82,0.5786,29962.07,1.846,29963.57,3.682,0.0,128.97
2024-01-01 00:02:25.500,BTCUSDT,BINANCE_USDT,29962.25,1.2073,29961.50,4.645,29963.00,0.838,0.0,118.40
2024-01-01 00:02:26.000,BTCUSDT,BINANCE_USDT,29960.79,1.6971,29960.79,4.242,29962.29,3.024,0.0,136.24
2024-01-01 00:02:26.500,BTCUSDT,BINANCE_USDT,29962.23,0.9306,29961.48,1.674,29962.98,1.233,0.0,186.38
2024-01-01 00:02:27.000,BTCUSDT,BINANCE_USDT,29963.27,1.2266,29961.77,3.691,29963.27,3.294,0.0,188.64
2024-01-01 00:02:27.500,BTCUSDT,BINANCE_USDT,29965.37,1.6051,29964.62,2.526,29966.12,3.933,0.0,159.96
2024-01-01 00:02:28.000,BTCUSDT,BINANCE_USDT,29967.21,1.2239,29965.71,2.184,29967.21,4.169,0.0,117.18
2024-01-01 00:02:28.500,BTCUSDT,BINANCE_USDT,29966.12,0.6636,29964.62,4.066,29966.12,3.564,0.0,153.46
2024-01-01 00:02:29.000,BTCUSDT,BINANCE_USDT,29964.97,0.3280,29963.47,2.272,29964.97,1.630,0.0,168.30
2024-01-01 00:02:29.500,BTCUSDT,BINANCE_USDT,29962.54,0.7493,29961.79,3.215,29963.29,1.793,0.0,130.65
2024-01-01 00:02:30.000,BTCUSDT,BINANCE_USDT,29962.24,1.3284,29961.49,1.493,29962.99,2.545,0.0,189.50
2024-01-01 00:02:30.500,BTCUSDT,BINANCE_USDT,29960.17,0.2094,29960.17,3.481,29961.67,2.405,0.0,139.01
2024-01-01 00:02:31.000,BTCUSDT,BINANCE_USDT,29959.79,1.6759,29959.79,1.285,29961.29,3.393,0.0,149.08
2024-01-01 00:02:31.500,BTCUSDT,BINANCE_USDT,29960.08,1.9619,29958.59,2.769,29960.08,0.804,0.0,114.20
2024-01-01 00:02:32.000,BTCUSDT,BINANCE_USDT,29960.58,1.4585,29959.08,4.562,29960.58,1.546,0.0,134.58
2024-01-01 00:02:32.500,BTCUSDT,BINANCE_USDT,29959.42,0.2100,29958.67,0.853,29960.17,2.619,0.0,176.13
2024-01-01 00:02:33.000,BTCUSDT,BINANCE_USDT,29959.17,0.4313,29957.67,2.917,29959.17,3.306,0.0,149.08
2024-01-01 00:02:33.500,BTCUSDT,BINANCE_USDT,29958.03,1.8334,29957.28,2.950,29958.78,1.366,0.0,144.99
2024-01-01 00:02:34.000,BTCUSDT,BINANCE_USDT,29957.11,0.0672,29957.11,3.580,29958.60,4.086,0.0,143.13
2024-01-01 00:02:34.500,BTCUSDT,BINANCE_USDT,29957.12,1.0244,29957.12,0.601,29958.62,1.690,0.0,173.75
2024-01-01 00:02:35.000,BTCUSDT,BINANCE_USDT,29960.33,0.9737,29958.83,4.715,29960.33,4.445,0.0,185.80
2024-01-01 00:02:35.500,BTCUSDT,BINANCE_USDT,29959.09,0.9587,29959.09,3.598,29960.59,3.804,0.0,133.62
2024-01-01 00:02:36.000,BTCUSDT,BINANCE_USDT,29960.56,0.9563,29959.07,1.180,29960.56,2.426,0.0,163.60
2024-01-01 00:02:36.500,BTCUSDT,BINANCE_USDT,29959.82,1.8805,29958.32,1.431,29959.82,1.261,0.0,127.67
2024-01-01 00:02:37.000,BTCUSDT,BINANCE_USDT,29957.87,0.6761,29957.87,1.349,29959.37,4.818,0.0,122.18
2024-01-01 00:02:37.500,BTCUSDT,BINANCE_USDT,29958.78,0.3327,29957.28,2.508,29958.78,2.360,0.0,194.19
2024-01-01 00:02:38.000,BTCUSDT,BINANCE_USDT,29955.68,0.5829,29954.93,0.760,29956.43,4.264,0.0,160.87
2024-01-01 00:02:38.500,BTCUSDT,BINANCE_USDT,29953.98,0.3446,29952.49,3.917,29953.98,0.775,0.0,116.95
2024-01-01 00:02:39.000,BTCUSDT,BINANCE_USDT,29954.01,0.8531,29952.51,3.933,29954.01,4.259,0.0,131.97
2024-01-01 00:02:39.500,BTCUSDT,BINANCE_USDT,29952.29,1.1459,29951.54,2.946,29953.04,1.023,0.0,155.73
2024-01-01 00:02:40.000,BTCUSDT,BINANCE_USDT,29949.65,1.1188,29948.90,2.216,29950.40,2.751,0.0,173.44
2024-01-01 00:02:40.500,BTCUSDT,BINANCE_USDT,29950.52,1.3753,29949.77,3.221,29951.26,4.900,0.0,190.62
2024-01-01 00:02:41.000,BTCUSDT,BINANCE_USDT,29952.92,1.7721,29951.42,1.619,29952.92,4.057,0.0,198.13
2024-01-01 00:02:41.500,BTCUSDT,BINANCE_USDT,29952.93,1.4117,29952.19,3.632,29953.68,1.166,0.0,198.91
2024-01-01 00:02:42.000,BTCUSDT,BINANCE_USDT,29954.16,1.2519,29953.42,2.943,29954.91,2.603,0.0,185.51
2024-01-01 00:02:42.500,BTCUSDT,BINANCE_USDT,29953.86,0.9335,29953.11,3.510,29954.61,3.926,0.0,131.07
2024-01-01 00:02:43.000,BTCUSDT,BINANCE_USDT,29951.89,0.7969,29951.89,2.084,29953.39,4.059,0.0,196.26
2024-01-01 00:02:43.500,BTCUSDT,BINANCE_USDT,29950.97,0.7096,29950.97,3.982,29952.47,3.229,0.0,180.09
2024-01-01 00:02:44.000,BTCUSDT,BINANCE_USDT,29954.12,1.9586,29953.37,4.151,29954.87,2.016,0.0,191.02
2024-01-01 00:02:44.500,BTCUSDT,BINANCE_USDT,29953.30,0.9330,29952.55,4.410,29954.05,4.528,0.0,100.11
2024-01-01 00:02:45.000,BTCUSDT,BINANCE_USDT,29954.71,0.9992,29953.96,4.265,29955.46,1.557,0.0,172.03
2024-01-01 00:02:45.500,BTCUSDT,BINANCE_USDT,29956.18,0.6244,29955.43,2.987,29956.93,0.867,0.0,108.26
2024-01-01 00:02:46.000,BTCUSDT,BINANCE_USDT,29955.84,0.9722,29955.09,0.722,29956.59,3.224,0.0,175.96
2024-01-01 00:02:46.500,BTCUSDT,BINANCE_USDT,29957.09,0.7252,29957.09,4.684,29958.59,3.480,0.0,169.94
2024-01-01 00:02:47.000,BTCUSDT,BINANCE_USDT,29958.09,1.7542,29956.59,4.316,29958.09,2.113,0.0,132.43
2024-01-01 00:02:47.500,BTCUSDT,BINANCE_USDT,29956.09,1.1792,29955.35,1.124,29956.84,0.654,0.0,165.59
2024-01-01 00:02:48.000,BTCUSDT,BINANCE_USDT,29954.76,1.1917,29954.76,1.772,29956.26,3.778,0.0,116.43
2024-01-01 00:02:48.500,BTCUSDT,BINANCE_USDT,29954.87,1.8091,29954.12,3.189,29955.62,0.946,0.0,168.95
2024-01-01 00:02:49.000,BTCUSDT,BINANCE_USDT,29954.85,0.7946,29954.85,2.840,29956.34,2.222,0.0,164.45
2024-01-01 00:02:49.500,BTCUSDT,BINANCE_USDT,29956.86,0.4656,29955.36,1.767,29956.86,3.116,0.0,198.05
2024-01-01 00:02:50.000,BTCUSDT,BINANCE_USDT,29955.45,0.9972,29955.45,0.657,29956.95,2.884,0.0,111.64
2024-01-01 00:02:50.500,BTCUSDT,BINANCE_USDT,29954.53,1.4182,29954.53,2.780,29956.02,0.693,0.0,100.72
2024-01-01 00:02:51.000,BTCUSDT,BINANCE_USDT,29957.09,0.8410,29955.59,2.912,29957.09,1.027,0.0,108.54
2024-01-01 00:02:51.500,BTCUSDT,BINANCE_USDT,29955.87,1.0786,29955.87,1.074,29957.37,4.802,0.0,163.07
2024-01-01 00:02:52.000,BTCUSDT,BINANCE_USDT,29955.27,0.2359,29955.27,4.244,29956.77,3.853,0.0,162.97
2024-01-01 00:02:52.500,BTCUSDT,BINANCE_USDT,29957.23,1.8518,29956.48,0.592,29957.98,2.839,0.0,140.65
2024-01-01 00:02:53.000,BTCUSDT,BINANCE_USDT,29956.65,0.9810,29955.90,2.532,29957.40,4.798,0.0,131.56
2024-01-01 00:02:53.500,BTCUSDT,BINANCE_USDT,29956.72,1.4404,29955.22,0.936,29956.72,4.631,0.0,145.37
2024-01-01 00:02:54.000,BTCUSDT,BINANCE_USDT,29955.07,1.2844,29953.57,2.358,29955.07,1.744,0.0,148.83
2024-01-01 00:02:54.500,BTCUSDT,BINANCE_USDT,29954.53,1.7317,29954.53,0.746,29956.03,2.555,0.0,153.65
2024-01-01 00:02:55.000,BTCUSDT,BINANCE_USDT,29954.75,1.5232,29954.00,4.136,29955.50,2.528,0.0,174.10
2024-01-01 00:02:55.500,BTCUSDT,BINANCE_USDT,29955.37,0.0322,29953.87,2.153,29955.37,3.251,0.0,135.53
2024-01-01 00:02:56.000,BTCUSDT,BINANCE_USDT,29954.18,0.5417,29952.68,1.276,29954.18,2.840,0.0,154.88
2024-01-01 00:02:56.500,BTCUSDT,BINANCE_USDT,29952.81,0.1686,29951.32,2.464,29952.81,3.851,0.0,155.48
2024-01-01 00:02:57.000,BTCUSDT,BINANCE_USDT,29951.54,0.8512,29950.79,0.545,29952.29,3.233,0.0,145.45
2024-01-01 00:02:57.500,BTCUSDT,BINANCE_USDT,29951.17,0.4422,29950.42,3.729,29951.92,3.149,0.0,190.52
2024-01-01 00:02:58.000,BTCUSDT,BINANCE_USDT,29950.10,0.6089,29949.36,4.393,29950.85,2.390,0.0,111.73
2024-01-01 00:02:58.500,BTCUSDT,BINANCE_USDT,29948.05,1.5643,29948.05,2.263,29949.54,4.504,0.0,117.52
2024-01-01 00:02:59.000,BTCUSDT,BINANCE_USDT,29947.33,1.2958,29945.84,4.139,29947.33,2.509,0.0,163.90
2024-01-01 00:02:59.500,BTCUSDT,BINANCE_USDT,29945.33,1.3867,29944.58,1.716,29946.08,1.628,0.0,167.91
2024-01-01 00:03:00.000,BTCUSDT,BINANCE_USDT,29944.67,0.9960,29944.67,2.614,29946.17,0.806,0.0,139.25
2024-01-01 00:03:00.500,BTCUSDT,BINANCE_USDT,29944.85,1.0775,29943.35,2.330,29944.85,4.823,0.0,142.10
2024-01-01 00:03:01.000,BTCUSDT,BINANCE_USDT,29944.96,0.3606,29943.46,4.203,29944.96,0.827,0.0,198.91
2024-01-01 00:03:01.500,BTCUSDT,BINANCE_USDT,29944.83,0.1157,29943.33,3.412,29944.83,1.622,0.0,166.31
2024-01-01 00:03:02.000,BTCUSDT,BINANCE_USDT,29943.73,0.9705,29942.98,0.701,29944.48,0.623,0.0,180.61
2024-01-01 00:03:02.500,BTCUSDT,BINANCE_USDT,29944.57,1.2453,29943.07,4.633,29944.57,3.148,0.0,112.94
2024-01-01 00:03:03.000,BTCUSDT,BINANCE_USDT,29942.87,1.2821,29942.87,4.459,29944.37,2.961,0.0,158.76
2024-01-01 00:03:03.500,BTCUSDT,BINANCE_USDT,29944.80,1.6186,29943.30,2.926,29944.80,2.086,0.0,115.73
2024-01-01 00:03:04.000,BTCUSDT,BINANCE_USDT,29944.05,1.7074,29942.56,1.076,29944.05,0.978,0.0,115.96
2024-01-01 00:03:04.500,BTCUSDT,BINANCE_USDT,29943.10,0.2888,29943.10,4.454,29944.60,0.547,0.0,186.22
2024-01-01 00:03:05.000,BTCUSDT,BINANCE_USDT,29944.07,1.4309,29944.07,4.541,29945.57,4.021,0.0,102.08
2024-01-01 00:03:05.500,BTCUSDT,BINANCE_USDT,29941.90,1.0837,29941.90,4.685,29943.40,2.715,0.0,113.59
2024-01-01 00:03:06.000,BTCUSDT,BINANCE_USDT,29942.83,0.8479,29941.33,3.914,29942.83,3.643,0.0,137.57
2024-01-01 00:03:06.500,BTCUSDT,BINANCE_USDT,29942.02,1.2414,29941.27,1.757,29942.77,1.523,0.0,161.56
2024-01-01 00:03:07.000,BTCUSDT,BINANCE_USDT,29942.25,1.1062,29941.50,1.086,29942.99,2.881,0.0,196.90
2024-01-01 00:03:07.500,BTCUSDT,BINANCE_USDT,29942.26,1.4213,29940.76,4.537,29942.26,2.019,0.0,149.05
2024-01-01 00:03:08.000,BTCUSDT,BINANCE_USDT,29941.51,0.8612,29940.76,2.629,29942.26,0.724,0.0,147.38
2024-01-01 00:03:08.500,BTCUSDT,BINANCE_USDT,29939.91,1.6102,29939.16,0.756,29940.65,1.137,0.0,170.25
2024-01-01 00:03:09.000,BTCUSDT,BINANCE_USDT,29938.15,0.2366,29936.66,3.070,29938.15,4.711,0.0,102.76
2024-01-01 00:03:09.500,BTCUSDT,BINANCE_USDT,29939.87,1.4133,29938.38,4.214,29939.87,2.086,0.0,128.77
2024-01-01 00:03:10.000,BTCUSDT,BINANCE_USDT,29938.83,1.2760,29937.33,3.370,29938.83,3.839,0.0,162.29
2024-01-01 00:03:10.500,BTCUSDT,BINANCE_USDT,29938.17,1.0476,29936.67,4.182,29938.17,1.077,0.0,160.32
2024-01-01 00:03:11.000,BTCUSDT,BINANCE_USDT,29938.09,1.8108,29936.59,1.233,29938.09,3.227,0.0,152.15
2024-01-01 00:03:11.500,BTCUSDT,BINANCE_USDT,29939.92,0.9118,29938.43,4.517,29939.92,0.691,0.0,123.20
2024-01-01 00:03:12.000,BTCUSDT,BINANCE_USDT,29939.18,1.9067,29937.68,4.401,29939.18,4.238,0.0,116.45
2024-01-01 00:03:12.500,BTCUSDT,BINANCE_USDT,29938.21,0.4086,29937.46,3.869,29938.96,3.694,0.0,154.23
2024-01-01 00:03:13.000,BTCUSDT,BINANCE_USDT,29937.17,1.9859,29936.42,4.772,29937.91,3.411,0.0,164.93
2024-01-01 00:03:13.500,BTCUSDT,BINANCE_USDT,29936.50,1.0173,29935.75,3.353,29937.25,2.773,0.0,173.91
2024-01-01 00:03:14.000,BTCUSDT,BINANCE_USDT,29935.48,0.7010,29934.73,4.574,29936.23,4.688,0.0,102.11
2024-01-01 00:03:14.500,BTCUSDT,BINANCE_USDT,29933.71,0.6605,29933.71,2.572,29935.21,0.958,0.0,125.72
2024-01-01 00:03:15.000,BTCUSDT,BINANCE_USDT,29932.98,0.6574,29931.48,1.212,29932.98,1.474,0.0,196.18
2024-01-01 00:03:15.500,BTCUSDT,BINANCE_USDT,29934.07,1.8396,29933.32,0.524,29934.82,3.603,0.0,115.73
2024-01-01 00:03:16.000,BTCUSDT,BINANCE_USDT,29933.20,0.3213,29931.70,3.303,29933.20,2.669,0.0,110.94
2024-01-01 00:03:16.500,BTCUSDT,BINANCE_USDT,29931.76,0.1378,29931.76,1.798,29933.25,1.438,0.0,176.08
2024-01-01 00:03:17.000,BTCUSDT,BINANCE_USDT,29932.63,0.3261,29932.63,2.821,29934.12,2.190,0.0,106.88
2024-01-01 00:03:17.500,BTCUSDT,BINANCE_USDT,29933.57,0.8589,29932.82,4.624,29934.32,0.875,0.0,137.52
2024-01-01 00:03:18.000,BTCUSDT,BINANCE_USDT,29934.05,0.5883,29932.55,1.093,29934.05,1.852,0.0,131.84
2024-01-01 00:03:18.500,BTCUSDT,BINANCE_USDT,29932.60,1.9463,29931.85,2.197,29933.35,3.481,0.0,192.74
2024-01-01 00:03:19.000,BTCUSDT,BINANCE_USDT,29929.47,1.1280,29929.47,4.632,29930.97,3.861,0.0,193.69
2024-01-01 00:03:19.500,BTCUSDT,BINANCE_USDT,29931.21,1.6032,29929.72,2.522,29931.21,2.819,0.0,175.33
2024-01-01 00:03:20.000,BTCUSDT,BINANCE_USDT,29929.31,1.0555,29928.56,4.879,29930.06,1.851,0.0,164.68
2024-01-01 00:03:20.500,BTCUSDT,BINANCE_USDT,29927.90,1.7410,29927.90,3.747,29929.40,4.976,0.0,153.86
2024-01-01 00:03:21.000,BTCUSDT,BINANCE_USDT,29927.40,1.1577,29926.66,3.657,29928.15,4.819,0.0,114.29
2024-01-01 00:03:21.500,BTCUSDT,BINANCE_USDT,29925.29,0.6652,29923.79,4.545,29925.29,0.781,0.0,165.74
2024-01-01 00:03:22.000,BTCUSDT,BINANCE_USDT,29923.23,1.5580,29923.23,1.702,29924.72,3.941,0.0,115.85
2024-01-01 00:03:22.500,BTCUSDT,BINANCE_USDT,29922.24,0.9756,29922.24,0.804,29923.73,0.620,0.0,120.80
2024-01-01 00:03:23.000,BTCUSDT,BINANCE_USDT,29921.84,0.4580,29921.84,1.365,29923.34,4.890,0.0,179.08
2024-01-01 00:03:23.500,BTCUSDT,BINANCE_USDT,29923.98,0.6214,29923.98,4.607,29925.47,4.737,0.0,117.10
2024-01-01 00:03:24.000,BTCUSDT,BINANCE_USDT,29922.99,0.2727,29922.99,1.558,29924.48,1.381,0.0,150.57
2024-01-01 00:03:24.500,BTCUSDT,BINANCE_USDT,29924.50,0.9551,29924.50,2.480,29926.00,3.100,0.0,168.54
2024-01-01 00:03:25.000,BTCUSDT,BINANCE_USDT,29924.27,1.4419,29924.27,4.545,29925.77,1.524,0.0,103.93
2024-01-01 00:03:25.500,BTCUSDT,BINANCE_USDT,29925.23,1.4090,29925.23,2.864,29926.73,2.712,0.0,121.31
2024-01-01 00:03:26.000,BTCUSDT,BINANCE_USDT,29925.77,0.4876,29925.77,1.087,29927.27,2.852,0.0,183.04
2024-01-01 00:03:26.500,BTCUSDT,BINANCE_USDT,29927.45,1.6555,29926.70,3.654,29928.20,2.457,0.0,123.98
2024-01-01 00:03:27.000,BTCUSDT,BINANCE_USDT,29927.06,1.6463,29926.31,4.850,29927.81,4.755,0.0,118.57
2024-01-01 00:03:27.500,BTCUSDT,BINANCE_USDT,29926.28,0.5621,29925.53,1.408,29927.03,4.563,0.0,166.14
2024-01-01 00:03:28.000,BTCUSDT,BINANCE_USDT,29928.07,0.3336,29927.32,3.282,29928.82,0.696,0.0,126.93
2024-01-01 00:03:28.500,BTCUSDT,BINANCE_USDT,29928.63,0.2998,29927.88,2.122,29929.38,4.530,0.0,136.03
2024-01-01 00:03:29.000,BTCUSDT,BINANCE_USDT,29929.10,0.3876,29927.60,1.581,29929.10,2.840,0.0,124.94
2024-01-01 00:03:29.500,BTCUSDT,BINANCE_USDT,29928.43,0.0387,29927.68,3.394,29929.18,4.412,0.0,172.66
2024-01-01 00:03:30.000,BTCUSDT,BINANCE_USDT,29928.84,1.9584,29927.34,3.105,29928.84,2.441,0.0,161.04
2024-01-01 00:03:30.500,BTCUSDT,BINANCE_USDT,29927.09,0.4495,29926.34,0.922,29927.83,4.631,0.0,129.13
2024-01-01 00:03:31.000,BTCUSDT,BINANCE_USDT,29925.72,0.8786,29925.72,3.295,29927.22,2.015,0.0,104.07
2024-01-01 00:03:31.500,BTCUSDT,BINANCE_USDT,29928.34,0.7614,29927.59,3.993,29929.08,4.791,0.0,146.48
2024-01-01 00:03:32.000,BTCUSDT,BINANCE_USDT,29928.94,1.2198,29928.20,4.801,29929.69,4.892,0.0,173.58
2024-01-01 00:03:32.500,BTCUSDT,BINANCE_USDT,29928.09,0.6520,29928.09,1.083,29929.58,3.898,0.0,118.34
2024-01-01 00:03:33.000,BTCUSDT,BINANCE_USDT,29930.76,1.7934,29929.27,3.125,29930.76,4.874,0.0,180.08
2024-01-01 00:03:33.500,BTCUSDT,BINANCE_USDT,29928.97,0.0292,29928.22,2.233,29929.72,1.729,0.0,183.83
2024-01-01 00:03:34.000,BTCUSDT,BINANCE_USDT,29927.81,1.6929,29926.32,4.378,29927.81,4.128,0.0,156.60
2024-01-01 00:03:34.500,BTCUSDT,BINANCE_USDT,29930.24,0.0568,29928.74,4.234,29930.24,3.251,0.0,101.12
2024-01-01 00:03:35.000,BTCUSDT,BINANCE_USDT,29930.99,1.3253,29929.49,2.632,29930.99,2.848,0.0,148.40
2024-01-01 00:03:35.500,BTCUSDT,BINANCE_USDT,29929.19,1.5969,29929.19,1.048,29930.68,4.012,0.0,181.90
2024-01-01 00:03:36.000,BTCUSDT,BINANCE_USDT,29929.30,1.0833,29929.30,2.598,29930.79,4.207,0.0,148.46
2024-01-01 00:03:36.500,BTCUSDT,BINANCE_USDT,29928.76,1.7711,29928.01,3.760,29929.51,3.297,0.0,138.12
2024-01-01 00:03:37.000,BTCUSDT,BINANCE_USDT,29926.86,0.8721,29926.12,2.568,29927.61,3.777,0.0,141.66
2024-01-01 00:03:37.500,BTCUSDT,BINANCE_USDT,29928.18,0.5359,29927.43,3.289,29928.92,4.066,0.0,107.39
2024-01-01 00:03:38.000,BTCUSDT,BINANCE_USDT,29930.50,1.9018,29929.00,3.326,29930.50,3.212,0.0,177.69
2024-01-01 00:03:38.500,BTCUSDT,BINANCE_USDT,29930.47,1.7420,29928.97,4.040,29930.47,3.683,0.0,163.34
2024-01-01 00:03:39.000,BTCUSDT,BINANCE_USDT,29929.75,1.8956,29929.01,3.281,29930.50,3.830,0.0,111.91
2024-01-01 00:03:39.500,BTCUSDT,BINANCE_USDT,29929.05,0.5959,29929.05,1.929,29930.55,3.154,0.0,162.10
2024-01-01 00:03:40.000,BTCUSDT,BINANCE_USDT,29930.98,1.3287,29929.49,3.084,29930.98,1.539,0.0,184.62
2024-01-01 00:03:40.500,BTCUSDT,BINANCE_USDT,29929.08,1.3302,29927.59,3.791,29929.08,3.130,0.0,179.34
2024-01-01 00:03:41.000,BTCUSDT,BINANCE_USDT,29928.67,0.5827,29928.67,2.919,29930.17,2.981,0.0,169.60
2024-01-01 00:03:41.500,BTCUSDT,BINANCE_USDT,29928.25,0.1741,29927.51,2.359,29929.00,3.694,0.0,170.32
2024-01-01 00:03:42.000,BTCUSDT,BINANCE_USDT,29925.73,0.3273,29925.73,2.318,29927.23,3.449,0.0,154.05
2024-01-01 00:03:42.500,BTCUSDT,BINANCE_USDT,29924.77,0.7283,29924.77,1.395,29926.26,1.060,0.0,161.10
2024-01-01 00:03:43.000,BTCUSDT,BINANCE_USDT,29922.10,0.5212,29922.10,1.193,29923.60,0.560,0.0,102.82
2024-01-01 00:03:43.500,BTCUSDT,BINANCE_USDT,29919.88,1.0808,29919.88,2.909,29921.38,2.109,0.0,137.33
2024-01-01 00:03:44.000,BTCUSDT,BINANCE_USDT,29918.81,0.3460,29917.31,1.805,29918.81,3.234,0.0,189.81
2024-01-01 00:03:44.500,BTCUSDT,BINANCE_USDT,29916.50,1.6883,29916.50,0.527,29918.00,3.500,0.0,183.19
2024-01-01 00:03:45.000,BTCUSDT,BINANCE_USDT,29917.33,0.8002,29915.83,1.178,29917.33,2.100,0.0,144.31
2024-01-01 00:03:45.500,BTCUSDT,BINANCE_USDT,29916.63,1.1079,29916.63,4.761,29918.12,0.728,0.0,196.82
2024-01-01 00:03:46.000,BTCUSDT,BINANCE_USDT,29917.36,1.1506,29917.36,3.083,29918.86,4.917,0.0,148.87
2024-01-01 00:03:46.500,BTCUSDT,BINANCE_USDT,29917.84,1.2775,29916.35,1.591,29917.84,2.384,0.0,145.02
2024-01-01 00:03:47.000,BTCUSDT,BINANCE_USDT,29916.27,0.9532,29915.53,3.423,29917.02,2.658,0.0,161.21
2024-01-01 00:03:47.500,BTCUSDT,BINANCE_USDT,29915.06,1.0808,29914.31,0.970,29915.81,0.959,0.0,156.88
2024-01-01 00:03:48.000,BTCUSDT,BINANCE_USDT,29916.82,1.4092,29916.82,4.042,29918.32,4.987,0.0,128.43
2024-01-01 00:03:48.500,BTCUSDT,BINANCE_USDT,29915.05,0.7774,29915.05,3.794,29916.55,2.825,0.0,164.83
2024-01-01 00:03:49.000,BTCUSDT,BINANCE_USDT,29913.69,0.5933,29912.19,4.575,29913.69,3.112,0.0,160.45
2024-01-01 00:03:49.500,BTCUSDT,BINANCE_USDT,29910.88,1.8733,29910.14,1.110,29911.63,4.984,0.0,126.26
2024-01-01 00:03:50.000,BTCUSDT,BINANCE_USDT,29911.07,1.6225,29910.32,2.188,29911.81,1.451,0.0,128.96
2024-01-01 00:03:50.500,BTCUSDT,BINANCE_USDT,29910.91,1.8053,29910.91,2.497,29912.40,1.371,0.0,123.66
2024-01-01 00:03:51.000,BTCUSDT,BINANCE_USDT,29911.57,0.6658,29911.57,2.187,29913.06,4.947,0.0,119.95
2024-01-01 00:03:51.500,BTCUSDT,BINANCE_USDT,29912.46,0.2719,29912.46,4.490,29913.95,0.623,0.0,184.53
2024-01-01 00:03:52.000,BTCUSDT,BINANCE_USDT,29909.96,1.5374,29909.96,3.058,29911.46,3.436,0.0,175.06
2024-01-01 00:03:52.500,BTCUSDT,BINANCE_USDT,29912.22,0.9244,29910.72,2.695,29912.22,2.157,0.0,186.16
2024-01-01 00:03:53.000,BTCUSDT,BINANCE_USDT,29910.66,1.2096,29910.66,0.974,29912.16,1.907,0.0,184.74
2024-01-01 00:03:53.500,BTCUSDT,BINANCE_USDT,29911.40,1.2944,29911.40,4.420,29912.90,3.067,0.0,127.28
2024-01-01 00:03:54.000,BTCUSDT,BINANCE_USDT,29913.90,0.0518,29912.41,1.449,29913.90,4.481,0.0,100.60
2024-01-01 00:03:54.500,BTCUSDT,BINANCE_USDT,29915.52,1.0007,29914.03,0.681,29915.52,1.273,0.0,160.33
2024-01-01 00:03:55.000,BTCUSDT,BINANCE_USDT,29913.37,0.3165,29912.62,1.137,29914.12,0.729,0.0,137.51
2024-01-01 00:03:55.500,BTCUSDT,BINANCE_USDT,29912.33,0.9207,29912.33,4.094,29913.83,3.159,0.0,140.73
2024-01-01 00:03:56.000,BTCUSDT,BINANCE_USDT,29912.84,1.0559,29911.34,2.938,29912.84,0.567,0.0,109.32
2024-01-01 00:03:56.500,BTCUSDT,BINANCE_USDT,29912.73,0.0801,29911.24,3.489,29912.73,2.767,0.0,181.19
2024-01-01 00:03:57.000,BTCUSDT,BINANCE_USDT,29911.77,0.5829,29911.77,3.443,29913.27,1.611,0.0,120.83
2024-01-01 00:03:57.500,BTCUSDT,BINANCE_USDT,29912.44,1.3291,29911.69,4.988,29913.18,4.390,0.0,188.12
2024-01-01 00:03:58.000,BTCUSDT,BINANCE_USDT,29914.67,0.1825,29913.92,3.422,29915.41,3.454,0.0,116.04
2024-01-01 00:03:58.500,BTCUSDT,BINANCE_USDT,29914.11,0.9510,29914.11,2.223,29915.60,3.703,0.0,160.16
2024-01-01 00:03:59.000,BTCUSDT,BINANCE_USDT,29914.33,1.0278,29912.83,4.809,29914.33,3.525,0.0,137.01
2024-01-01 00:03:59.500,BTCUSDT,BINANCE_USDT,29911.43,1.1571,29911.43,4.915,29912.92,3.593,0.0,129.01
2024-01-01 00:04:00.000,BTCUSDT,BINANCE_USDT,29913.81,0.0261,29913.81,1.385,29915.31,3.695,0.0,189.70
2024-01-01 00:04:00.500,BTCUSDT,BINANCE_USDT,29913.59,1.3868,29912.85,3.951,29914.34,1.061,0.0,192.68
2024-01-01 00:04:01.000,BTCUSDT,BINANCE_USDT,29913.74,1.2685,29913.74,1.006,29915.23,1.797,0.0,165.48
2024-01-01 00:04:01.500,BTCUSDT,BINANCE_USDT,29913.05,1.2030,29913.05,0.603,29914.54,3.912,0.0,107.55
2024-01-01 00:04:02.000,BTCUSDT,BINANCE_USDT,29914.67,0.9841,29913.93,3.095,29915.42,4.104,0.0,166.36
2024-01-01 00:04:02.500,BTCUSDT,BINANCE_USDT,29914.34,0.8854,29914.34,0.713,29915.84,1.068,0.0,193.78
2024-01-01 00:04:03.000,BTCUSDT,BINANCE_USDT,29916.14,1.8010,29915.39,4.429,29916.89,4.827,0.0,155.93
2024-01-01 00:04:03.500,BTCUSDT,BINANCE_USDT,29914.80,0.1649,29914.80,2.778,29916.30,3.510,0.0,103.81
2024-01-01 00:04:04.000,BTCUSDT,BINANCE_USDT,29915.31,1.6681,29914.56,0.691,29916.05,4.606,0.0,127.37
2024-01-01 00:04:04.500,BTCUSDT,BINANCE_USDT,29914.98,1.5028,29914.98,4.814,29916.48,1.715,0.0,117.13
2024-01-01 00:04:05.000,BTCUSDT,BINANCE_USDT,29915.68,0.0919,29914.93,0.994,29916.43,3.269,0.0,105.73
2024-01-01 00:04:05.500,BTCUSDT,BINANCE_USDT,29917.13,0.2433,29915.64,1.652,29917.13,3.502,0.0,177.25
2024-01-01 00:04:06.000,BTCUSDT,BINANCE_USDT,29917.72,0.9101,29916.97,1.096,29918.47,1.380,0.0,118.15
2024-01-01 00:04:06.500,BTCUSDT,BINANCE_USDT,29918.67,0.6092,29917.18,3.101,29918.67,2.294,0.0,148.45
2024-01-01 00:04:07.000,BTCUSDT,BINANCE_USDT,29917.40,0.0908,29916.65,1.512,29918.14,1.113,0.0,146.11
2024-01-01 00:04:07.500,BTCUSDT,BINANCE_USDT,29917.22,0.4311,29915.73,2.666,29917.22,0.921,0.0,193.85
2024-01-01 00:04:08.000,BTCUSDT,BINANCE_USDT,29919.69,0.3851,29918.19,1.661,29919.69,3.787,0.0,152.12
2024-01-01 00:04:08.500,BTCUSDT,BINANCE_USDT,29917.52,1.4513,29917.52,4.944,29919.01,3.593,0.0,166.62
2024-01-01 00:04:09.000,BTCUSDT,BINANCE_USDT,29920.01,1.8156,29919.26,4.060,29920.76,4.744,0.0,177.07
2024-01-01 00:04:09.500,BTCUSDT,BINANCE_USDT,29919.73,1.4281,29918.23,1.702,29919.73,2.428,0.0,171.64
2024-01-01 00:04:10.000,BTCUSDT,BINANCE_USDT,29918.12,0.0389,29918.12,4.292,29919.62,4.446,0.0,139.98
2024-01-01 00:04:10.500,BTCUSDT,BINANCE_USDT,29919.41,0.0030,29917.91,0.653,29919.41,3.543,0.0,129.73
2024-01-01 00:04:11.000,BTCUSDT,BINANCE_USDT,29920.10,1.2288,29918.60,4.444,29920.10,4.930,0.0,132.85
2024-01-01 00:04:11.500,BTCUSDT,BINANCE_USDT,29916.34,1.1824,29916.34,3.892,29917.83,2.611,0.0,136.34
2024-01-01 00:04:12.000,BTCUSDT,BINANCE_USDT,29916.70,1.3334,29915.95,2.924,29917.44,1.984,0.0,124.11
2024-01-01 00:04:12.500,BTCUSDT,BINANCE_USDT,29916.07,1.5380,29915.32,3.912,29916.82,1.265,0.0,110.83
2024-01-01 00:04:13.000,BTCUSDT,BINANCE_USDT,29917.15,1.4312,29916.40,2.078,29917.90,4.589,0.0,104.12
2024-01-01 00:04:13.500,BTCUSDT,BINANCE_USDT,29914.84,1.9439,29914.84,3.739,29916.34,4.310,0.0,133.15
2024-01-01 00:04:14.000,BTCUSDT,BINANCE_USDT,29918.61,0.6740,29917.12,1.049,29918.61,4.369,0.0,180.48
2024-01-01 00:04:14.500,BTCUSDT,BINANCE_USDT,29920.03,1.8571,29920.03,1.361,29921.52,3.390,0.0,138.89
2024-01-01 00:04:15.000,BTCUSDT,BINANCE_USDT,29921.23,0.0593,29920.49,1.722,29921.98,2.731,0.0,130.14
2024-01-01 00:04:15.500,BTCUSDT,BINANCE_USDT,29920.04,1.4906,29919.29,2.121,29920.79,1.932,0.0,145.06
2024-01-01 00:04:16.000,BTCUSDT,BINANCE_USDT,29918.05,0.8743,29918.05,4.527,29919.55,3.986,0.0,127.45
2024-01-01 00:04:16.500,BTCUSDT,BINANCE_USDT,29919.36,0.7446,29917.87,0.929,29919.36,1.728,0.0,177.53
2024-01-01 00:04:17.000,BTCUSDT,BINANCE_USDT,29916.71,0.1265,29916.71,1.873,29918.20,4.698,0.0,154.80
2024-01-01 00:04:17.500,BTCUSDT,BINANCE_USDT,29916.96,1.6310,29915.46,2.301,29916.96,3.874,0.0,166.22
2024-01-01 00:04:18.000,BTCUSDT,BINANCE_USDT,29914.87,0.5535,29914.87,3.714,29916.36,4.098,0.0,114.28
2024-01-01 00:04:18.500,BTCUSDT,BINANCE_USDT,29915.84,1.3424,29915.84,3.896,29917.34,2.953,0.0,139.70
2024-01-01 00:04:19.000,BTCUSDT,BINANCE_USDT,29916.66,0.9850,29915.91,1.855,29917.41,2.211,0.0,124.48
2024-01-01 00:04:19.500,BTCUSDT,BINANCE_USDT,29919.65,0.8416,29918.15,3.514,29919.65,1.939,0.0,149.90
2024-01-01 00:04:20.000,BTCUSDT,BINANCE_USDT,29918.48,1.1191,29916.98,0.692,29918.48,0.666,0.0,145.71
2024-01-01 00:04:20.500,BTCUSDT,BINANCE_USDT,29913.77,1.6276,29913.77,0.554,29915.27,0.836,0.0,126.40
2024-01-01 00:04:21.000,BTCUSDT,BINANCE_USDT,29912.81,1.3729,29911.31,4.881,29912.81,2.021,0.0,145.24
2024-01-01 00:04:21.500,BTCUSDT,BINANCE_USDT,29915.46,1.8725,29913.97,2.641,29915.46,2.390,0.0,166.30
2024-01-01 00:04:22.000,BTCUSDT,BINANCE_USDT,29915.28,0.1624,29913.79,1.456,29915.28,1.094,0.0,144.25
2024-01-01 00:04:22.500,BTCUSDT,BINANCE_USDT,29917.42,1.7704,29916.67,0.794,29918.17,0.838,0.0,187.18
2024-01-01 00:04:23.000,BTCUSDT,BINANCE_USDT,29918.76,0.8391,29917.27,1.184,29918.76,0.897,0.0,150.55
2024-01-01 00:04:23.500,BTCUSDT,BINANCE_USDT,29917.71,1.7942,29917.71,0.501,29919.21,4.862,0.0,126.71
2024-01-01 00:04:24.000,BTCUSDT,BINANCE_USDT,29919.34,0.1110,29917.85,4.605,29919.34,2.908,0.0,199.85
2024-01-01 00:04:24.500,BTCUSDT,BINANCE_USDT,29917.37,0.6995,29917.37,2.856,29918.86,1.127,0.0,196.30
2024-01-01 00:04:25.000,BTCUSDT,BINANCE_USDT,29917.97,0.6058,29917.97,1.842,29919.46,1.127,0.0,144.44
2024-01-01 00:04:25.500,BTCUSDT,BINANCE_USDT,29920.55,1.5740,29919.05,2.589,29920.55,1.605,0.0,183.23
2024-01-01 00:04:26.000,BTCUSDT,BINANCE_USDT,29922.38,0.5899,29920.88,2.524,29922.38,0.600,0.0,136.84
2024-01-01 00:04:26.500,BTCUSDT,BINANCE_USDT,29921.37,0.3953,29921.37,2.996,29922.86,2.988,0.0,153.07
2024-01-01 00:04:27.000,BTCUSDT,BINANCE_USDT,29923.07,0.6274,29921.57,4.936,29923.07,2.228,0.0,132.82
2024-01-01 00:04:27.500,BTCUSDT,BINANCE_USDT,29921.03,1.9568,29920.29,4.467,29921.78,0.956,0.0,128.40
2024-01-01 00:04:28.000,BTCUSDT,BINANCE_USDT,29922.30,0.4455,29920.80,1.026,29922.30,2.338,0.0,149.59
2024-01-01 00:04:28.500,BTCUSDT,BINANCE_USDT,29921.35,1.6599,29919.85,2.778,29921.35,2.662,0.0,132.11
2024-01-01 00:04:29.000,BTCUSDT,BINANCE_USDT,29921.46,0.0173,29919.96,3.196,29921.46,3.554,0.0,153.45
2024-01-01 00:04:29.500,BTCUSDT,BINANCE_USDT,29920.48,0.1018,29919.73,1.472,29921.22,0.782,0.0,160.75
2024-01-01 00:04:30.000,BTCUSDT,BINANCE_USDT,29922.03,0.3775,29920.53,2.021,29922.03,4.186,0.0,177.18
2024-01-01 00:04:30.500,BTCUSDT,BINANCE_USDT,29919.37,1.6001,29918.62,2.342,29920.12,1.496,0.0,170.55
2024-01-01 00:04:31.000,BTCUSDT,BINANCE_USDT,29922.92,0.7102,29921.42,2.135,29922.92,3.161,0.0,166.96
2024-01-01 00:04:31.500,BTCUSDT,BINANCE_USDT,29923.83,0.3729,29922.33,3.438,29923.83,0.748,0.0,106.54
2024-01-01 00:04:32.000,BTCUSDT,BINANCE_USDT,29923.97,0.0417,29923.97,2.834,29925.47,2.144,0.0,170.33
2024-01-01 00:04:32.500,BTCUSDT,BINANCE_USDT,29925.18,0.6052,29924.43,1.981,29925.93,1.843,0.0,162.95
2024-01-01 00:04:33.000,BTCUSDT,BINANCE_USDT,29925.20,1.5213,29925.20,4.545,29926.69,3.346,0.0,196.99
2024-01-01 00:04:33.500,BTCUSDT,BINANCE_USDT,29926.02,1.7034,29924.52,2.885,29926.02,1.596,0.0,189.85
2024-01-01 00:04:34.000,BTCUSDT,BINANCE_USDT,29924.19,1.3008,29922.70,4.421,29924.19,3.931,0.0,160.19
2024-01-01 00:04:34.500,BTCUSDT,BINANCE_USDT,29924.45,0.6118,29924.45,4.642,29925.95,4.985,0.0,105.27
2024-01-01 00:04:35.000,BTCUSDT,BINANCE_USDT,29924.46,1.4549,29922.96,1.287,29924.46,3.209,0.0,124.75
2024-01-01 00:04:35.500,BTCUSDT,BINANCE_USDT,29925.45,1.2397,29924.71,0.826,29926.20,1.698,0.0,193.58
2024-01-01 00:04:36.000,BTCUSDT,BINANCE_USDT,29924.19,1.3712,29924.19,1.969,29925.69,1.211,0.0,150.21
2024-01-01 00:04:36.500,BTCUSDT,BINANCE_USDT,29924.06,0.9723,29924.06,0.758,29925.56,3.084,0.0,131.59
2024-01-01 00:04:37.000,BTCUSDT,BINANCE_USDT,29923.27,0.0311,29923.27,4.905,29924.76,2.122,0.0,151.94
2024-01-01 00:04:37.500,BTCUSDT,BINANCE_USDT,29921.42,1.5394,29921.42,1.150,29922.92,2.231,0.0,159.84
2024-01-01 00:04:38.000,BTCUSDT,BINANCE_USDT,29921.30,1.8497,29921.30,3.400,29922.80,4.481,0.0,113.53
2024-01-01 00:04:38.500,BTCUSDT,BINANCE_USDT,29920.52,1.3556,29920.52,2.072,29922.02,4.811,0.0,124.12
2024-01-01 00:04:39.000,BTCUSDT,BINANCE_USDT,29922.55,1.9950,29921.80,4.240,29923.30,0.686,0.0,113.90
2024-01-01 00:04:39.500,BTCUSDT,BINANCE_USDT,29921.43,0.1639,29921.43,3.782,29922.93,2.516,0.0,172.66
2024-01-01 00:04:40.000,BTCUSDT,BINANCE_USDT,29923.45,0.3263,29921.95,1.360,29923.45,1.022,0.0,167.67
2024-01-01 00:04:40.500,BTCUSDT,BINANCE_USDT,29922.57,1.3538,29921.82,2.708,29923.32,2.247,0.0,199.74
2024-01-01 00:04:41.000,BTCUSDT,BINANCE_USDT,29921.00,0.0347,29921.00,1.206,29922.50,3.316,0.0,162.22
2024-01-01 00:04:41.500,BTCUSDT,BINANCE_USDT,29921.99,1.7936,29921.99,0.866,29923.49,3.245,0.0,150.60
2024-01-01 00:04:42.000,BTCUSDT,BINANCE_USDT,29923.81,1.7604,29922.31,4.475,29923.81,3.059,0.0,174.81
2024-01-01 00:04:42.500,BTCUSDT,BINANCE_USDT,29926.01,1.5328,29924.51,4.782,29926.01,4.509,0.0,163.00
2024-01-01 00:04:43.000,BTCUSDT,BINANCE_USDT,29925.95,0.1556,29924.45,4.499,29925.95,3.623,0.0,140.12
2024-01-01 00:04:43.500,BTCUSDT,BINANCE_USDT,29925.58,0.6392,29925.58,1.596,29927.08,2.753,0.0,174.49
2024-01-01 00:04:44.000,BTCUSDT,BINANCE_USDT,29923.49,1.7964,29923.49,1.432,29924.99,0.945,0.0,192.29
2024-01-01 00:04:44.500,BTCUSDT,BINANCE_USDT,29923.26,1.4050,29922.51,4.748,29924.00,4.979,0.0,151.18
2024-01-01 00:04:45.000,BTCUSDT,BINANCE_USDT,29922.02,1.5356,29922.02,0.821,29923.52,0.834,0.0,154.89
2024-01-01 00:04:45.500,BTCUSDT,BINANCE_USDT,29923.59,1.4330,29922.09,2.518,29923.59,1.524,0.0,113.51
2024-01-01 00:04:46.000,BTCUSDT,BINANCE_USDT,29924.28,1.2806,29924.28,3.675,29925.78,3.076,0.0,137.30
2024-01-01 00:04:46.500,BTCUSDT,BINANCE_USDT,29926.36,1.5343,29924.87,4.961,29926.36,1.379,0.0,104.67
2024-01-01 00:04:47.000,BTCUSDT,BINANCE_USDT,29924.40,1.6775,29923.65,3.206,29925.15,3.461,0.0,107.06
2024-01-01 00:04:47.500,BTCUSDT,BINANCE_USDT,29922.45,0.3458,29922.45,4.150,29923.95,2.124,0.0,112.29
2024-01-01 00:04:48.000,BTCUSDT,BINANCE_USDT,29921.49,1.7328,29920.74,1.209,29922.24,1.331,0.0,199.76
2024-01-01 00:04:48.500,BTCUSDT,BINANCE_USDT,29920.85,0.2937,29920.85,3.020,29922.35,1.251,0.0,137.03
2024-01-01 00:04:49.000,BTCUSDT,BINANCE_USDT,29923.69,0.6615,29922.19,4.174,29923.69,4.666,0.0,177.79
2024-01-01 00:04:49.500,BTCUSDT,BINANCE_USDT,29922.41,1.0737,29922.41,4.069,29923.91,2.707,0.0,144.06
2024-01-01 00:04:50.000,BTCUSDT,BINANCE_USDT,29922.92,0.6655,29922.17,4.815,29923.67,2.022,0.0,185.60
2024-01-01 00:04:50.500,BTCUSDT,BINANCE_USDT,29923.63,1.1270,29922.88,0.613,29924.37,4.556,0.0,115.01
2024-01-01 00:04:51.000,BTCUSDT,BINANCE_USDT,29923.13,0.2069,29923.13,1.783,29924.62,3.711,0.0,171.09
2024-01-01 00:04:51.500,BTCUSDT,BINANCE_USDT,29923.11,1.5490,29923.11,3.272,29924.61,3.594,0.0,179.72
2024-01-01 00:04:52.000,BTCUSDT,BINANCE_USDT,29922.50,1.9125,29921.75,1.416,29923.25,1.269,0.0,114.96
2024-01-01 00:04:52.500,BTCUSDT,BINANCE_USDT,29923.19,1.9821,29921.69,3.498,29923.19,3.387,0.0,141.13
2024-01-01 00:04:53.000,BTCUSDT,BINANCE_USDT,29921.91,1.8603,29921.91,3.087,29923.41,1.580,0.0,153.22
2024-01-01 00:04:53.500,BTCUSDT,BINANCE_USDT,29924.86,0.2355,29923.36,2.161,29924.86,4.290,0.0,113.86
2024-01-01 00:04:54.000,BTCUSDT,BINANCE_USDT,29921.54,0.0579,29920.79,2.780,29922.29,2.700,0.0,112.65
2024-01-01 00:04:54.500,BTCUSDT,BINANCE_USDT,29919.42,0.4669,29919.42,0.875,29920.91,0.702,0.0,128.96
2024-01-01 00:04:55.000,BTCUSDT,BINANCE_USDT,29920.00,0.6751,29920.00,0.948,29921.49,0.543,0.0,106.44
2024-01-01 00:04:55.500,BTCUSDT,BINANCE_USDT,29921.67,0.9513,29920.92,1.651,29922.42,1.724,0.0,162.95
2024-01-01 00:04:56.000,BTCUSDT,BINANCE_USDT,29923.09,1.8078,29923.09,3.805,29924.59,1.993,0.0,110.96
2024-01-01 00:04:56.500,BTCUSDT,BINANCE_USDT,29923.53,0.9134,29922.04,4.780,29923.53,3.362,0.0,131.91
2024-01-01 00:04:57.000,BTCUSDT,BINANCE_USDT,29923.96,1.6366,29923.21,3.198,29924.71,4.393,0.0,119.85
2024-01-01 00:04:57.500,BTCUSDT,BINANCE_USDT,29923.13,1.9253,29922.38,0.870,29923.88,3.347,0.0,167.98
2024-01-01 00:04:58.000,BTCUSDT,BINANCE_USDT,29924.80,0.8807,29924.80,1.692,29926.30,4.842,0.0,169.35
2024-01-01 00:04:58.500,BTCUSDT,BINANCE_USDT,29924.28,1.5316,29922.79,4.258,29924.28,1.927,0.0,107.79
2024-01-01 00:04:59.000,BTCUSDT,BINANCE_USDT,29924.89,0.2975,29923.39,3.924,29924.89,2.037,0.0,182.44
2024-01-01 00:04:59.500,BTCUSDT,BINANCE_USDT,29923.52,1.0756,29922.77,1.688,29924.27,3.834,0.0,131.75
2024-01-01 00:05:00.000,BTCUSDT,BINANCE_USDT,29923.08,0.0390,29921.58,3.613,29923.08,4.633,0.0,176.70
2024-01-01 00:05:00.500,BTCUSDT,BINANCE_USDT,29920.91,0.7351,29920.91,1.243,29922.40,1.932,0.0,124.79
2024-01-01 00:05:01.000,BTCUSDT,BINANCE_USDT,29921.65,1.7298,29920.15,4.814,29921.65,2.101,0.0,142.97
2024-01-01 00:05:01.500,BTCUSDT,BINANCE_USDT,29919.46,0.4552,29918.72,4.566,29920.21,1.058,0.0,146.40
2024-01-01 00:05:02.000,BTCUSDT,BINANCE_USDT,29917.57,0.2596,29916.82,1.479,29918.32,2.570,0.0,190.39
2024-01-01 00:05:02.500,BTCUSDT,BINANCE_USDT,29916.92,1.8657,29915.42,4.900,29916.92,4.820,0.0,117.54
2024-01-01 00:05:03.000,BTCUSDT,BINANCE_USDT,29915.41,0.2538,29913.92,3.424,29915.41,4.173,0.0,136.40
2024-01-01 00:05:03.500,BTCUSDT,BINANCE_USDT,29915.67,0.9552,29914.92,1.404,29916.42,2.783,0.0,111.66
2024-01-01 00:05:04.000,BTCUSDT,BINANCE_USDT,29915.23,0.3230,29914.48,1.488,29915.98,1.287,0.0,100.41
2024-01-01 00:05:04.500,BTCUSDT,BINANCE_USDT,29913.58,1.2280,29912.83,4.852,29914.33,2.730,0.0,133.56
2024-01-01 00:05:05.000,BTCUSDT,BINANCE_USDT,29910.78,1.2299,29910.78,1.313,29912.28,2.334,0.0,111.92
2024-01-01 00:05:05.500,BTCUSDT,BINANCE_USDT,29913.22,0.9560,29911.73,1.286,29913.22,4.100,0.0,153.75
2024-01-01 00:05:06.000,BTCUSDT,BINANCE_USDT,29912.51,1.6756,29911.76,2.387,29913.25,1.005,0.0,197.12
2024-01-01 00:05:06.500,BTCUSDT,BINANCE_USDT,29913.29,0.7927,29911.79,0.775,29913.29,2.615,0.0,122.90
2024-01-01 00:05:07.000,BTCUSDT,BINANCE_USDT,29913.50,0.6084,29912.76,2.623,29914.25,2.901,0.0,148.46
2024-01-01 00:05:07.500,BTCUSDT,BINANCE_USDT,29913.41,1.9929,29913.41,1.852,29914.90,3.356,0.0,145.51
2024-01-01 00:05:08.000,BTCUSDT,BINANCE_USDT,29917.78,0.6423,29916.28,2.605,29917.78,4.034,0.0,100.41
2024-01-01 00:05:08.500,BTCUSDT,BINANCE_USDT,29916.77,1.2435,29916.77,2.002,29918.26,3.977,0.0,190.18
2024-01-01 00:05:09.000,BTCUSDT,BINANCE_USDT,29914.86,0.2131,29914.86,2.749,29916.36,4.153,0.0,110.21
2024-01-01 00:05:09.500,BTCUSDT,BINANCE_USDT,29915.85,1.7099,29914.35,1.979,29915.85,3.710,0.0,181.66
2024-01-01 00:05:10.000,BTCUSDT,BINANCE_USDT,29915.05,1.2400,29913.55,4.226,29915.05,3.748,0.0,123.43
2024-01-01 00:05:10.500,BTCUSDT,BINANCE_USDT,29913.59,1.6336,29912.09,0.666,29913.59,3.691,0.0,159.19
2024-01-01 00:05:11.000,BTCUSDT,BINANCE_USDT,29912.25,1.6080,29912.25,2.160,29913.75,2.331,0.0,180.36
2024-01-01 00:05:11.500,BTCUSDT,BINANCE_USDT,29913.60,0.7922,29912.10,3.209,29913.60,2.329,0.0,127.84
2024-01-01 00:05:12.000,BTCUSDT,BINANCE_USDT,29911.95,0.1826,29910.45,1.668,29911.95,1.606,0.0,128.10
2024-01-01 00:05:12.500,BTCUSDT,BINANCE_USDT,29909.03,1.8864,29908.28,3.299,29909.77,2.321,0.0,152.26
2024-01-01 00:05:13.000,BTCUSDT,BINANCE_USDT,29906.59,0.4573,29905.84,2.907,29907.33,1.961,0.0,147.25
2024-01-01 00:05:13.500,BTCUSDT,BINANCE_USDT,29906.06,0.1558,29905.31,1.533,29906.81,3.864,0.0,139.21
2024-01-01 00:05:14.000,BTCUSDT,BINANCE_USDT,29908.45,0.3703,29906.95,4.522,29908.45,0.620,0.0,148.75
2024-01-01 00:05:14.500,BTCUSDT,BINANCE_USDT,29907.85,0.9324,29906.35,4.918,29907.85,2.498,0.0,169.05
2024-01-01 00:05:15.000,BTCUSDT,BINANCE_USDT,29907.45,0.7350,29907.45,3.879,29908.95,1.202,0.0,199.38
2024-01-01 00:05:15.500,BTCUSDT,BINANCE_USDT,29908.05,0.1373,29908.05,1.822,29909.55,2.063,0.0,149.77
2024-01-01 00:05:16.000,BTCUSDT,BINANCE_USDT,29908.75,0.7248,29907.26,4.862,29908.75,1.929,0.0,164.40
2024-01-01 00:05:16.500,BTCUSDT,BINANCE_USDT,29907.89,0.6277,29907.14,4.851,29908.63,2.064,0.0,109.84
2024-01-01 00:05:17.000,BTCUSDT,BINANCE_USDT,29905.27,1.0866,29905.27,3.658,29906.76,1.637,0.0,139.11
2024-01-01 00:05:17.500,BTCUSDT,BINANCE_USDT,29903.26,0.5125,29903.26,1.129,29904.75,1.447,0.0,130.96
2024-01-01 00:05:18.000,BTCUSDT,BINANCE_USDT,29904.35,1.4058,29903.60,3.004,29905.09,4.733,0.0,178.57
2024-01-01 00:05:18.500,BTCUSDT,BINANCE_USDT,29903.34,0.9778,29903.34,3.299,29904.84,0.715,0.0,167.09
2024-01-01 00:05:19.000,BTCUSDT,BINANCE_USDT,29903.62,0.6750,29902.13,1.774,29903.62,2.344,0.0,102.48
2024-01-01 00:05:19.500,BTCUSDT,BINANCE_USDT,29901.25,1.1085,29900.50,1.884,29902.00,2.069,0.0,156.00
2024-01-01 00:05:20.000,BTCUSDT,BINANCE_USDT,29898.95,0.4627,29898.95,3.366,29900.44,4.629,0.0,163.11
2024-01-01 00:05:20.500,BTCUSDT,BINANCE_USDT,29899.18,0.3002,29899.18,0.771,29900.67,4.355,0.0,120.56
2024-01-01 00:05:21.000,BTCUSDT,BINANCE_USDT,29898.38,0.4072,29897.63,3.747,29899.13,4.729,0.0,196.15
2024-01-01 00:05:21.500,BTCUSDT,BINANCE_USDT,29901.37,1.2091,29899.88,1.334,29901.37,1.325,0.0,150.20
2024-01-01 00:05:22.000,BTCUSDT,BINANCE_USDT,29898.79,1.5551,29898.79,1.870,29900.28,3.906,0.0,150.46
2024-01-01 00:05:22.500,BTCUSDT,BINANCE_USDT,29900.48,1.5169,29898.98,3.670,29900.48,1.700,0.0,131.42
2024-01-01 00:05:23.000,BTCUSDT,BINANCE_USDT,29899.26,0.5252,29899.26,2.514,29900.75,3.309,0.0,124.45
2024-01-01 00:05:23.500,BTCUSDT,BINANCE_USDT,29900.54,0.9545,29899.05,1.808,29900.54,2.602,0.0,169.56
2024-01-01 00:05:24.000,BTCUSDT,BINANCE_USDT,29899.67,0.0466,29898.93,4.434,29900.42,4.033,0.0,101.04
2024-01-01 00:05:24.500,BTCUSDT,BINANCE_USDT,29898.31,0.3129,29898.31,1.892,29899.80,3.392,0.0,142.88
2024-01-01 00:05:25.000,BTCUSDT,BINANCE_USDT,29897.97,0.5987,29897.97,3.681,29899.46,2.983,0.0,199.51
2024-01-01 00:05:25.500,BTCUSDT,BINANCE_USDT,29899.60,0.2811,29898.10,3.741,29899.60,1.793,0.0,136.20
2024-01-01 00:05:26.000,BTCUSDT,BINANCE_USDT,29899.81,0.0950,29898.31,1.824,29899.81,2.691,0.0,114.41
2024-01-01 00:05:26.500,BTCUSDT,BINANCE_USDT,29900.73,0.7887,29899.98,2.424,29901.48,1.019,0.0,154.98
2024-01-01 00:05:27.000,BTCUSDT,BINANCE_USDT,29901.61,1.2104,29900.12,3.288,29901.61,4.874,0.0,119.23
2024-01-01 00:05:27.500,BTCUSDT,BINANCE_USDT,29898.89,1.6108,29898.14,3.722,29899.63,3.895,0.0,127.25
2024-01-01 00:05:28.000,BTCUSDT,BINANCE_USDT,29897.48,1.6514,29897.48,2.479,29898.98,4.595,0.0,160.30
2024-01-01 00:05:28.500,BTCUSDT,BINANCE_USDT,29899.11,1.3317,29897.62,2.358,29899.11,4.979,0.0,112.45
2024-01-01 00:05:29.000,BTCUSDT,BINANCE_USDT,29899.77,1.3246,29898.27,2.354,29899.77,1.561,0.0,106.12
2024-01-01 00:05:29.500,BTCUSDT,BINANCE_USDT,29899.97,1.1426,29898.48,4.344,29899.97,3.723,0.0,113.63
2024-01-01 00:05:30.000,BTCUSDT,BINANCE_USDT,29899.17,0.9709,29898.43,1.204,29899.92,4.454,0.0,175.54
2024-01-01 00:05:30.500,BTCUSDT,BINANCE_USDT,29896.57,1.3844,29896.57,4.115,29898.06,4.813,0.0,123.12
2024-01-01 00:05:31.000,BTCUSDT,BINANCE_USDT,29895.75,0.4696,29895.75,1.231,29897.25,1.028,0.0,190.65
2024-01-01 00:05:31.500,BTCUSDT,BINANCE_USDT,29896.07,0.7494,29895.32,1.773,29896.82,3.035,0.0,121.64
2024-01-01 00:05:32.000,BTCUSDT,BINANCE_USDT,29895.02,0.2244,29895.02,3.905,29896.51,1.034,0.0,187.21
2024-01-01 00:05:32.500,BTCUSDT,BINANCE_USDT,29896.84,1.7354,29895.34,3.587,29896.84,3.223,0.0,168.53
2024-01-01 00:05:33.000,BTCUSDT,BINANCE_USDT,29896.40,1.7551,29896.40,1.327,29897.90,0.674,0.0,102.16
2024-01-01 00:05:33.500,BTCUSDT,BINANCE_USDT,29897.04,1.0099,29895.55,1.042,29897.04,2.179,0.0,105.97
2024-01-01 00:05:34.000,BTCUSDT,BINANCE_USDT,29896.82,0.5992,29896.07,3.489,29897.57,3.926,0.0,183.84
2024-01-01 00:05:34.500,BTCUSDT,BINANCE_USDT,29896.10,1.8110,29896.10,4.520,29897.60,0.793,0.0,159.48
2024-01-01 00:05:35.000,BTCUSDT,BINANCE_USDT,29897.47,1.8945,29896.73,4.565,29898.22,1.291,0.0,176.35
2024-01-01 00:05:35.500,BTCUSDT,BINANCE_USDT,29897.43,0.7173,29896.68,2.008,29898.18,1.479,0.0,157.42
2024-01-01 00:05:36.000,BTCUSDT,BINANCE_USDT,29898.58,1.1702,29898.58,2.319,29900.07,2.800,0.0,137.98
2024-01-01 00:05:36.500,BTCUSDT,BINANCE_USDT,29899.82,0.6851,29899.07,3.310,29900.57,2.584,0.0,128.18
2024-01-01 00:05:37.000,BTCUSDT,BINANCE_USDT,29899.10,1.1059,29898.36,1.612,29899.85,1.772,0.0,180.92
2024-01-01 00:05:37.500,BTCUSDT,BINANCE_USDT,29897.25,0.1010,29896.51,2.671,29898.00,3.702,0.0,154.26
2024-01-01 00:05:38.000,BTCUSDT,BINANCE_USDT,29896.85,0.7647,29896.85,3.594,29898.34,3.809,0.0,172.24
2024-01-01 00:05:38.500,BTCUSDT,BINANCE_USDT,29896.62,1.1507,29896.62,1.114,29898.11,1.611,0.0,119.92
2024-01-01 00:05:39.000,BTCUSDT,BINANCE_USDT,29894.99,0.5023,29894.99,0.961,29896.48,1.295,0.0,162.78
2024-01-01 00:05:39.500,BTCUSDT,BINANCE_USDT,29896.87,0.1809,29895.38,1.552,29896.87,0.735,0.0,145.00
2024-01-01 00:05:40.000,BTCUSDT,BINANCE_USDT,29896.38,1.5981,29894.89,4.300,29896.38,2.595,0.0,157.04
2024-01-01 00:05:40.500,BTCUSDT,BINANCE_USDT,29896.21,0.6762,29895.47,3.699,29896.96,1.348,0.0,111.57
2024-01-01 00:05:41.000,BTCUSDT,BINANCE_USDT,29896.96,0.2710,29896.22,1.520,29897.71,3.798,0.0,186.34
2024-01-01 00:05:41.500,BTCUSDT,BINANCE_USDT,29899.49,1.1771,29897.99,1.947,29899.49,4.761,0.0,110.97
2024-01-01 00:05:42.000,BTCUSDT,BINANCE_USDT,29897.79,1.3166,29896.29,4.758,29897.79,1.879,0.0,101.39
2024-01-01 00:05:42.500,BTCUSDT,BINANCE_USDT,29894.72,0.3773,29894.72,1.018,29896.21,0.792,0.0,131.85
2024-01-01 00:05:43.000,BTCUSDT,BINANCE_USDT,29894.75,0.4204,29894.01,4.287,29895.50,3.422,0.0,113.64
2024-01-01 00:05:43.500,BTCUSDT,BINANCE_USDT,29896.52,0.6092,29896.52,1.711,29898.01,4.052,0.0,175.02
2024-01-01 00:05:44.000,BTCUSDT,BINANCE_USDT,29899.25,1.4048,29897.76,3.788,29899.25,3.476,0.0,185.40
2024-01-01 00:05:44.500,BTCUSDT,BINANCE_USDT,29898.82,0.7448,29898.82,3.688,29900.32,2.863,0.0,161.98
2024-01-01 00:05:45.000,BTCUSDT,BINANCE_USDT,29902.07,1.4193,29900.57,3.815,29902.07,3.814,0.0,162.07
2024-01-01 00:05:45.500,BTCUSDT,BINANCE_USDT,29902.38,0.3491,29900.89,1.129,29902.38,2.736,0.0,104.65
2024-01-01 00:05:46.000,BTCUSDT,BINANCE_USDT,29902.29,1.2128,29901.54,2.878,29903.03,1.725,0.0,189.03
2024-01-01 00:05:46.500,BTCUSDT,BINANCE_USDT,29900.87,0.3983,29899.38,2.654,29900.87,3.436,0.0,170.68
2024-01-01 00:05:47.000,BTCUSDT,BINANCE_USDT,29899.00,0.0360,29899.00,2.484,29900.50,3.618,0.0,162.10
2024-01-01 00:05:47.500,BTCUSDT,BINANCE_USDT,29898.27,0.7006,29898.27,1.028,29899.77,1.648,0.0,145.73
2024-01-01 00:05:48.000,BTCUSDT,BINANCE_USDT,29900.82,0.9669,29899.33,2.798,29900.82,1.012,0.0,145.69
2024-01-01 00:05:48.500,BTCUSDT,BINANCE_USDT,29899.58,1.0049,29898.09,0.705,29899.58,0.789,0.0,175.08
2024-01-01 00:05:49.000,BTCUSDT,BINANCE_USDT,29899.31,1.0990,29898.56,4.617,29900.05,2.869,0.0,162.22
2024-01-01 00:05:49.500,BTCUSDT,BINANCE_USDT,29901.88,1.3100,29901.13,2.352,29902.63,3.471,0.0,192.02
2024-01-01 00:05:50.000,BTCUSDT,BINANCE_USDT,29902.11,0.4590,29902.11,2.940,29903.61,2.861,0.0,134.94
2024-01-01 00:05:50.500,BTCUSDT,BINANCE_USDT,29903.67,1.3384,29902.17,1.703,29903.67,4.943,0.0,191.62
2024-01-01 00:05:51.000,BTCUSDT,BINANCE_USDT,29902.70,1.1368,29901.95,1.800,29903.44,3.896,0.0,145.56
2024-01-01 00:05:51.500,BTCUSDT,BINANCE_USDT,29905.46,1.0563,29903.97,1.238,29905.46,3.349,0.0,117.32
2024-01-01 00:05:52.000,BTCUSDT,BINANCE_USDT,29905.17,0.5130,29904.43,1.045,29905.92,3.533,0.0,147.06
2024-01-01 00:05:52.500,BTCUSDT,BINANCE_USDT,29907.52,1.8820,29906.02,2.109,29907.52,4.798,0.0,166.54
2024-01-01 00:05:53.000,BTCUSDT,BINANCE_USDT,29905.19,1.0331,29904.44,1.745,29905.94,0.999,0.0,128.20
2024-01-01 00:05:53.500,BTCUSDT,BINANCE_USDT,29905.27,1.9355,29903.77,0.501,29905.27,0.737,0.0,162.38
2024-01-01 00:05:54.000,BTCUSDT,BINANCE_USDT,29903.73,1.0356,29902.23,3.982,29903.73,4.393,0.0,155.10
2024-01-01 00:05:54.500,BTCUSDT,BINANCE_USDT,29904.38,1.3548,29902.88,2.140,29904.38,3.264,0.0,146.59
2024-01-01 00:05:55.000,BTCUSDT,BINANCE_USDT,29903.33,0.6008,29901.84,4.817,29903.33,2.576,0.0,135.72
2024-01-01 00:05:55.500,BTCUSDT,BINANCE_USDT,29903.21,1.0415,29903.21,1.026,29904.71,2.877,0.0,153.57
2024-01-01 00:05:56.000,BTCUSDT,BINANCE_USDT,29905.10,0.2655,29903.60,1.368,29905.10,4.501,0.0,172.70
2024-01-01 00:05:56.500,BTCUSDT,BINANCE_USDT,29902.49,1.9933,29902.49,2.261,29903.98,1.543,0.0,131.30
2024-01-01 00:05:57.000,BTCUSDT,BINANCE_USDT,29903.78,0.9080,29902.29,2.681,29903.78,0.978,0.0,160.77
2024-01-01 00:05:57.500,BTCUSDT,BINANCE_USDT,29902.26,0.7597,29902.26,0.942,29903.76,1.974,0.0,185.82
2024-01-01 00:05:58.000,BTCUSDT,BINANCE_USDT,29904.14,0.8557,29903.40,4.619,29904.89,4.173,0.0,156.89
2024-01-01 00:05:58.500,BTCUSDT,BINANCE_USDT,29906.94,0.6796,29905.45,1.395,29906.94,0.941,0.0,136.99
2024-01-01 00:05:59.000,BTCUSDT,BINANCE_USDT,29905.71,0.4256,29904.21,4.718,29905.71,1.297,0.0,113.97
2024-01-01 00:05:59.500,BTCUSDT,BINANCE_USDT,29904.30,1.4690,29904.30,2.513,29905.80,4.025,0.0,100.16
2024-01-01 00:06:00.000,BTCUSDT,BINANCE_USDT,29904.80,1.8627,29904.05,4.287,29905.55,4.282,0.0,161.14
2024-01-01 00:06:00.500,BTCUSDT,BINANCE_USDT,29904.80,0.6996,29903.31,4.440,29904.80,1.811,0.0,102.59
2024-01-01 00:06:01.000,BTCUSDT,BINANCE_USDT,29905.47,1.6076,29903.97,4.219,29905.47,0.883,0.0,147.19
2024-01-01 00:06:01.500,BTCUSDT,BINANCE_USDT,29905.28,0.5644,29905.28,0.741,29906.78,4.741,0.0,103.79
2024-01-01 00:06:02.000,BTCUSDT,BINANCE_USDT,29906.63,0.3717,29905.13,0.505,29906.63,2.281,0.0,118.46
2024-01-01 00:06:02.500,BTCUSDT,BINANCE_USDT,29904.17,0.4893,29903.42,2.882,29904.92,3.404,0.0,108.61
2024-01-01 00:06:03.000,BTCUSDT,BINANCE_USDT,29905.60,0.9739,29904.10,1.508,29905.60,2.390,0.0,196.79
2024-01-01 00:06:03.500,BTCUSDT,BINANCE_USDT,29905.54,0.9504,29904.79,0.886,29906.29,3.486,0.0,115.66
2024-01-01 00:06:04.000,BTCUSDT,BINANCE_USDT,29905.27,1.7513,29904.52,4.372,29906.01,1.730,0.0,147.63
2024-01-01 00:06:04.500,BTCUSDT,BINANCE_USDT,29904.97,1.7963,29904.97,1.777,29906.47,3.673,0.0,146.11
2024-01-01 00:06:05.000,BTCUSDT,BINANCE_USDT,29904.16,0.1209,29903.41,2.234,29904.91,2.347,0.0,112.66
2024-01-01 00:06:05.500,BTCUSDT,BINANCE_USDT,29905.60,0.5531,29904.10,2.137,29905.60,1.954,0.0,170.09
2024-01-01 00:06:06.000,BTCUSDT,BINANCE_USDT,29902.14,0.9630,29902.14,2.406,29903.64,4.138,0.0,158.04
2024-01-01 00:06:06.500,BTCUSDT,BINANCE_USDT,29906.81,1.9604,29905.32,3.586,29906.81,1.615,0.0,173.06
2024-01-01 00:06:07.000,BTCUSDT,BINANCE_USDT,29906.67,1.0995,29905.92,1.596,29907.42,1.636,0.0,168.76
2024-01-01 00:06:07.500,BTCUSDT,BINANCE_USDT,29906.33,0.5475,29906.33,3.759,29907.83,3.056,0.0,196.02
2024-01-01 00:06:08.000,BTCUSDT,BINANCE_USDT,29907.28,0.6522,29906.53,2.915,29908.03,2.624,0.0,183.18
2024-01-01 00:06:08.500,BTCUSDT,BINANCE_USDT,29906.73,1.6276,29905.23,3.843,29906.73,2.627,0.0,190.68
2024-01-01 00:06:09.000,BTCUSDT,BINANCE_USDT,29904.68,0.2545,29904.68,0.586,29906.17,1.585,0.0,139.11
2024-01-01 00:06:09.500,BTCUSDT,BINANCE_USDT,29905.97,0.1554,29905.22,0.968,29906.72,2.405,0.0,100.81
2024-01-01 00:06:10.000,BTCUSDT,BINANCE_USDT,29906.00,1.4083,29906.00,2.350,29907.49,1.934,0.0,113.73
2024-01-01 00:06:10.500,BTCUSDT,BINANCE_USDT,29906.30,0.8181,29905.55,4.070,29907.05,3.935,0.0,128.09
2024-01-01 00:06:11.000,BTCUSDT,BINANCE_USDT,29907.92,0.5430,29906.42,1.106,29907.92,4.521,0.0,125.80
2024-01-01 00:06:11.500,BTCUSDT,BINANCE_USDT,29906.08,0.4788,29906.08,3.651,29907.58,4.046,0.0,104.75
2024-01-01 00:06:12.000,BTCUSDT,BINANCE_USDT,29907.53,1.2744,29907.53,0.995,29909.03,4.788,0.0,115.66
2024-01-01 00:06:12.500,BTCUSDT,BINANCE_USDT,29909.00,0.5168,29907.50,2.021,29909.00,3.843,0.0,184.31
2024-01-01 00:06:13.000,BTCUSDT,BINANCE_USDT,29908.87,0.6090,29908.87,0.901,29910.37,2.340,0.0,133.88
2024-01-01 00:06:13.500,BTCUSDT,BINANCE_USDT,29909.77,1.8653,29909.77,4.592,29911.26,2.551,0.0,199.93
2024-01-01 00:06:14.000,BTCUSDT,BINANCE_USDT,29911.35,1.5135,29909.85,1.920,29911.35,2.114,0.0,185.07
2024-01-01 00:06:14.500,BTCUSDT,BINANCE_USDT,29908.27,0.5286,29908.27,3.669,29909.76,4.198,0.0,158.41
2024-01-01 00:06:15.000,BTCUSDT,BINANCE_USDT,29908.51,1.3699,29907.02,4.307,29908.51,3.882,0.0,155.73
2024-01-01 00:06:15.500,BTCUSDT,BINANCE_USDT,29908.56,1.9965,29907.06,4.698,29908.56,3.073,0.0,180.41
2024-01-01 00:06:16.000,BTCUSDT,BINANCE_USDT,29907.95,0.4345,29907.20,3.160,29908.70,3.956,0.0,120.20
2024-01-01 00:06:16.500,BTCUSDT,BINANCE_USDT,29908.81,1.4300,29907.31,1.718,29908.81,4.163,0.0,159.84
2024-01-01 00:06:17.000,BTCUSDT,BINANCE_USDT,29908.31,0.8086,29906.81,2.616,29908.31,1.788,0.0,141.97
2024-01-01 00:06:17.500,BTCUSDT,BINANCE_USDT,29906.74,1.1657,29906.74,2.364,29908.24,1.625,0.0,178.73
2024-01-01 00:06:18.000,BTCUSDT,BINANCE_USDT,29910.27,1.8825,29909.52,1.599,29911.02,2.674,0.0,173.55
2024-01-01 00:06:18.500,BTCUSDT,BINANCE_USDT,29908.91,0.5862,29907.42,1.269,29908.91,1.355,0.0,198.90
2024-01-01 00:06:19.000,BTCUSDT,BINANCE_USDT,29910.73,1.2690,29909.24,4.880,29910.73,2.424,0.0,112.39
2024-01-01 00:06:19.500,BTCUSDT,BINANCE_USDT,29911.01,0.0705,29909.51,2.697,29911.01,1.133,0.0,177.03
2024-01-01 00:06:20.000,BTCUSDT,BINANCE_USDT,29909.33,0.8933,29907.83,4.658,29909.33,2.100,0.0,111.71
2024-01-01 00:06:20.500,BTCUSDT,BINANCE_USDT,29907.45,0.4466,29906.70,2.598,29908.20,3.623,0.0,198.31
2024-01-01 00:06:21.000,BTCUSDT,BINANCE_USDT,29906.64,1.9441,29906.64,2.090,29908.13,4.259,0.0,147.87
2024-01-01 00:06:21.500,BTCUSDT,BINANCE_USDT,29905.07,0.7276,29905.07,3.131,29906.57,2.922,0.0,131.55
2024-01-01 00:06:22.000,BTCUSDT,BINANCE_USDT,29904.92,1.5028,29904.18,2.714,29905.67,3.504,0.0,154.22
2024-01-01 00:06:22.500,BTCUSDT,BINANCE_USDT,29905.88,1.5123,29904.38,2.349,29905.88,4.274,0.0,166.97
2024-01-01 00:06:23.000,BTCUSDT,BINANCE_USDT,29905.87,1.9298,29905.87,2.381,29907.36,0.888,0.0,101.81
2024-01-01 00:06:23.500,BTCUSDT,BINANCE_USDT,29906.88,1.1812,29905.39,4.718,29906.88,4.006,0.0,106.83
2024-01-01 00:06:24.000,BTCUSDT,BINANCE_USDT,29904.55,0.9682,29903.80,2.145,29905.30,3.249,0.0,137.99
2024-01-01 00:06:24.500,BTCUSDT,BINANCE_USDT,29906.22,0.0217,29904.72,2.749,29906.22,2.566,0.0,185.59
2024-01-01 00:06:25.000,BTCUSDT,BINANCE_USDT,29904.92,1.0767,29904.92,0.540,29906.42,3.783,0.0,118.91
2024-01-01 00:06:25.500,BTCUSDT,BINANCE_USDT,29908.43,0.0382,29907.68,2.640,29909.18,2.324,0.0,114.56
2024-01-01 00:06:26.000,BTCUSDT,BINANCE_USDT,29909.13,0.5122,29908.38,3.796,29909.87,0.615,0.0,110.63
2024-01-01 00:06:26.500,BTCUSDT,BINANCE_USDT,29909.71,0.4810,29908.21,2.501,29909.71,1.790,0.0,135.92
2024-01-01 00:06:27.000,BTCUSDT,BINANCE_USDT,29909.99,0.1575,29908.50,2.816,29909.99,0.930,0.0,114.82
2024-01-01 00:06:27.500,BTCUSDT,BINANCE_USDT,29911.79,1.8703,29910.29,2.325,29911.79,4.498,0.0,176.16
2024-01-01 00:06:28.000,BTCUSDT,BINANCE_USDT,29909.61,1.1583,29909.61,0.516,29911.11,4.317,0.0,188.70
2024-01-01 00:06:28.500,BTCUSDT,BINANCE_USDT,29909.99,1.3805,29909.99,1.692,29911.49,2.958,0.0,136.51
2024-01-01 00:06:29.000,BTCUSDT,BINANCE_USDT,29910.64,0.1067,29910.64,4.056,29912.14,0.705,0.0,166.06
2024-01-01 00:06:29.500,BTCUSDT,BINANCE_USDT,29910.40,1.2149,29909.65,0.696,29911.15,4.184,0.0,184.44
2024-01-01 00:06:30.000,BTCUSDT,BINANCE_USDT,29909.14,0.8370,29909.14,2.606,29910.63,4.959,0.0,128.14
2024-01-01 00:06:30.500,BTCUSDT,BINANCE_USDT,29907.96,0.0552,29907.96,1.780,29909.46,4.868,0.0,195.92
2024-01-01 00:06:31.000,BTCUSDT,BINANCE_USDT,29908.89,1.1326,29907.39,1.511,29908.89,3.148,0.0,149.36
2024-01-01 00:06:31.500,BTCUSDT,BINANCE_USDT,29909.09,1.4399,29908.34,2.992,29909.84,2.188,0.0,107.54
2024-01-01 00:06:32.000,BTCUSDT,BINANCE_USDT,29911.27,1.7023,29910.52,4.636,29912.01,4.024,0.0,119.26
2024-01-01 00:06:32.500,BTCUSDT,BINANCE_USDT,29910.47,1.9440,29910.47,2.511,29911.97,0.717,0.0,197.59
2024-01-01 00:06:33.000,BTCUSDT,BINANCE_USDT,29910.56,0.9869,29909.81,2.182,29911.30,0.884,0.0,182.86
2024-01-01 00:06:33.500,BTCUSDT,BINANCE_USDT,29909.34,0.3792,29909.34,1.513,29910.84,4.669,0.0,166.14
2024-01-01 00:06:34.000,BTCUSDT,BINANCE_USDT,29909.56,1.2040,29908.07,4.123,29909.56,4.640,0.0,189.96
2024-01-01 00:06:34.500,BTCUSDT,BINANCE_USDT,29912.41,0.0682,29911.66,2.845,29913.16,2.083,0.0,109.63
2024-01-01 00:06:35.000,BTCUSDT,BINANCE_USDT,29910.38,1.3457,29910.38,0.917,29911.88,2.535,0.0,177.47
2024-01-01 00:06:35.500,BTCUSDT,BINANCE_USDT,29913.76,0.8894,29912.26,4.967,29913.76,4.931,0.0,180.44
2024-01-01 00:06:36.000,BTCUSDT,BINANCE_USDT,29914.23,1.4514,29912.74,4.623,29914.23,2.736,0.0,179.04
2024-01-01 00:06:36.500,BTCUSDT,BINANCE_USDT,29914.74,1.4198,29913.24,2.011,29914.74,0.735,0.0,195.25
2024-01-01 00:06:37.000,BTCUSDT,BINANCE_USDT,29915.08,0.5623,29915.08,1.674,29916.57,3.572,0.0,145.94
2024-01-01 00:06:37.500,BTCUSDT,BINANCE_USDT,29917.74,0.3359,29917.74,3.314,29919.24,3.174,0.0,130.80
2024-01-01 00:06:38.000,BTCUSDT,BINANCE_USDT,29917.71,1.3816,29917.71,0.568,29919.21,3.577,0.0,156.61
2024-01-01 00:06:38.500,BTCUSDT,BINANCE_USDT,29921.14,0.4016,29919.65,2.579,29921.14,2.431,0.0,104.84
2024-01-01 00:06:39.000,BTCUSDT,BINANCE_USDT,29920.59,1.0649,29919.84,1.666,29921.34,1.030,0.0,187.88
2024-01-01 00:06:39.500,BTCUSDT,BINANCE_USDT,29918.45,1.8048,29918.45,3.055,29919.94,3.709,0.0,110.85
2024-01-01 00:06:40.000,BTCUSDT,BINANCE_USDT,29918.86,1.2721,29918.12,2.639,29919.61,1.634,0.0,147.81
2024-01-01 00:06:40.500,BTCUSDT,BINANCE_USDT,29919.82,0.7207,29919.82,1.776,29921.31,4.834,0.0,161.22
2024-01-01 00:06:41.000,BTCUSDT,BINANCE_USDT,29917.81,0.9927,29917.81,4.771,29919.31,4.809,0.0,159.69
2024-01-01 00:06:41.500,BTCUSDT,BINANCE_USDT,29917.95,0.0854,29917.20,1.695,29918.70,0.795,0.0,145.40
2024-01-01 00:06:42.000,BTCUSDT,BINANCE_USDT,29915.38,1.7733,29914.63,3.007,29916.13,1.102,0.0,169.34
2024-01-01 00:06:42.500,BTCUSDT,BINANCE_USDT,29914.32,1.2033,29914.32,4.319,29915.82,1.830,0.0,176.76
2024-01-01 00:06:43.000,BTCUSDT,BINANCE_USDT,29916.49,0.8768,29914.99,3.335,29916.49,2.356,0.0,193.67
2024-01-01 00:06:43.500,BTCUSDT,BINANCE_USDT,29915.73,1.4076,29914.98,1.670,29916.48,4.425,0.0,156.36
2024-01-01 00:06:44.000,BTCUSDT,BINANCE_USDT,29916.15,0.6487,29915.40,3.375,29916.90,2.999,0.0,119.89
2024-01-01 00:06:44.500,BTCUSDT,BINANCE_USDT,29918.32,0.4438,29918.32,1.766,29919.81,4.032,0.0,169.59
2024-01-01 00:06:45.000,BTCUSDT,BINANCE_USDT,29920.70,0.5839,29919.21,0.673,29920.70,2.604,0.0,177.85
2024-01-01 00:06:45.500,BTCUSDT,BINANCE_USDT,29919.47,1.9880,29918.72,4.116,29920.22,1.759,0.0,187.87
2024-01-01 00:06:46.000,BTCUSDT,BINANCE_USDT,29920.11,1.4077,29920.11,0.808,29921.61,2.723,0.0,191.33
2024-01-01 00:06:46.500,BTCUSDT,BINANCE_USDT,29921.90,0.4407,29920.41,1.885,29921.90,2.502,0.0,131.66
2024-01-01 00:06:47.000,BTCUSDT,BINANCE_USDT,29921.49,0.2464,29919.99,1.458,29921.49,1.748,0.0,162.06
2024-01-01 00:06:47.500,BTCUSDT,BINANCE_USDT,29921.33,0.3292,29919.83,4.304,29921.33,2.693,0.0,127.55
2024-01-01 00:06:48.000,BTCUSDT,BINANCE_USDT,29919.61,1.9000,29919.61,3.039,29921.11,1.377,0.0,197.04
2024-01-01 00:06:48.500,BTCUSDT,BINANCE_USDT,29920.58,1.2182,29919.09,0.562,29920.58,1.484,0.0,171.68
2024-01-01 00:06:49.000,BTCUSDT,BINANCE_USDT,29922.20,0.9622,29920.70,2.871,29922.20,1.325,0.0,155.95
2024-01-01 00:06:49.500,BTCUSDT,BINANCE_USDT,29923.05,0.9268,29923.05,2.668,29924.55,0.754,0.0,195.50
2024-01-01 00:06:50.000,BTCUSDT,BINANCE_USDT,29925.40,1.7885,29924.65,3.173,29926.15,4.823,0.0,169.95
2024-01-01 00:06:50.500,BTCUSDT,BINANCE_USDT,29925.20,1.9882,29924.45,3.068,29925.95,4.789,0.0,172.94
2024-01-01 00:06:51.000,BTCUSDT,BINANCE_USDT,29923.38,0.8891,29922.63,2.895,29924.13,3.228,0.0,192.70
2024-01-01 00:06:51.500,BTCUSDT,BINANCE_USDT,29924.54,1.0215,29923.04,3.409,29924.54,1.554,0.0,116.49
2024-01-01 00:06:52.000,BTCUSDT,BINANCE_USDT,29923.13,0.3442,29921.64,4.217,29923.13,2.360,0.0,199.29
2024-01-01 00:06:52.500,BTCUSDT,BINANCE_USDT,29924.22,0.4364,29922.73,3.885,29924.22,0.555,0.0,157.76
2024-01-01 00:06:53.000,BTCUSDT,BINANCE_USDT,29924.24,0.8484,29923.49,2.559,29924.99,0.981,0.0,131.93
2024-01-01 00:06:53.500,BTCUSDT,BINANCE_USDT,29923.93,1.9497,29922.43,4.194,29923.93,2.660,0.0,148.68
2024-01-01 00:06:54.000,BTCUSDT,BINANCE_USDT,29923.31,1.4334,29921.82,1.549,29923.31,3.817,0.0,161.63
2024-01-01 00:06:54.500,BTCUSDT,BINANCE_USDT,29922.12,1.3347,29921.38,2.260,29922.87,0.973,0.0,158.49
2024-01-01 00:06:55.000,BTCUSDT,BINANCE_USDT,29921.34,0.6288,29920.59,2.376,29922.09,2.379,0.0,184.95
2024-01-01 00:06:55.500,BTCUSDT,BINANCE_USDT,29918.37,1.1218,29917.62,2.332,29919.11,4.593,0.0,167.30
2024-01-01 00:06:56.000,BTCUSDT,BINANCE_USDT,29919.77,1.8979,29919.77,2.834,29921.26,3.780,0.0,190.26
2024-01-01 00:06:56.500,BTCUSDT,BINANCE_USDT,29921.66,0.0503,29920.16,3.378,29921.66,3.779,0.0,157.88
2024-01-01 00:06:57.000,BTCUSDT,BINANCE_USDT,29919.89,1.6733,29919.89,2.863,29921.38,2.232,0.0,164.37
2024-01-01 00:06:57.500,BTCUSDT,BINANCE_USDT,29919.56,1.0396,29918.81,3.410,29920.31,2.527,0.0,192.70
2024-01-01 00:06:58.000,BTCUSDT,BINANCE_USDT,29917.73,1.6994,29916.98,2.132,29918.48,0.804,0.0,158.17
2024-01-01 00:06:58.500,BTCUSDT,BINANCE_USDT,29917.11,0.9462,29916.36,4.738,29917.85,3.990,0.0,107.49
2024-01-01 00:06:59.000,BTCUSDT,BINANCE_USDT,29916.74,1.8936,29915.99,2.306,29917.48,0.527,0.0,191.02
2024-01-01 00:06:59.500,BTCUSDT,BINANCE_USDT,29917.93,1.8955,29916.43,3.862,29917.93,1.593,0.0,106.68
2024-01-01 00:07:00.000,BTCUSDT,BINANCE_USDT,29917.54,0.6575,29916.04,3.080,29917.54,2.169,0.0,173.16
2024-01-01 00:07:00.500,BTCUSDT,BINANCE_USDT,29916.83,0.6093,29915.34,1.427,29916.83,3.884,0.0,104.43
2024-01-01 00:07:01.000,BTCUSDT,BINANCE_USDT,29917.23,1.6234,29917.23,3.980,29918.73,2.391,0.0,153.01
2024-01-01 00:07:01.500,BTCUSDT,BINANCE_USDT,29918.95,0.2677,29917.45,1.293,29918.95,1.554,0.0,118.13
2024-01-01 00:07:02.000,BTCUSDT,BINANCE_USDT,29916.29,1.4058,29916.29,1.366,29917.79,1.019,0.0,178.06
2024-01-01 00:07:02.500,BTCUSDT,BINANCE_USDT,29915.09,1.9613,29914.35,1.768,29915.84,3.595,0.0,169.72
2024-01-01 00:07:03.000,BTCUSDT,BINANCE_USDT,29914.16,0.4137,29914.16,2.787,29915.65,4.495,0.0,145.29
2024-01-01 00:07:03.500,BTCUSDT,BINANCE_USDT,29913.77,1.4079,29913.77,1.582,29915.27,3.616,0.0,154.27
2024-01-01 00:07:04.000,BTCUSDT,BINANCE_USDT,29915.28,0.7181,29914.53,3.491,29916.03,2.241,0.0,147.82
2024-01-01 00:07:04.500,BTCUSDT,BINANCE_USDT,29916.24,0.4072,29915.49,1.062,29916.99,2.531,0.0,128.85
2024-01-01 00:07:05.000,BTCUSDT,BINANCE_USDT,29919.04,0.4274,29919.04,4.304,29920.54,4.128,0.0,126.68
2024-01-01 00:07:05.500,BTCUSDT,BINANCE_USDT,29916.99,1.5225,29916.99,3.693,29918.49,1.628,0.0,175.88
2024-01-01 00:07:06.000,BTCUSDT,BINANCE_USDT,29917.82,1.0136,29917.07,3.117,29918.57,2.892,0.0,198.25
2024-01-01 00:07:06.500,BTCUSDT,BINANCE_USDT,29918.19,1.0201,29917.44,1.134,29918.94,2.784,0.0,117.14
2024-01-01 00:07:07.000,BTCUSDT,BINANCE_USDT,29918.93,1.2882,29918.19,4.521,29919.68,4.143,0.0,120.14
2024-01-01 00:07:07.500,BTCUSDT,BINANCE_USDT,29921.24,0.8192,29919.74,4.666,29921.24,4.007,0.0,186.88
2024-01-01 00:07:08.000,BTCUSDT,BINANCE_USDT,29922.74,1.0923,29921.24,3.579,29922.74,3.560,0.0,152.89
2024-01-01 00:07:08.500,BTCUSDT,BINANCE_USDT,29921.77,0.9020,29921.77,1.094,29923.27,2.896,0.0,180.84
2024-01-01 00:07:09.000,BTCUSDT,BINANCE_USDT,29919.32,0.0335,29919.32,3.843,29920.81,4.674,0.0,136.58
2024-01-01 00:07:09.500,BTCUSDT,BINANCE_USDT,29920.09,1.6817,29919.34,3.524,29920.83,4.785,0.0,133.48
2024-01-01 00:07:10.000,BTCUSDT,BINANCE_USDT,29922.28,1.4341,29920.79,0.501,29922.28,0.837,0.0,155.32
2024-01-01 00:07:10.500,BTCUSDT,BINANCE_USDT,29919.10,0.1259,29919.10,2.424,29920.59,1.646,0.0,106.09
2024-01-01 00:07:11.000,BTCUSDT,BINANCE_USDT,29919.12,1.9474,29919.12,0.695,29920.62,3.149,0.0,109.92
2024-01-01 00:07:11.500,BTCUSDT,BINANCE_USDT,29919.02,1.7809,29918.28,2.505,29919.77,2.799,0.0,171.00
2024-01-01 00:07:12.000,BTCUSDT,BINANCE_USDT,29919.27,1.0632,29918.52,3.487,29920.02,2.884,0.0,115.49
2024-01-01 00:07:12.500,BTCUSDT,BINANCE_USDT,29918.25,1.7972,29916.76,2.505,29918.25,1.386,0.0,141.34
2024-01-01 00:07:13.000,BTCUSDT,BINANCE_USDT,29916.97,0.8039,29916.97,2.313,29918.46,3.375,0.0,155.74
2024-01-01 00:07:13.500,BTCUSDT,BINANCE_USDT,29915.89,0.9434,29915.14,3.169,29916.64,2.971,0.0,176.26
2024-01-01 00:07:14.000,BTCUSDT,BINANCE_USDT,29915.28,1.0622,29915.28,3.537,29916.77,2.686,0.0,142.30
2024-01-01 00:07:14.500,BTCUSDT,BINANCE_USDT,29916.49,1.5334,29916.49,3.940,29917.99,3.581,0.0,122.17
2024-01-01 00:07:15.000,BTCUSDT,BINANCE_USDT,29916.65,1.0491,29916.65,1.102,29918.15,3.090,0.0,198.99
2024-01-01 00:07:15.500,BTCUSDT,BINANCE_USDT,29916.60,1.9460,29916.60,3.302,29918.10,3.848,0.0,153.05
2024-01-01 00:07:16.000,BTCUSDT,BINANCE_USDT,29916.11,1.9979,29915.36,4.225,29916.86,4.401,0.0,140.32
2024-01-01 00:07:16.500,BTCUSDT,BINANCE_USDT,29912.41,1.5007,29911.66,4.371,29913.16,3.473,0.0,117.93
2024-01-01 00:07:17.000,BTCUSDT,BINANCE_USDT,29913.02,1.2022,29911.52,1.311,29913.02,1.717,0.0,122.84
2024-01-01 00:07:17.500,BTCUSDT,BINANCE_USDT,29913.35,1.0958,29911.85,1.539,29913.35,3.709,0.0,117.63
2024-01-01 00:07:18.000,BTCUSDT,BINANCE_USDT,29912.92,0.2300,29912.17,4.211,29913.67,4.151,0.0,140.03
2024-01-01 00:07:18.500,BTCUSDT,BINANCE_USDT,29912.29,0.2555,29912.29,3.527,29913.79,4.491,0.0,185.44
2024-01-01 00:07:19.000,BTCUSDT,BINANCE_USDT,29912.88,0.2817,29912.13,4.660,29913.62,2.761,0.0,180.88
2024-01-01 00:07:19.500,BTCUSDT,BINANCE_USDT,29914.51,0.9377,29913.76,3.332,29915.25,2.254,0.0,125.75
2024-01-01 00:07:20.000,BTCUSDT,BINANCE_USDT,29914.51,0.5869,29913.76,3.049,29915.26,2.967,0.0,161.96
2024-01-01 00:07:20.500,BTCUSDT,BINANCE_USDT,29916.08,0.7855,29914.58,2.175,29916.08,4.512,0.0,164.35
2024-01-01 00:07:21.000,BTCUSDT,BINANCE_USDT,29917.23,0.5952,29915.73,2.230,29917.23,1.294,0.0,154.00
2024-01-01 00:07:21.500,BTCUSDT,BINANCE_USDT,29918.85,1.5748,29917.35,0.840,29918.85,4.620,0.0,114.32
2024-01-01 00:07:22.000,BTCUSDT,BINANCE_USDT,29919.23,1.9493,29919.23,2.473,29920.72,4.075,0.0,176.98
2024-01-01 00:07:22.500,BTCUSDT,BINANCE_USDT,29919.33,1.4169,29918.58,4.670,29920.08,4.848,0.0,142.05
2024-01-01 00:07:23.000,BTCUSDT,BINANCE_USDT,29917.91,0.5410,29916.42,3.894,29917.91,3.601,0.0,141.58
2024-01-01 00:07:23.500,BTCUSDT,BINANCE_USDT,29917.15,0.2032,29917.15,1.718,29918.65,3.228,0.0,181.68
2024-01-01 00:07:24.000,BTCUSDT,BINANCE_USDT,29918.01,1.2934,29917.26,1.307,29918.76,1.899,0.0,149.10
2024-01-01 00:07:24.500,BTCUSDT,BINANCE_USDT,29916.92,0.0669,29916.92,3.474,29918.41,2.237,0.0,197.26
2024-01-01 00:07:25.000,BTCUSDT,BINANCE_USDT,29917.44,1.7114,29917.44,3.064,29918.93,4.954,0.0,159.00
2024-01-01 00:07:25.500,BTCUSDT,BINANCE_USDT,29918.47,1.2195,29916.97,2.408,29918.47,4.837,0.0,164.26
2024-01-01 00:07:26.000,BTCUSDT,BINANCE_USDT,29918.80,0.0260,29918.80,3.766,29920.30,1.228,0.0,176.70
2024-01-01 00:07:26.500,BTCUSDT,BINANCE_USDT,29917.31,1.8975,29917.31,1.695,29918.81,2.946,0.0,198.37
2024-01-01 00:07:27.000,BTCUSDT,BINANCE_USDT,29918.85,1.2974,29918.85,4.472,29920.34,4.422,0.0,189.23
2024-01-01 00:07:27.500,BTCUSDT,BINANCE_USDT,29920.14,0.5224,29919.39,4.948,29920.89,1.354,0.0,121.59
2024-01-01 00:07:28.000,BTCUSDT,BINANCE_USDT,29918.51,0.8222,29918.51,2.814,29920.00,1.472,0.0,122.69
2024-01-01 00:07:28.500,BTCUSDT,BINANCE_USDT,29920.19,0.1006,29919.44,1.151,29920.93,2.421,0.0,156.50
2024-01-01 00:07:29.000,BTCUSDT,BINANCE_USDT,29919.03,0.0504,29918.28,2.976,29919.78,2.556,0.0,150.08
2024-01-01 00:07:29.500,BTCUSDT,BINANCE_USDT,29918.37,0.1481,29917.62,3.220,29919.12,2.662,0.0,189.47
2024-01-01 00:07:30.000,BTCUSDT,BINANCE_USDT,29920.33,0.0166,29918.84,3.713,29920.33,3.217,0.0,156.12
2024-01-01 00:07:30.500,BTCUSDT,BINANCE_USDT,29919.97,1.1617,29919.22,2.518,29920.72,4.365,0.0,124.66
2024-01-01 00:07:31.000,BTCUSDT,BINANCE_USDT,29922.59,0.2476,29921.09,2.865,29922.59,2.743,0.0,155.89
2024-01-01 00:07:31.500,BTCUSDT,BINANCE_USDT,29922.51,0.4906,29921.02,3.640,29922.51,1.578,0.0,126.69
2024-01-01 00:07:32.000,BTCUSDT,BINANCE_USDT,29920.45,0.6185,29920.45,2.362,29921.95,4.012,0.0,155.36
2024-01-01 00:07:32.500,BTCUSDT,BINANCE_USDT,29919.85,1.0859,29919.10,1.152,29920.60,3.251,0.0,153.99
2024-01-01 00:07:33.000,BTCUSDT,BINANCE_USDT,29918.69,1.2898,29917.20,2.684,29918.69,2.965,0.0,177.26
2024-01-01 00:07:33.500,BTCUSDT,BINANCE_USDT,29919.29,0.2854,29917.80,3.157,29919.29,1.751,0.0,142.89
2024-01-01 00:07:34.000,BTCUSDT,BINANCE_USDT,29919.56,0.5049,29919.56,4.957,29921.06,3.718,0.0,110.28
2024-01-01 00:07:34.500,BTCUSDT,BINANCE_USDT,29919.62,0.0825,29918.87,0.519,29920.37,0.998,0.0,180.98
2024-01-01 00:07:35.000,BTCUSDT,BINANCE_USDT,29916.78,0.3130,29916.78,1.248,29918.27,2.309,0.0,152.90
2024-01-01 00:07:35.500,BTCUSDT,BINANCE_USDT,29918.05,1.2147,29916.56,1.270,29918.05,3.585,0.0,161.57
2024-01-01 00:07:36.000,BTCUSDT,BINANCE_USDT,29916.12,1.9779,29914.63,4.942,29916.12,4.182,0.0,195.29
2024-01-01 00:07:36.500,BTCUSDT,BINANCE_USDT,29916.98,0.1791,29915.48,1.383,29916.98,2.496,0.0,109.28
2024-01-01 00:07:37.000,BTCUSDT,BINANCE_USDT,29914.94,1.8801,29914.19,0.818,29915.68,4.280,0.0,121.37
2024-01-01 00:07:37.500,BTCUSDT,BINANCE_USDT,29913.14,1.8304,29912.39,0.949,29913.89,4.735,0.0,141.65
2024-01-01 00:07:38.000,BTCUSDT,BINANCE_USDT,29914.15,1.9276,29912.65,3.680,29914.15,2.910,0.0,148.45
2024-01-01 00:07:38.500,BTCUSDT,BINANCE_USDT,29912.76,0.6076,29911.27,2.886,29912.76,2.197,0.0,168.94
2024-01-01 00:07:39.000,BTCUSDT,BINANCE_USDT,29911.73,1.3717,29911.73,1.304,29913.22,1.706,0.0,110.20
2024-01-01 00:07:39.500,BTCUSDT,BINANCE_USDT,29912.68,0.7962,29911.93,2.179,29913.43,2.693,0.0,167.14
2024-01-01 00:07:40.000,BTCUSDT,BINANCE_USDT,29909.60,0.9116,29909.60,4.913,29911.09,3.130,0.0,179.46
2024-01-01 00:07:40.500,BTCUSDT,BINANCE_USDT,29910.97,0.9844,29910.22,3.708,29911.71,2.328,0.0,144.12
2024-01-01 00:07:41.000,BTCUSDT,BINANCE_USDT,29912.13,1.9534,29910.63,3.560,29912.13,3.695,0.0,171.89
2024-01-01 00:07:41.500,BTCUSDT,BINANCE_USDT,29909.53,1.6781,29909.53,1.507,29911.02,4.615,0.0,153.96
2024-01-01 00:07:42.000,BTCUSDT,BINANCE_USDT,29910.25,1.4314,29908.75,4.484,29910.25,2.333,0.0,195.07
2024-01-01 00:07:42.500,BTCUSDT,BINANCE_USDT,29911.35,0.4829,29909.85,3.206,29911.35,4.654,0.0,162.33
2024-01-01 00:07:43.000,BTCUSDT,BINANCE_USDT,29907.93,0.1244,29907.19,3.226,29908.68,3.188,0.0,190.04
2024-01-01 00:07:43.500,BTCUSDT,BINANCE_USDT,29908.93,1.7654,29907.44,4.888,29908.93,0.647,0.0,173.31
2024-01-01 00:07:44.000,BTCUSDT,BINANCE_USDT,29907.67,0.8270,29906.18,1.054,29907.67,3.358,0.0,145.68
2024-01-01 00:07:44.500,BTCUSDT,BINANCE_USDT,29905.84,0.3045,29904.34,2.828,29905.84,3.317,0.0,138.21
2024-01-01 00:07:45.000,BTCUSDT,BINANCE_USDT,29906.68,1.1643,29905.93,2.234,29907.43,0.650,0.0,110.58
2024-01-01 00:07:45.500,BTCUSDT,BINANCE_USDT,29905.55,1.4167,29905.55,3.220,29907.04,2.669,0.0,162.87
2024-01-01 00:07:46.000,BTCUSDT,BINANCE_USDT,29906.84,0.6590,29905.35,4.162,29906.84,1.538,0.0,198.20
2024-01-01 00:07:46.500,BTCUSDT,BINANCE_USDT,29907.94,1.6892,29906.44,1.065,29907.94,4.420,0.0,156.23
2024-01-01 00:07:47.000,BTCUSDT,BINANCE_USDT,29907.86,0.3801,29906.37,3.885,29907.86,1.683,0.0,198.12
2024-01-01 00:07:47.500,BTCUSDT,BINANCE_USDT,29905.95,0.1302,29905.20,1.113,29906.69,0.891,0.0,101.50
2024-01-01 00:07:48.000,BTCUSDT,BINANCE_USDT,29905.48,0.4309,29905.48,0.548,29906.97,4.262,0.0,194.67
2024-01-01 00:07:48.500,BTCUSDT,BINANCE_USDT,29906.78,1.8450,29906.03,2.833,29907.53,2.783,0.0,116.92
2024-01-01 00:07:49.000,BTCUSDT,BINANCE_USDT,29905.74,0.0048,29904.25,3.318,29905.74,1.748,0.0,145.69
2024-01-01 00:07:49.500,BTCUSDT,BINANCE_USDT,29904.74,1.5819,29904.74,1.937,29906.24,2.895,0.0,147.76
2024-01-01 00:07:50.000,BTCUSDT,BINANCE_USDT,29903.53,0.2156,29903.53,4.853,29905.03,2.418,0.0,197.53
2024-01-01 00:07:50.500,BTCUSDT,BINANCE_USDT,29904.25,0.7400,29904.25,2.823,29905.74,1.319,0.0,161.44
2024-01-01 00:07:51.000,BTCUSDT,BINANCE_USDT,29904.39,1.2412,29903.64,1.773,29905.13,4.377,0.0,121.38
2024-01-01 00:07:51.500,BTCUSDT,BINANCE_USDT,29904.79,1.6337,29903.30,2.469,29904.79,4.520,0.0,119.38
2024-01-01 00:07:52.000,BTCUSDT,BINANCE_USDT,29903.12,0.6194,29903.12,4.297,29904.62,4.643,0.0,189.91
2024-01-01 00:07:52.500,BTCUSDT,BINANCE_USDT,29905.78,0.5507,29905.03,4.737,29906.52,1.945,0.0,157.53
2024-01-01 00:07:53.000,BTCUSDT,BINANCE_USDT,29906.14,1.9905,29905.40,1.477,29906.89,2.902,0.0,129.56
2024-01-01 00:07:53.500,BTCUSDT,BINANCE_USDT,29906.68,1.1649,29905.18,3.662,29906.68,3.298,0.0,181.46
2024-01-01 00:07:54.000,BTCUSDT,BINANCE_USDT,29904.12,1.6056,29904.12,1.144,29905.62,0.559,0.0,171.04
2024-01-01 00:07:54.500,BTCUSDT,BINANCE_USDT,29902.40,0.2164,29902.40,1.858,29903.89,3.968,0.0,155.11
2024-01-01 00:07:55.000,BTCUSDT,BINANCE_USDT,29900.56,0.2657,29900.56,0.558,29902.06,4.164,0.0,110.64
2024-01-01 00:07:55.500,BTCUSDT,BINANCE_USDT,29903.33,0.3134,29901.84,2.193,29903.33,3.165,0.0,110.44
2024-01-01 00:07:56.000,BTCUSDT,BINANCE_USDT,29901.05,1.1987,29900.30,2.004,29901.80,2.768,0.0,192.94
2024-01-01 00:07:56.500,BTCUSDT,BINANCE_USDT,29902.41,0.3269,29900.92,2.178,29902.41,4.691,0.0,124.49
2024-01-01 00:07:57.000,BTCUSDT,BINANCE_USDT,29901.78,1.5276,29901.78,3.717,29903.27,4.345,0.0,169.41
2024-01-01 00:07:57.500,BTCUSDT,BINANCE_USDT,29904.85,0.9063,29903.35,4.569,29904.85,4.204,0.0,102.38
2024-01-01 00:07:58.000,BTCUSDT,BINANCE_USDT,29904.08,1.8350,29903.33,3.380,29904.83,4.453,0.0,131.10
2024-01-01 00:07:58.500,BTCUSDT,BINANCE_USDT,29903.75,0.3090,29903.00,1.573,29904.50,4.515,0.0,110.11
2024-01-01 00:07:59.000,BTCUSDT,BINANCE_USDT,29900.98,0.3257,29899.49,0.621,29900.98,4.059,0.0,158.82
2024-01-01 00:07:59.500,BTCUSDT,BINANCE_USDT,29900.64,0.6119,29899.14,4.332,29900.64,0.553,0.0,122.18
2024-01-01 00:08:00.000,BTCUSDT,BINANCE_USDT,29901.11,0.0513,29900.37,0.780,29901.86,2.826,0.0,151.58
2024-01-01 00:08:00.500,BTCUSDT,BINANCE_USDT,29899.25,1.0269,29899.25,1.284,29900.75,4.123,0.0,163.77
2024-01-01 00:08:01.000,BTCUSDT,BINANCE_USDT,29902.08,0.1447,29900.59,4.874,29902.08,4.619,0.0,149.51
2024-01-01 00:08:01.500,BTCUSDT,BINANCE_USDT,29901.71,1.0142,29900.22,2.745,29901.71,2.014,0.0,150.61
2024-01-01 00:08:02.000,BTCUSDT,BINANCE_USDT,29901.86,0.3644,29901.11,2.321,29902.61,4.502,0.0,190.43
2024-01-01 00:08:02.500,BTCUSDT,BINANCE_USDT,29903.50,0.9778,29902.00,4.344,29903.50,3.523,0.0,128.02
2024-01-01 00:08:03.000,BTCUSDT,BINANCE_USDT,29902.50,1.4662,29901.75,4.249,29903.25,2.203,0.0,198.62
2024-01-01 00:08:03.500,BTCUSDT,BINANCE_USDT,29900.54,1.5328,29900.54,1.499,29902.04,1.957,0.0,135.77
2024-01-01 00:08:04.000,BTCUSDT,BINANCE_USDT,29901.60,0.1302,29900.85,1.305,29902.35,2.887,0.0,105.34
2024-01-01 00:08:04.500,BTCUSDT,BINANCE_USDT,29901.93,1.8992,29901.19,1.282,29902.68,4.687,0.0,129.67
2024-01-01 00:08:05.000,BTCUSDT,BINANCE_USDT,29900.09,0.8172,29900.09,2.878,29901.58,4.597,0.0,143.35
2024-01-01 00:08:05.500,BTCUSDT,BINANCE_USDT,29901.22,1.7635,29900.47,2.991,29901.96,4.591,0.0,127.09
2024-01-01 00:08:06.000,BTCUSDT,BINANCE_USDT,29902.61,1.6950,29901.11,0.534,29902.61,1.164,0.0,119.63
2024-01-01 00:08:06.500,BTCUSDT,BINANCE_USDT,29902.20,1.1487,29900.71,1.734,29902.20,3.988,0.0,102.21
2024-01-01 00:08:07.000,BTCUSDT,BINANCE_USDT,29901.22,0.3091,29901.22,4.122,29902.71,3.378,0.0,108.79
2024-01-01 00:08:07.500,BTCUSDT,BINANCE_USDT,29902.94,0.5787,29901.44,4.388,29902.94,3.819,0.0,127.78
2024-01-01 00:08:08.000,BTCUSDT,BINANCE_USDT,29900.74,0.8825,29899.24,3.914,29900.74,1.019,0.0,180.06
2024-01-01 00:08:08.500,BTCUSDT,BINANCE_USDT,29898.47,0.2490,29896.97,0.838,29898.47,1.838,0.0,198.44
2024-01-01 00:08:09.000,BTCUSDT,BINANCE_USDT,29898.60,0.5726,29898.60,3.350,29900.10,0.894,0.0,181.41
2024-01-01 00:08:09.500,BTCUSDT,BINANCE_USDT,29898.34,0.6319,29897.60,2.408,29899.09,1.940,0.0,170.76
2024-01-01 00:08:10.000,BTCUSDT,BINANCE_USDT,29898.87,1.6176,29898.12,4.625,29899.61,3.278,0.0,179.09
2024-01-01 00:08:10.500,BTCUSDT,BINANCE_USDT,29899.73,0.7981,29899.73,1.783,29901.23,4.564,0.0,156.89
2024-01-01 00:08:11.000,BTCUSDT,BINANCE_USDT,29901.79,0.6871,29901.79,2.032,29903.29,3.804,0.0,131.08
2024-01-01 00:08:11.500,BTCUSDT,BINANCE_USDT,29900.91,1.5223,29900.16,2.970,29901.65,1.895,0.0,135.72
2024-01-01 00:08:12.000,BTCUSDT,BINANCE_USDT,29903.24,1.3525,29902.50,1.668,29903.99,4.809,0.0,172.20
2024-01-01 00:08:12.500,BTCUSDT,BINANCE_USDT,29905.81,1.6658,29904.32,0.790,29905.81,1.424,0.0,180.87
2024-01-01 00:08:13.000,BTCUSDT,BINANCE_USDT,29905.30,0.0911,29903.80,1.430,29905.30,4.674,0.0,188.79
2024-01-01 00:08:13.500,BTCUSDT,BINANCE_USDT,29906.44,1.2925,29905.69,2.143,29907.19,4.888,0.0,139.89
2024-01-01 00:08:14.000,BTCUSDT,BINANCE_USDT,29904.91,1.5545,29904.91,2.989,29906.41,0.573,0.0,172.10
2024-01-01 00:08:14.500,BTCUSDT,BINANCE_USDT,29904.10,1.1670,29903.35,0.908,29904.84,2.624,0.0,175.93
2024-01-01 00:08:15.000,BTCUSDT,BINANCE_USDT,29903.01,1.4642,29903.01,4.841,29904.51,0.672,0.0,111.47
2024-01-01 00:08:15.500,BTCUSDT,BINANCE_USDT,29907.66,0.5126,29906.16,1.106,29907.66,4.798,0.0,133.10
2024-01-01 00:08:16.000,BTCUSDT,BINANCE_USDT,29904.51,0.6607,29904.51,4.104,29906.01,0.942,0.0,131.80
2024-01-01 00:08:16.500,BTCUSDT,BINANCE_USDT,29906.23,0.7151,29904.74,1.550,29906.23,4.893,0.0,174.86
2024-01-01 00:08:17.000,BTCUSDT,BINANCE_USDT,29906.66,0.1666,29905.17,1.043,29906.66,2.707,0.0,143.84
2024-01-01 00:08:17.500,BTCUSDT,BINANCE_USDT,29902.93,1.2292,29902.93,1.628,29904.42,2.387,0.0,150.75
2024-01-01 00:08:18.000,BTCUSDT,BINANCE_USDT,29904.09,0.9565,29903.35,4.158,29904.84,1.159,0.0,120.18
2024-01-01 00:08:18.500,BTCUSDT,BINANCE_USDT,29902.81,1.1763,29902.06,2.908,29903.56,1.027,0.0,125.13
2024-01-01 00:08:19.000,BTCUSDT,BINANCE_USDT,29900.39,1.6813,29900.39,1.187,29901.89,1.648,0.0,129.13
2024-01-01 00:08:19.500,BTCUSDT,BINANCE_USDT,29900.26,1.8662,29900.26,1.386,29901.76,0.665,0.0,144.35
2024-01-01 00:08:20.000,BTCUSDT,BINANCE_USDT,29902.02,0.3841,29901.27,4.847,29902.77,2.867,0.0,199.70
2024-01-01 00:08:20.500,BTCUSDT,BINANCE_USDT,29900.75,1.5642,29900.75,1.594,29902.25,4.157,0.0,166.40
2024-01-01 00:08:21.000,BTCUSDT,BINANCE_USDT,29902.30,1.7264,29900.80,0.998,29902.30,0.864,0.0,186.41
2024-01-01 00:08:21.500,BTCUSDT,BINANCE_USDT,29899.48,1.9717,29899.48,2.070,29900.98,1.774,0.0,154.32
2024-01-01 00:08:22.000,BTCUSDT,BINANCE_USDT,29899.14,0.9743,29898.40,1.284,29899.89,2.965,0.0,133.46
2024-01-01 00:08:22.500,BTCUSDT,BINANCE_USDT,29900.40,1.1141,29898.91,2.287,29900.40,2.283,0.0,196.03
2024-01-01 00:08:23.000,BTCUSDT,BINANCE_USDT,29899.05,0.2790,29897.55,2.320,29899.05,1.237,0.0,141.32
2024-01-01 00:08:23.500,BTCUSDT,BINANCE_USDT,29902.02,0.6244,29900.52,1.279,29902.02,0.942,0.0,157.59
2024-01-01 00:08:24.000,BTCUSDT,BINANCE_USDT,29899.29,0.2420,29899.29,1.994,29900.79,1.471,0.0,164.38
2024-01-01 00:08:24.500,BTCUSDT,BINANCE_USDT,29903.40,1.0376,29901.91,1.677,29903.40,1.613,0.0,180.91
2024-01-01 00:08:25.000,BTCUSDT,BINANCE_USDT,29900.54,1.1054,29900.54,1.000,29902.04,2.908,0.0,161.94
2024-01-01 00:08:25.500,BTCUSDT,BINANCE_USDT,29901.48,0.2992,29899.99,2.827,29901.48,4.207,0.0,111.46
2024-01-01 00:08:26.000,BTCUSDT,BINANCE_USDT,29900.47,0.9195,29900.47,4.218,29901.97,3.754,0.0,178.21
2024-01-01 00:08:26.500,BTCUSDT,BINANCE_USDT,29898.46,0.2124,29898.46,3.862,29899.96,3.656,0.0,116.59
2024-01-01 00:08:27.000,BTCUSDT,BINANCE_USDT,29897.00,1.8185,29896.25,2.465,29897.74,4.263,0.0,195.82
2024-01-01 00:08:27.500,BTCUSDT,BINANCE_USDT,29896.52,1.7611,29896.52,4.356,29898.01,3.005,0.0,108.78
2024-01-01 00:08:28.000,BTCUSDT,BINANCE_USDT,29898.09,0.0839,29896.60,0.834,29898.09,3.210,0.0,127.35
2024-01-01 00:08:28.500,BTCUSDT,BINANCE_USDT,29897.15,0.1786,29897.15,2.078,29898.64,4.131,0.0,107.76
2024-01-01 00:08:29.000,BTCUSDT,BINANCE_USDT,29897.88,0.8629,29897.88,2.472,29899.38,4.311,0.0,116.64
2024-01-01 00:08:29.500,BTCUSDT,BINANCE_USDT,29900.32,0.5342,29899.57,0.684,29901.06,4.588,0.0,129.77
2024-01-01 00:08:30.000,BTCUSDT,BINANCE_USDT,29903.30,0.2577,29901.81,0.699,29903.30,2.758,0.0,103.50
2024-01-01 00:08:30.500,BTCUSDT,BINANCE_USDT,29900.69,0.1283,29900.69,0.942,29902.19,3.146,0.0,190.36
2024-01-01 00:08:31.000,BTCUSDT,BINANCE_USDT,29899.88,0.6980,29899.88,2.866,29901.37,4.688,0.0,175.69
2024-01-01 00:08:31.500,BTCUSDT,BINANCE_USDT,29898.29,1.5954,29897.54,0.914,29899.04,3.372,0.0,174.48
2024-01-01 00:08:32.000,BTCUSDT,BINANCE_USDT,29899.90,0.6352,29898.41,3.762,29899.90,3.204,0.0,167.91
2024-01-01 00:08:32.500,BTCUSDT,BINANCE_USDT,29898.41,0.7041,29898.41,1.769,29899.90,0.697,0.0,166.20
2024-01-01 00:08:33.000,BTCUSDT,BINANCE_USDT,29899.64,0.5164,29898.89,4.535,29900.38,1.762,0.0,167.21
2024-01-01 00:08:33.500,BTCUSDT,BINANCE_USDT,29897.11,1.3644,29897.11,2.687,29898.60,4.211,0.0,106.39
2024-01-01 00:08:34.000,BTCUSDT,BINANCE_USDT,29897.58,1.7061,29897.58,3.218,29899.08,1.023,0.0,110.22
2024-01-01 00:08:34.500,BTCUSDT,BINANCE_USDT,29897.43,0.0647,29896.68,2.710,29898.18,0.615,0.0,173.30
2024-01-01 00:08:35.000,BTCUSDT,BINANCE_USDT,29897.27,0.4828,29895.78,1.871,29897.27,4.879,0.0,121.74
2024-01-01 00:08:35.500,BTCUSDT,BINANCE_USDT,29895.20,0.4812,29895.20,4.666,29896.69,3.894,0.0,109.72
2024-01-01 00:08:36.000,BTCUSDT,BINANCE_USDT,29897.87,0.8231,29897.12,2.684,29898.62,3.216,0.0,114.44
2024-01-01 00:08:36.500,BTCUSDT,BINANCE_USDT,29897.55,0.0735,29896.06,1.533,29897.55,3.574,0.0,149.54
2024-01-01 00:08:37.000,BTCUSDT,BINANCE_USDT,29897.57,1.3170,29896.08,1.916,29897.57,0.899,0.0,173.63
2024-01-01 00:08:37.500,BTCUSDT,BINANCE_USDT,29895.46,0.0700,29895.46,2.337,29896.95,2.518,0.0,118.58
2024-01-01 00:08:38.000,BTCUSDT,BINANCE_USDT,29898.48,0.5668,29896.98,1.505,29898.48,3.145,0.0,102.11
2024-01-01 00:08:38.500,BTCUSDT,BINANCE_USDT,29897.04,0.7860,29896.29,3.997,29897.78,2.523,0.0,122.73
2024-01-01 00:08:39.000,BTCUSDT,BINANCE_USDT,29897.22,1.0358,29896.48,1.149,29897.97,3.638,0.0,150.16
2024-01-01 00:08:39.500,BTCUSDT,BINANCE_USDT,29898.55,1.8581,29897.06,0.510,29898.55,4.194,0.0,138.77
2024-01-01 00:08:40.000,BTCUSDT,BINANCE_USDT,29899.76,1.1800,29898.27,3.477,29899.76,2.170,0.0,168.12
2024-01-01 00:08:40.500,BTCUSDT,BINANCE_USDT,29898.62,1.3494,29897.87,1.722,29899.36,1.708,0.0,126.56
2024-01-01 00:08:41.000,BTCUSDT,BINANCE_USDT,29898.99,1.2435,29898.24,4.358,29899.73,1.597,0.0,138.67
2024-01-01 00:08:41.500,BTCUSDT,BINANCE_USDT,29899.33,1.5260,29899.33,3.191,29900.82,1.229,0.0,149.14
2024-01-01 00:08:42.000,BTCUSDT,BINANCE_USDT,29901.44,1.6664,29900.70,3.659,29902.19,3.903,0.0,141.65
2024-01-01 00:08:42.500,BTCUSDT,BINANCE_USDT,29899.54,0.5238,29899.54,4.379,29901.04,1.664,0.0,108.15
2024-01-01 00:08:43.000,BTCUSDT,BINANCE_USDT,29898.75,0.4943,29898.75,3.806,29900.24,1.249,0.0,126.74
2024-01-01 00:08:43.500,BTCUSDT,BINANCE_USDT,29900.99,0.0617,29900.24,2.179,29901.74,3.125,0.0,114.26
2024-01-01 00:08:44.000,BTCUSDT,BINANCE_USDT,29901.79,0.5513,29900.29,1.570,29901.79,4.037,0.0,106.28
2024-01-01 00:08:44.500,BTCUSDT,BINANCE_USDT,29899.18,0.4564,29899.18,4.450,29900.67,0.723,0.0,141.74
2024-01-01 00:08:45.000,BTCUSDT,BINANCE_USDT,29902.61,0.1039,29901.12,2.846,29902.61,2.917,0.0,190.19
2024-01-01 00:08:45.500,BTCUSDT,BINANCE_USDT,29903.49,0.9212,29901.99,4.669,29903.49,2.286,0.0,120.88
2024-01-01 00:08:46.000,BTCUSDT,BINANCE_USDT,29901.64,1.1758,29900.89,2.856,29902.38,3.853,0.0,150.91
2024-01-01 00:08:46.500,BTCUSDT,BINANCE_USDT,29901.95,1.1887,29901.95,4.824,29903.44,4.139,0.0,143.15
2024-01-01 00:08:47.000,BTCUSDT,BINANCE_USDT,29899.95,0.5811,29899.95,4.510,29901.44,3.986,0.0,178.98
2024-01-01 00:08:47.500,BTCUSDT,BINANCE_USDT,29902.34,0.4052,29900.84,1.676,29902.34,2.078,0.0,140.73
2024-01-01 00:08:48.000,BTCUSDT,BINANCE_USDT,29902.45,1.2539,29900.95,2.891,29902.45,2.683,0.0,124.74
2024-01-01 00:08:48.500,BTCUSDT,BINANCE_USDT,29904.30,1.9375,29902.81,1.842,29904.30,1.173,0.0,128.44
2024-01-01 00:08:49.000,BTCUSDT,BINANCE_USDT,29902.63,0.1391,29902.63,3.662,29904.12,4.850,0.0,170.49
2024-01-01 00:08:49.500,BTCUSDT,BINANCE_USDT,29903.91,1.6502,29903.17,3.849,29904.66,0.588,0.0,177.82
2024-01-01 00:08:50.000,BTCUSDT,BINANCE_USDT,29902.65,0.8863,29902.65,1.096,29904.15,4.378,0.0,111.06
2024-01-01 00:08:50.500,BTCUSDT,BINANCE_USDT,29902.29,1.1073,29902.29,4.698,29903.79,4.625,0.0,160.65
2024-01-01 00:08:51.000,BTCUSDT,BINANCE_USDT,29901.76,0.9585,29901.01,3.638,29902.50,1.623,0.0,139.37
2024-01-01 00:08:51.500,BTCUSDT,BINANCE_USDT,29901.37,1.7580,29900.63,4.716,29902.12,3.308,0.0,160.12
2024-01-01 00:08:52.000,BTCUSDT,BINANCE_USDT,29900.92,0.1718,29899.42,3.837,29900.92,1.081,0.0,165.08
2024-01-01 00:08:52.500,BTCUSDT,BINANCE_USDT,29899.25,0.1110,29898.50,3.051,29899.99,2.238,0.0,156.64
2024-01-01 00:08:53.000,BTCUSDT,BINANCE_USDT,29899.84,0.4959,29898.34,2.341,29899.84,0.901,0.0,152.93
2024-01-01 00:08:53.500,BTCUSDT,BINANCE_USDT,29898.56,1.9627,29898.56,2.044,29900.05,0.594,0.0,108.01
2024-01-01 00:08:54.000,BTCUSDT,BINANCE_USDT,29898.11,1.6191,29897.37,0.532,29898.86,2.509,0.0,173.36
2024-01-01 00:08:54.500,BTCUSDT,BINANCE_USDT,29897.10,1.1107,29897.10,3.027,29898.60,1.057,0.0,153.28
2024-01-01 00:08:55.000,BTCUSDT,BINANCE_USDT,29896.39,1.3289,29896.39,4.926,29897.88,3.043,0.0,176.31
2024-01-01 00:08:55.500,BTCUSDT,BINANCE_USDT,29898.09,0.9182,29897.34,4.094,29898.84,0.763,0.0,148.18
2024-01-01 00:08:56.000,BTCUSDT,BINANCE_USDT,29897.19,1.5117,29895.69,0.929,29897.19,0.713,0.0,189.10
2024-01-01 00:08:56.500,BTCUSDT,BINANCE_USDT,29899.71,0.4017,29898.22,0.961,29899.71,4.296,0.0,186.19
2024-01-01 00:08:57.000,BTCUSDT,BINANCE_USDT,29898.18,1.1378,29897.43,3.352,29898.93,4.352,0.0,141.64
2024-01-01 00:08:57.500,BTCUSDT,BINANCE_USDT,29898.63,1.0196,29897.13,3.818,29898.63,4.180,0.0,163.74
2024-01-01 00:08:58.000,BTCUSDT,BINANCE_USDT,29899.99,0.3581,29898.49,0.601,29899.99,4.968,0.0,104.76
2024-01-01 00:08:58.500,BTCUSDT,BINANCE_USDT,29900.69,1.3067,29900.69,3.379,29902.19,1.964,0.0,117.18
2024-01-01 00:08:59.000,BTCUSDT,BINANCE_USDT,29904.30,1.4037,29902.80,1.106,29904.30,2.852,0.0,193.93
2024-01-01 00:08:59.500,BTCUSDT,BINANCE_USDT,29907.42,1.9287,29905.93,1.596,29907.42,4.435,0.0,148.74
2024-01-01 00:09:00.000,BTCUSDT,BINANCE_USDT,29907.50,1.1847,29906.01,2.805,29907.50,2.439,0.0,102.21
2024-01-01 00:09:00.500,BTCUSDT,BINANCE_USDT,29906.04,0.8013,29905.30,1.937,29906.79,1.200,0.0,133.99
2024-01-01 00:09:01.000,BTCUSDT,BINANCE_USDT,29905.35,1.9752,29903.86,3.565,29905.35,3.681,0.0,153.32
2024-01-01 00:09:01.500,BTCUSDT,BINANCE_USDT,29904.03,1.3031,29904.03,4.828,29905.53,3.003,0.0,117.03
2024-01-01 00:09:02.000,BTCUSDT,BINANCE_USDT,29904.95,0.9971,29904.20,2.059,29905.69,4.820,0.0,189.64
2024-01-01 00:09:02.500,BTCUSDT,BINANCE_USDT,29904.42,1.7930,29902.93,1.265,29904.42,1.172,0.0,132.47
2024-01-01 00:09:03.000,BTCUSDT,BINANCE_USDT,29903.45,1.5430,29901.95,4.033,29903.45,2.190,0.0,138.32
2024-01-01 00:09:03.500,BTCUSDT,BINANCE_USDT,29902.21,0.2398,29900.71,3.869,29902.21,1.038,0.0,114.21
2024-01-01 00:09:04.000,BTCUSDT,BINANCE_USDT,29899.53,0.7750,29899.53,4.952,29901.03,0.993,0.0,158.88
2024-01-01 00:09:04.500,BTCUSDT,BINANCE_USDT,29897.98,1.0218,29897.98,3.613,29899.47,2.078,0.0,140.35
2024-01-01 00:09:05.000,BTCUSDT,BINANCE_USDT,29897.78,0.1466,29897.04,2.681,29898.53,2.736,0.0,197.59
2024-01-01 00:09:05.500,BTCUSDT,BINANCE_USDT,29896.65,0.3074,29895.15,1.342,29896.65,3.471,0.0,115.30
2024-01-01 00:09:06.000,BTCUSDT,BINANCE_USDT,29895.19,1.0977,29894.45,3.591,29895.94,2.998,0.0,100.04
2024-01-01 00:09:06.500,BTCUSDT,BINANCE_USDT,29894.87,0.6745,29894.12,4.031,29895.62,2.665,0.0,130.28
2024-01-01 00:09:07.000,BTCUSDT,BINANCE_USDT,29896.65,1.6344,29895.16,2.330,29896.65,4.404,0.0,107.15
2024-01-01 00:09:07.500,BTCUSDT,BINANCE_USDT,29895.32,0.2658,29895.32,3.255,29896.82,3.507,0.0,118.89
2024-01-01 00:09:08.000,BTCUSDT,BINANCE_USDT,29895.52,0.2469,29894.03,4.147,29895.52,2.979,0.0,120.66
2024-01-01 00:09:08.500,BTCUSDT,BINANCE_USDT,29895.99,0.1813,29895.24,0.730,29896.73,3.922,0.0,167.92
2024-01-01 00:09:09.000,BTCUSDT,BINANCE_USDT,29896.46,1.9767,29896.46,1.468,29897.95,4.738,0.0,126.82
2024-01-01 00:09:09.500,BTCUSDT,BINANCE_USDT,29894.15,0.5424,29894.15,3.606,29895.65,1.534,0.0,171.99
2024-01-01 00:09:10.000,BTCUSDT,BINANCE_USDT,29895.79,1.5303,29895.79,2.039,29897.28,4.193,0.0,141.60
2024-01-01 00:09:10.500,BTCUSDT,BINANCE_USDT,29895.03,0.2386,29895.03,2.423,29896.53,1.210,0.0,185.43
2024-01-01 00:09:11.000,BTCUSDT,BINANCE_USDT,29894.86,0.9039,29894.11,3.277,29895.60,1.354,0.0,167.47
2024-01-01 00:09:11.500,BTCUSDT,BINANCE_USDT,29896.18,1.4266,29894.68,4.338,29896.18,4.586,0.0,145.28
2024-01-01 00:09:12.000,BTCUSDT,BINANCE_USDT,29896.99,1.2401,29896.25,3.408,29897.74,3.663,0.0,101.71
2024-01-01 00:09:12.500,BTCUSDT,BINANCE_USDT,29895.42,1.2913,29893.93,3.216,29895.42,4.427,0.0,103.61
2024-01-01 00:09:13.000,BTCUSDT,BINANCE_USDT,29896.56,0.1451,29895.06,3.984,29896.56,1.875,0.0,186.22
2024-01-01 00:09:13.500,BTCUSDT,BINANCE_USDT,29893.66,0.3117,29893.66,2.498,29895.16,1.321,0.0,155.54
2024-01-01 00:09:14.000,BTCUSDT,BINANCE_USDT,29894.95,1.6752,29893.46,3.371,29894.95,4.858,0.0,157.05
2024-01-01 00:09:14.500,BTCUSDT,BINANCE_USDT,29891.79,1.3593,29891.04,1.006,29892.54,3.103,0.0,164.06
2024-01-01 00:09:15.000,BTCUSDT,BINANCE_USDT,29891.30,0.7170,29889.81,1.737,29891.30,2.498,0.0,153.76
2024-01-01 00:09:15.500,BTCUSDT,BINANCE_USDT,29892.58,1.7877,29891.08,2.675,29892.58,2.685,0.0,108.11
2024-01-01 00:09:16.000,BTCUSDT,BINANCE_USDT,29888.86,1.5303,29888.86,3.580,29890.36,3.066,0.0,110.34
2024-01-01 00:09:16.500,BTCUSDT,BINANCE_USDT,29890.87,0.5790,29889.37,4.708,29890.87,4.389,0.0,158.89
2024-01-01 00:09:17.000,BTCUSDT,BINANCE_USDT,29890.10,0.5094,29888.61,2.881,29890.10,3.137,0.0,169.18
2024-01-01 00:09:17.500,BTCUSDT,BINANCE_USDT,29889.18,0.7282,29887.69,0.980,29889.18,1.283,0.0,119.36
2024-01-01 00:09:18.000,BTCUSDT,BINANCE_USDT,29887.85,0.9191,29886.36,2.515,29887.85,0.812,0.0,199.21
2024-01-01 00:09:18.500,BTCUSDT,BINANCE_USDT,29888.48,0.5866,29887.73,3.723,29889.23,3.793,0.0,192.81
2024-01-01 00:09:19.000,BTCUSDT,BINANCE_USDT,29888.01,1.6089,29888.01,4.523,29889.50,1.704,0.0,158.51
2024-01-01 00:09:19.500,BTCUSDT,BINANCE_USDT,29889.21,1.2018,29887.71,4.605,29889.21,2.907,0.0,126.97
2024-01-01 00:09:20.000,BTCUSDT,BINANCE_USDT,29890.16,1.1605,29888.67,4.077,29890.16,4.367,0.0,181.92
2024-01-01 00:09:20.500,BTCUSDT,BINANCE_USDT,29887.29,0.9957,29887.29,2.377,29888.79,3.272,0.0,188.60
2024-01-01 00:09:21.000,BTCUSDT,BINANCE_USDT,29887.16,1.1765,29886.41,2.825,29887.90,4.524,0.0,190.73
2024-01-01 00:09:21.500,BTCUSDT,BINANCE_USDT,29886.66,1.0173,29885.91,1.003,29887.40,3.368,0.0,178.34
2024-01-01 00:09:22.000,BTCUSDT,BINANCE_USDT,29887.21,1.2928,29885.71,1.048,29887.21,3.003,0.0,136.15
2024-01-01 00:09:22.500,BTCUSDT,BINANCE_USDT,29886.38,0.9101,29884.89,4.237,29886.38,4.487,0.0,107.80
2024-01-01 00:09:23.000,BTCUSDT,BINANCE_USDT,29884.40,0.4206,29882.90,4.505,29884.40,4.295,0.0,105.97
2024-01-01 00:09:23.500,BTCUSDT,BINANCE_USDT,29883.51,0.7049,29882.77,4.096,29884.26,1.560,0.0,122.51
2024-01-01 00:09:24.000,BTCUSDT,BINANCE_USDT,29881.78,0.9793,29881.78,1.597,29883.27,1.285,0.0,193.80
2024-01-01 00:09:24.500,BTCUSDT,BINANCE_USDT,29883.13,1.0925,29882.38,2.485,29883.88,0.804,0.0,182.05
2024-01-01 00:09:25.000,BTCUSDT,BINANCE_USDT,29881.69,0.3789,29881.69,2.975,29883.18,4.790,0.0,150.28
2024-01-01 00:09:25.500,BTCUSDT,BINANCE_USDT,29882.27,1.9548,29880.78,0.600,29882.27,4.212,0.0,196.15
2024-01-01 00:09:26.000,BTCUSDT,BINANCE_USDT,29881.06,0.8019,29880.31,3.486,29881.81,2.730,0.0,185.11
2024-01-01 00:09:26.500,BTCUSDT,BINANCE_USDT,29883.63,0.5589,29882.88,1.853,29884.38,0.540,0.0,166.16
2024-01-01 00:09:27.000,BTCUSDT,BINANCE_USDT,29883.28,0.2780,29881.78,1.427,29883.28,1.280,0.0,135.27
2024-01-01 00:09:27.500,BTCUSDT,BINANCE_USDT,29881.97,0.7579,29881.97,1.074,29883.47,2.229,0.0,154.72
2024-01-01 00:09:28.000,BTCUSDT,BINANCE_USDT,29881.74,1.7374,29881.00,0.823,29882.49,2.807,0.0,169.07
2024-01-01 00:09:28.500,BTCUSDT,BINANCE_USDT,29881.24,0.3113,29879.74,4.964,29881.24,3.272,0.0,199.74
2024-01-01 00:09:29.000,BTCUSDT,BINANCE_USDT,29882.57,0.5546,29881.82,3.859,29883.31,4.198,0.0,136.59
2024-01-01 00:09:29.500,BTCUSDT,BINANCE_USDT,29883.33,0.3169,29882.58,4.497,29884.08,3.473,0.0,114.95
2024-01-01 00:09:30.000,BTCUSDT,BINANCE_USDT,29880.32,0.8406,29880.32,2.630,29881.82,2.318,0.0,191.80
2024-01-01 00:09:30.500,BTCUSDT,BINANCE_USDT,29877.45,0.7238,29876.70,1.916,29878.20,1.688,0.0,186.50
2024-01-01 00:09:31.000,BTCUSDT,BINANCE_USDT,29878.29,1.3894,29877.55,0.906,29879.04,1.082,0.0,145.44
2024-01-01 00:09:31.500,BTCUSDT,BINANCE_USDT,29880.18,0.6721,29879.44,3.269,29880.93,3.576,0.0,119.86
2024-01-01 00:09:32.000,BTCUSDT,BINANCE_USDT,29881.83,0.2808,29880.33,3.959,29881.83,2.102,0.0,110.88
2024-01-01 00:09:32.500,BTCUSDT,BINANCE_USDT,29882.50,1.1008,29881.76,3.314,29883.25,1.378,0.0,124.17
2024-01-01 00:09:33.000,BTCUSDT,BINANCE_USDT,29881.26,1.5934,29880.52,1.817,29882.01,3.451,0.0,185.73
2024-01-01 00:09:33.500,BTCUSDT,BINANCE_USDT,29881.56,1.7799,29880.06,1.224,29881.56,2.220,0.0,138.51
2024-01-01 00:09:34.000,BTCUSDT,BINANCE_USDT,29881.55,1.4574,29881.55,4.666,29883.05,1.879,0.0,177.75
2024-01-01 00:09:34.500,BTCUSDT,BINANCE_USDT,29883.72,0.7202,29882.23,2.590,29883.72,2.873,0.0,196.86
2024-01-01 00:09:35.000,BTCUSDT,BINANCE_USDT,29883.52,1.6474,29883.52,0.864,29885.01,0.647,0.0,159.62
2024-01-01 00:09:35.500,BTCUSDT,BINANCE_USDT,29883.42,0.1991,29883.42,2.446,29884.91,4.271,0.0,195.22
2024-01-01 00:09:36.000,BTCUSDT,BINANCE_USDT,29885.70,1.7601,29884.20,2.921,29885.70,0.877,0.0,141.51
2024-01-01 00:09:36.500,BTCUSDT,BINANCE_USDT,29885.34,0.7301,29884.59,3.397,29886.08,1.687,0.0,170.57
2024-01-01 00:09:37.000,BTCUSDT,BINANCE_USDT,29885.39,0.2194,29884.65,1.016,29886.14,1.095,0.0,124.05
2024-01-01 00:09:37.500,BTCUSDT,BINANCE_USDT,29886.10,1.5128,29885.35,1.111,29886.85,1.133,0.0,176.21
2024-01-01 00:09:38.000,BTCUSDT,BINANCE_USDT,29884.55,0.1047,29883.80,3.200,29885.29,1.782,0.0,138.87
2024-01-01 00:09:38.500,BTCUSDT,BINANCE_USDT,29884.47,0.1195,29883.72,4.940,29885.22,4.185,0.0,164.09
2024-01-01 00:09:39.000,BTCUSDT,BINANCE_USDT,29881.93,0.9429,29881.93,4.224,29883.42,1.080,0.0,175.11
2024-01-01 00:09:39.500,BTCUSDT,BINANCE_USDT,29881.15,0.4065,29881.15,4.098,29882.65,2.972,0.0,141.49
2024-01-01 00:09:40.000,BTCUSDT,BINANCE_USDT,29880.47,0.5388,29880.47,1.347,29881.96,2.405,0.0,143.21
2024-01-01 00:09:40.500,BTCUSDT,BINANCE_USDT,29883.15,0.8875,29882.41,0.633,29883.90,1.185,0.0,171.49
2024-01-01 00:09:41.000,BTCUSDT,BINANCE_USDT,29880.76,1.8372,29880.76,3.189,29882.25,1.803,0.0,128.75
2024-01-01 00:09:41.500,BTCUSDT,BINANCE_USDT,29882.92,1.7949,29882.17,2.602,29883.67,1.442,0.0,198.44
2024-01-01 00:09:42.000,BTCUSDT,BINANCE_USDT,29882.56,1.5293,29881.06,4.473,29882.56,3.763,0.0,163.48
2024-01-01 00:09:42.500,BTCUSDT,BINANCE_USDT,29883.48,1.0984,29883.48,1.347,29884.97,3.221,0.0,101.37
2024-01-01 00:09:43.000,BTCUSDT,BINANCE_USDT,29884.03,0.4228,29884.03,0.692,29885.53,1.925,0.0,108.83
2024-01-01 00:09:43.500,BTCUSDT,BINANCE_USDT,29885.26,1.8414,29884.51,0.513,29886.01,1.452,0.0,169.70
2024-01-01 00:09:44.000,BTCUSDT,BINANCE_USDT,29884.21,0.4620,29884.21,2.555,29885.71,2.672,0.0,153.73
2024-01-01 00:09:44.500,BTCUSDT,BINANCE_USDT,29882.82,1.7116,29882.07,0.637,29883.56,1.735,0.0,186.41
2024-01-01 00:09:45.000,BTCUSDT,BINANCE_USDT,29885.34,1.6356,29883.84,3.639,29885.34,2.915,0.0,163.97
2024-01-01 00:09:45.500,BTCUSDT,BINANCE_USDT,29885.07,1.3219,29885.07,3.080,29886.56,2.163,0.0,137.14
2024-01-01 00:09:46.000,BTCUSDT,BINANCE_USDT,29886.99,1.8813,29886.99,2.469,29888.49,2.030,0.0,113.47
2024-01-01 00:09:46.500,BTCUSDT,BINANCE_USDT,29887.96,0.7333,29887.96,3.924,29889.45,0.599,0.0,193.31
2024-01-01 00:09:47.000,BTCUSDT,BINANCE_USDT,29889.19,0.6300,29887.70,2.213,29889.19,4.005,0.0,128.40
2024-01-01 00:09:47.500,BTCUSDT,BINANCE_USDT,29888.79,0.1935,29888.04,1.853,29889.54,3.750,0.0,119.24
2024-01-01 00:09:48.000,BTCUSDT,BINANCE_USDT,29887.79,1.0780,29887.04,4.894,29888.54,4.376,0.0,182.19
2024-01-01 00:09:48.500,BTCUSDT,BINANCE_USDT,29888.45,1.2754,29886.95,3.364,29888.45,1.057,0.0,189.12
2024-01-01 00:09:49.000,BTCUSDT,BINANCE_USDT,29887.36,0.2064,29887.36,4.722,29888.86,2.805,0.0,101.00
2024-01-01 00:09:49.500,BTCUSDT,BINANCE_USDT,29888.25,0.5873,29886.75,0.674,29888.25,1.182,0.0,183.13
2024-01-01 00:09:50.000,BTCUSDT,BINANCE_USDT,29887.58,0.9920,29887.58,0.624,29889.07,4.474,0.0,153.38
2024-01-01 00:09:50.500,BTCUSDT,BINANCE_USDT,29886.20,1.8132,29884.71,1.212,29886.20,2.283,0.0,179.82
2024-01-01 00:09:51.000,BTCUSDT,BINANCE_USDT,29884.63,0.1022,29884.63,1.065,29886.12,2.737,0.0,197.46
2024-01-01 00:09:51.500,BTCUSDT,BINANCE_USDT,29886.38,1.1800,29884.89,3.426,29886.38,0.600,0.0,109.11
2024-01-01 00:09:52.000,BTCUSDT,BINANCE_USDT,29885.75,1.1459,29885.00,4.598,29886.49,1.664,0.0,105.93
2024-01-01 00:09:52.500,BTCUSDT,BINANCE_USDT,29886.40,1.8146,29884.90,0.926,29886.40,4.335,0.0,105.95
2024-01-01 00:09:53.000,BTCUSDT,BINANCE_USDT,29884.57,1.7596,29883.82,2.672,29885.31,4.732,0.0,180.79
2024-01-01 00:09:53.500,BTCUSDT,BINANCE_USDT,29883.59,0.2741,29882.84,3.963,29884.33,3.296,0.0,131.99
2024-01-01 00:09:54.000,BTCUSDT,BINANCE_USDT,29883.53,0.3926,29882.78,4.705,29884.28,3.434,0.0,193.62
2024-01-01 00:09:54.500,BTCUSDT,BINANCE_USDT,29884.50,1.0686,29884.50,3.757,29885.99,2.149,0.0,127.38
2024-01-01 00:09:55.000,BTCUSDT,BINANCE_USDT,29886.66,1.1586,29885.92,3.795,29887.41,3.246,0.0,110.89
2024-01-01 00:09:55.500,BTCUSDT,BINANCE_USDT,29886.19,0.2163,29886.19,4.556,29887.68,1.729,0.0,159.88
2024-01-01 00:09:56.000,BTCUSDT,BINANCE_USDT,29887.46,1.8893,29885.96,0.692,29887.46,3.104,0.0,195.98
2024-01-01 00:09:56.500,BTCUSDT,BINANCE_USDT,29886.91,1.3944,29885.41,4.463,29886.91,3.604,0.0,103.88
2024-01-01 00:09:57.000,BTCUSDT,BINANCE_USDT,29885.71,1.3703,29884.22,3.794,29885.71,3.904,0.0,127.27
2024-01-01 00:09:57.500,BTCUSDT,BINANCE_USDT,29886.01,1.4610,29885.26,4.983,29886.75,2.922,0.0,130.53
2024-01-01 00:09:58.000,BTCUSDT,BINANCE_USDT,29886.12,0.5653,29886.12,2.869,29887.62,1.918,0.0,186.22
2024-01-01 00:09:58.500,BTCUSDT,BINANCE_USDT,29886.93,1.9125,29885.43,0.699,29886.93,3.545,0.0,186.44
2024-01-01 00:09:59.000,BTCUSDT,BINANCE_USDT,29886.30,0.4180,29886.30,4.817,29887.79,1.103,0.0,117.35
2024-01-01 00:09:59.500,BTCUSDT,BINANCE_USDT,29887.17,0.2976,29887.17,2.135,29888.66,2.738,0.0,167.11
2024-01-01 00:10:00.000,BTCUSDT,BINANCE_USDT,29890.68,0.4474,29889.18,1.286,29890.68,1.452,0.0,145.59
2024-01-01 00:10:00.500,BTCUSDT,BINANCE_USDT,29890.36,0.4570,29889.61,2.279,29891.11,2.226,0.0,122.18
2024-01-01 00:10:01.000,BTCUSDT,BINANCE_USDT,29891.65,1.7716,29890.16,2.024,29891.65,3.050,0.0,132.64
2024-01-01 00:10:01.500,BTCUSDT,BINANCE_USDT,29891.31,1.9147,29890.56,0.690,29892.05,2.962,0.0,111.94
2024-01-01 00:10:02.000,BTCUSDT,BINANCE_USDT,29894.51,1.5087,29893.02,3.203,29894.51,1.935,0.0,176.03
2024-01-01 00:10:02.500,BTCUSDT,BINANCE_USDT,29895.94,0.8551,29895.19,4.710,29896.69,1.043,0.0,196.30
2024-01-01 00:10:03.000,BTCUSDT,BINANCE_USDT,29895.27,0.7647,29894.52,4.641,29896.02,4.105,0.0,149.01
2024-01-01 00:10:03.500,BTCUSDT,BINANCE_USDT,29894.13,0.7975,29894.13,4.285,29895.62,0.992,0.0,196.93
2024-01-01 00:10:04.000,BTCUSDT,BINANCE_USDT,29895.46,0.9530,29895.46,3.634,29896.95,2.797,0.0,179.03
2024-01-01 00:10:04.500,BTCUSDT,BINANCE_USDT,29895.93,1.8163,29894.43,1.406,29895.93,1.660,0.0,124.32
2024-01-01 00:10:05.000,BTCUSDT,BINANCE_USDT,29893.32,0.7047,29893.32,3.973,29894.81,2.924,0.0,128.99
2024-01-01 00:10:05.500,BTCUSDT,BINANCE_USDT,29895.20,1.7409,29895.20,0.772,29896.69,0.870,0.0,133.45
2024-01-01 00:10:06.000,BTCUSDT,BINANCE_USDT,29895.83,1.9921,29895.08,4.164,29896.58,3.109,0.0,169.13
2024-01-01 00:10:06.500,BTCUSDT,BINANCE_USDT,29896.34,0.3230,29895.59,1.339,29897.08,4.424,0.0,194.96
2024-01-01 00:10:07.000,BTCUSDT,BINANCE_USDT,29895.86,0.5510,29895.86,3.199,29897.36,2.733,0.0,118.95
2024-01-01 00:10:07.500,BTCUSDT,BINANCE_USDT,29895.17,0.1634,29894.42,1.115,29895.92,3.626,0.0,186.91
2024-01-01 00:10:08.000,BTCUSDT,BINANCE_USDT,29896.15,0.1787,29895.40,0.634,29896.89,3.036,0.0,147.89
2024-01-01 00:10:08.500,BTCUSDT,BINANCE_USDT,29895.88,0.4503,29895.13,0.851,29896.63,1.127,0.0,104.60
2024-01-01 00:10:09.000,BTCUSDT,BINANCE_USDT,29897.10,0.0278,29896.36,0.821,29897.85,4.029,0.0,112.27
2024-01-01 00:10:09.500,BTCUSDT,BINANCE_USDT,29897.53,1.9296,29896.78,2.615,29898.28,0.970,0.0,151.33
2024-01-01 00:10:10.000,BTCUSDT,BINANCE_USDT,29898.23,1.8211,29897.49,2.860,29898.98,1.736,0.0,169.14
2024-01-01 00:10:10.500,BTCUSDT,BINANCE_USDT,29897.28,1.2997,29895.79,3.631,29897.28,2.843,0.0,189.45
2024-01-01 00:10:11.000,BTCUSDT,BINANCE_USDT,29897.44,0.8719,29896.69,1.709,29898.19,3.647,0.0,144.69
2024-01-01 00:10:11.500,BTCUSDT,BINANCE_USDT,29896.35,1.5710,29896.35,2.240,29897.84,1.281,0.0,118.95
2024-01-01 00:10:12.000,BTCUSDT,BINANCE_USDT,29897.46,0.1664,29895.96,1.464,29897.46,3.301,0.0,151.78
2024-01-01 00:10:12.500,BTCUSDT,BINANCE_USDT,29895.82,0.2306,29895.07,0.866,29896.57,4.020,0.0,119.66
2024-01-01 00:10:13.000,BTCUSDT,BINANCE_USDT,29894.40,0.8235,29894.40,2.319,29895.90,2.705,0.0,195.96
2024-01-01 00:10:13.500,BTCUSDT,BINANCE_USDT,29893.04,0.1329,29892.30,1.134,29893.79,0.977,0.0,131.07
2024-01-01 00:10:14.000,BTCUSDT,BINANCE_USDT,29892.43,1.2356,29891.69,0.931,29893.18,2.586,0.0,181.45
2024-01-01 00:10:14.500,BTCUSDT,BINANCE_USDT,29891.15,0.9201,29891.15,2.040,29892.64,2.199,0.0,126.64
2024-01-01 00:10:15.000,BTCUSDT,BINANCE_USDT,29892.91,0.5240,29891.41,0.905,29892.91,1.070,0.0,191.01
2024-01-01 00:10:15.500,BTCUSDT,BINANCE_USDT,29892.20,0.8656,29892.20,1.603,29893.69,3.997,0.0,111.48
2024-01-01 00:10:16.000,BTCUSDT,BINANCE_USDT,29890.89,1.2151,29889.40,1.145,29890.89,1.648,0.0,195.23
2024-01-01 00:10:16.500,BTCUSDT,BINANCE_USDT,29890.45,1.3380,29888.96,2.118,29890.45,2.424,0.0,145.81
2024-01-01 00:10:17.000,BTCUSDT,BINANCE_USDT,29893.53,0.5191,29892.03,1.572,29893.53,2.002,0.0,122.61
2024-01-01 00:10:17.500,BTCUSDT,BINANCE_USDT,29892.13,0.5817,29892.13,2.239,29893.63,3.366,0.0,125.30
2024-01-01 00:10:18.000,BTCUSDT,BINANCE_USDT,29890.66,0.0904,29890.66,3.070,29892.15,0.626,0.0,103.31
2024-01-01 00:10:18.500,BTCUSDT,BINANCE_USDT,29890.28,1.6553,29890.28,2.615,29891.77,4.394,0.0,143.22
2024-01-01 00:10:19.000,BTCUSDT,BINANCE_USDT,29893.46,1.1068,29891.96,3.713,29893.46,3.710,0.0,195.72
2024-01-01 00:10:19.500,BTCUSDT,BINANCE_USDT,29894.79,0.6665,29893.30,2.681,29894.79,3.598,0.0,132.08
2024-01-01 00:10:20.000,BTCUSDT,BINANCE_USDT,29893.97,1.9779,29892.48,0.681,29893.97,3.146,0.0,172.27
2024-01-01 00:10:20.500,BTCUSDT,BINANCE_USDT,29892.27,0.6295,29892.27,3.877,29893.76,1.854,0.0,181.56
2024-01-01 00:10:21.000,BTCUSDT,BINANCE_USDT,29891.99,0.0329,29891.99,0.699,29893.48,4.378,0.0,159.92
2024-01-01 00:10:21.500,BTCUSDT,BINANCE_USDT,29889.27,1.4697,29889.27,4.276,29890.77,2.866,0.0,146.40
2024-01-01 00:10:22.000,BTCUSDT,BINANCE_USDT,29891.32,1.5822,29889.83,4.793,29891.32,2.180,0.0,163.07
2024-01-01 00:10:22.500,BTCUSDT,BINANCE_USDT,29889.81,1.6704,29888.31,1.990,29889.81,2.599,0.0,130.94
2024-01-01 00:10:23.000,BTCUSDT,BINANCE_USDT,29890.25,1.8476,29888.76,2.239,29890.25,1.690,0.0,162.17
2024-01-01 00:10:23.500,BTCUSDT,BINANCE_USDT,29891.14,0.9137,29890.40,3.139,29891.89,3.872,0.0,199.20
2024-01-01 00:10:24.000,BTCUSDT,BINANCE_USDT,29889.32,0.9426,29889.32,1.471,29890.82,4.624,0.0,158.61
2024-01-01 00:10:24.500,BTCUSDT,BINANCE_USDT,29888.65,1.7151,29888.65,4.487,29890.15,2.133,0.0,154.26
2024-01-01 00:10:25.000,BTCUSDT,BINANCE_USDT,29890.30,0.1567,29890.30,2.844,29891.79,4.447,0.0,155.35
2024-01-01 00:10:25.500,BTCUSDT,BINANCE_USDT,29890.59,1.8433,29889.10,1.221,29890.59,0.940,0.0,154.76
2024-01-01 00:10:26.000,BTCUSDT,BINANCE_USDT,29889.78,1.0462,29889.03,4.967,29890.52,2.585,0.0,117.89
2024-01-01 00:10:26.500,BTCUSDT,BINANCE_USDT,29888.49,0.2376,29887.75,4.804,29889.24,2.938,0.0,127.98
2024-01-01 00:10:27.000,BTCUSDT,BINANCE_USDT,29890.20,1.5751,29889.45,4.950,29890.95,2.503,0.0,190.21
2024-01-01 00:10:27.500,BTCUSDT,BINANCE_USDT,29892.60,1.3477,29891.11,2.475,29892.60,1.991,0.0,171.77
2024-01-01 00:10:28.000,BTCUSDT,BINANCE_USDT,29891.20,0.6184,29891.20,0.832,29892.69,0.687,0.0,136.83
2024-01-01 00:10:28.500,BTCUSDT,BINANCE_USDT,29891.93,1.5717,29891.93,4.236,29893.43,4.112,0.0,109.05
2024-01-01 00:10:29.000,BTCUSDT,BINANCE_USDT,29893.86,0.9204,29893.86,4.990,29895.36,1.828,0.0,127.70
2024-01-01 00:10:29.500,BTCUSDT,BINANCE_USDT,29893.02,1.8243,29891.53,0.696,29893.02,4.765,0.0,149.26
2024-01-01 00:10:30.000,BTCUSDT,BINANCE_USDT,29891.69,0.2490,29890.94,0.921,29892.44,1.801,0.0,181.74
2024-01-01 00:10:30.500,BTCUSDT,BINANCE_USDT,29892.46,0.3799,29890.96,3.079,29892.46,3.053,0.0,106.43
2024-01-01 00:10:31.000,BTCUSDT,BINANCE_USDT,29893.16,1.0504,29893.16,0.502,29894.66,4.830,0.0,194.72
2024-01-01 00:10:31.500,BTCUSDT,BINANCE_USDT,29893.22,0.4675,29893.22,0.671,29894.72,4.776,0.0,126.68
2024-01-01 00:10:32.000,BTCUSDT,BINANCE_USDT,29894.52,1.1621,29893.02,3.344,29894.52,2.106,0.0,164.63
2024-01-01 00:10:32.500,BTCUSDT,BINANCE_USDT,29895.19,0.1053,29893.69,3.548,29895.19,3.529,0.0,139.16
2024-01-01 00:10:33.000,BTCUSDT,BINANCE_USDT,29895.32,0.4093,29893.83,2.655,29895.32,4.024,0.0,140.12
2024-01-01 00:10:33.500,BTCUSDT,BINANCE_USDT,29892.25,0.9150,29892.25,4.650,29893.74,4.746,0.0,168.51
2024-01-01 00:10:34.000,BTCUSDT,BINANCE_USDT,29893.35,1.8955,29893.35,2.232,29894.85,0.654,0.0,186.72
2024-01-01 00:10:34.500,BTCUSDT,BINANCE_USDT,29891.13,1.0774,29891.13,4.217,29892.62,2.515,0.0,160.54
2024-01-01 00:10:35.000,BTCUSDT,BINANCE_USDT,29892.25,1.8188,29892.25,3.566,29893.75,4.739,0.0,124.39
2024-01-01 00:10:35.500,BTCUSDT,BINANCE_USDT,29892.33,0.6975,29891.59,3.396,29893.08,2.537,0.0,168.77
2024-01-01 00:10:36.000,BTCUSDT,BINANCE_USDT,29892.34,1.2699,29891.59,1.134,29893.09,0.610,0.0,113.68
2024-01-01 00:10:36.500,BTCUSDT,BINANCE_USDT,29892.13,1.6119,29892.13,1.841,29893.62,2.907,0.0,155.23
2024-01-01 00:10:37.000,BTCUSDT,BINANCE_USDT,29891.51,1.8106,29891.51,4.778,29893.00,2.108,0.0,104.39
2024-01-01 00:10:37.500,BTCUSDT,BINANCE_USDT,29890.46,0.7765,29888.96,2.284,29890.46,0.840,0.0,184.58
2024-01-01 00:10:38.000,BTCUSDT,BINANCE_USDT,29891.06,1.6046,29889.56,4.556,29891.06,4.667,0.0,185.48
2024-01-01 00:10:38.500,BTCUSDT,BINANCE_USDT,29892.40,0.3085,29890.91,2.520,29892.40,1.135,0.0,112.50
2024-01-01 00:10:39.000,BTCUSDT,BINANCE_USDT,29891.88,0.0528,29891.13,3.402,29892.63,4.173,0.0,126.24
2024-01-01 00:10:39.500,BTCUSDT,BINANCE_USDT,29891.13,0.2008,29891.13,3.583,29892.63,1.405,0.0,190.47
2024-01-01 00:10:40.000,BTCUSDT,BINANCE_USDT,29890.52,0.2418,29889.02,1.129,29890.52,1.238,0.0,198.02
2024-01-01 00:10:40.500,BTCUSDT,BINANCE_USDT,29889.73,0.1131,29888.98,2.876,29890.48,3.157,0.0,101.67
2024-01-01 00:10:41.000,BTCUSDT,BINANCE_USDT,29887.75,1.1663,29887.75,3.833,29889.25,1.948,0.0,120.32
2024-01-01 00:10:41.500,BTCUSDT,BINANCE_USDT,29889.34,0.6737,29889.34,1.674,29890.83,2.447,0.0,172.73
2024-01-01 00:10:42.000,BTCUSDT,BINANCE_USDT,29890.80,1.6515,29890.80,4.718,29892.29,3.277,0.0,146.63
2024-01-01 00:10:42.500,BTCUSDT,BINANCE_USDT,29890.35,0.7370,29890.35,2.581,29891.84,1.315,0.0,114.53
2024-01-01 00:10:43.000,BTCUSDT,BINANCE_USDT,29892.56,1.3816,29891.06,4.754,29892.56,0.862,0.0,127.00
2024-01-01 00:10:43.500,BTCUSDT,BINANCE_USDT,29895.35,1.4861,29893.85,0.668,29895.35,3.773,0.0,145.72
2024-01-01 00:10:44.000,BTCUSDT,BINANCE_USDT,29893.76,0.3495,29893.76,1.532,29895.25,3.075,0.0,199.26
2024-01-01 00:10:44.500,BTCUSDT,BINANCE_USDT,29896.31,1.8218,29894.81,1.720,29896.31,3.062,0.0,199.79
2024-01-01 00:10:45.000,BTCUSDT,BINANCE_USDT,29894.62,0.8528,29894.62,4.256,29896.11,0.663,0.0,189.51
2024-01-01 00:10:45.500,BTCUSDT,BINANCE_USDT,29893.61,1.9571,29893.61,0.853,29895.10,3.353,0.0,197.56
2024-01-01 00:10:46.000,BTCUSDT,BINANCE_USDT,29895.02,1.7761,29894.28,3.872,29895.77,4.422,0.0,127.00
2024-01-01 00:10:46.500,BTCUSDT,BINANCE_USDT,29893.68,1.1287,29892.19,1.193,29893.68,2.497,0.0,187.27
2024-01-01 00:10:47.000,BTCUSDT,BINANCE_USDT,29893.08,0.7204,29892.33,1.509,29893.82,0.752,0.0,150.22
2024-01-01 00:10:47.500,BTCUSDT,BINANCE_USDT,29894.74,0.6992,29894.74,2.792,29896.23,3.015,0.0,170.53
2024-01-01 00:10:48.000,BTCUSDT,BINANCE_USDT,29895.61,0.6856,29894.86,0.625,29896.36,1.474,0.0,125.83
2024-01-01 00:10:48.500,BTCUSDT,BINANCE_USDT,29896.58,0.7449,29895.08,2.756,29896.58,4.562,0.0,167.07
2024-01-01 00:10:49.000,BTCUSDT,BINANCE_USDT,29896.43,0.1231,29896.43,2.740,29897.93,0.846,0.0,196.03
2024-01-01 00:10:49.500,BTCUSDT,BINANCE_USDT,29896.01,0.4941,29895.26,2.499,29896.76,0.629,0.0,108.92
2024-01-01 00:10:50.000,BTCUSDT,BINANCE_USDT,29895.48,1.7537,29894.73,1.686,29896.22,1.667,0.0,136.78
2024-01-01 00:10:50.500,BTCUSDT,BINANCE_USDT,29895.86,1.7402,29895.11,2.488,29896.60,0.731,0.0,160.35
2024-01-01 00:10:51.000,BTCUSDT,BINANCE_USDT,29893.96,0.6018,29893.96,0.686,29895.45,3.481,0.0,110.73
2024-01-01 00:10:51.500,BTCUSDT,BINANCE_USDT,29893.45,1.8112,29892.70,2.980,29894.19,1.430,0.0,161.81
2024-01-01 00:10:52.000,BTCUSDT,BINANCE_USDT,29892.36,0.5625,29892.36,4.257,29893.86,2.054,0.0,140.27
2024-01-01 00:10:52.500,BTCUSDT,BINANCE_USDT,29892.32,0.8383,29890.82,0.955,29892.32,0.528,0.0,149.86
2024-01-01 00:10:53.000,BTCUSDT,BINANCE_USDT,29889.49,1.4266,29887.99,1.833,29889.49,1.750,0.0,170.06
2024-01-01 00:10:53.500,BTCUSDT,BINANCE_USDT,29888.70,0.8988,29887.95,4.779,29889.45,1.553,0.0,124.72
2024-01-01 00:10:54.000,BTCUSDT,BINANCE_USDT,29887.63,0.1564,29886.89,1.097,29888.38,1.606,0.0,192.43
2024-01-01 00:10:54.500,BTCUSDT,BINANCE_USDT,29887.18,0.2268,29887.18,2.860,29888.67,3.794,0.0,132.55
2024-01-01 00:10:55.000,BTCUSDT,BINANCE_USDT,29888.20,1.3385,29887.45,3.729,29888.95,4.649,0.0,190.02
2024-01-01 00:10:55.500,BTCUSDT,BINANCE_USDT,29888.77,0.3308,29888.77,4.789,29890.27,2.558,0.0,141.95
2024-01-01 00:10:56.000,BTCUSDT,BINANCE_USDT,29892.49,0.4237,29891.74,3.422,29893.24,1.727,0.0,183.81
2024-01-01 00:10:56.500,BTCUSDT,BINANCE_USDT,29891.21,0.2236,29891.21,1.528,29892.71,3.333,0.0,195.11
2024-01-01 00:10:57.000,BTCUSDT,BINANCE_USDT,29893.58,1.9141,29892.83,0.997,29894.33,4.926,0.0,107.70
2024-01-01 00:10:57.500,BTCUSDT,BINANCE_USDT,29892.32,0.9952,29890.82,3.927,29892.32,2.820,0.0,104.27
2024-01-01 00:10:58.000,BTCUSDT,BINANCE_USDT,29892.19,1.2223,29892.19,2.508,29893.68,1.001,0.0,183.64
2024-01-01 00:10:58.500,BTCUSDT,BINANCE_USDT,29893.50,0.9644,29892.75,2.578,29894.25,2.146,0.0,167.53
2024-01-01 00:10:59.000,BTCUSDT,BINANCE_USDT,29893.37,0.7038,29892.63,2.726,29894.12,3.343,0.0,162.61
2024-01-01 00:10:59.500,BTCUSDT,BINANCE_USDT,29895.44,1.1491,29893.94,3.802,29895.44,2.138,0.0,190.82
2024-01-01 00:11:00.000,BTCUSDT,BINANCE_USDT,29893.29,0.5360,29893.29,2.262,29894.79,2.826,0.0,193.00
2024-01-01 00:11:00.500,BTCUSDT,BINANCE_USDT,29893.02,1.3468,29893.02,2.265,29894.52,4.099,0.0,145.20
2024-01-01 00:11:01.000,BTCUSDT,BINANCE_USDT,29892.65,1.4961,29891.90,3.432,29893.39,4.869,0.0,130.80
2024-01-01 00:11:01.500,BTCUSDT,BINANCE_USDT,29893.38,1.7660,29891.89,4.417,29893.38,4.768,0.0,117.34
2024-01-01 00:11:02.000,BTCUSDT,BINANCE_USDT,29892.30,0.2263,29892.30,1.920,29893.80,3.881,0.0,168.26
2024-01-01 00:11:02.500,BTCUSDT,BINANCE_USDT,29894.19,0.8479,29892.69,1.460,29894.19,0.853,0.0,189.62
2024-01-01 00:11:03.000,BTCUSDT,BINANCE_USDT,29893.82,1.9927,29893.82,3.502,29895.31,1.599,0.0,178.22
2024-01-01 00:11:03.500,BTCUSDT,BINANCE_USDT,29895.43,1.9370,29894.68,2.647,29896.17,2.129,0.0,147.25
2024-01-01 00:11:04.000,BTCUSDT,BINANCE_USDT,29895.58,0.2913,29895.58,3.356,29897.07,2.646,0.0,186.52
2024-01-01 00:11:04.500,BTCUSDT,BINANCE_USDT,29898.16,1.1644,29896.67,2.304,29898.16,2.711,0.0,174.43
2024-01-01 00:11:05.000,BTCUSDT,BINANCE_USDT,29899.13,1.9393,29897.64,3.213,29899.13,4.079,0.0,109.09
2024-01-01 00:11:05.500,BTCUSDT,BINANCE_USDT,29901.38,1.3938,29899.89,2.893,29901.38,1.688,0.0,195.71
2024-01-01 00:11:06.000,BTCUSDT,BINANCE_USDT,29901.39,0.9958,29901.39,4.949,29902.88,1.795,0.0,141.47
2024-01-01 00:11:06.500,BTCUSDT,BINANCE_USDT,29902.46,1.3689,29902.46,3.397,29903.95,1.712,0.0,133.08
2024-01-01 00:11:07.000,BTCUSDT,BINANCE_USDT,29902.55,0.3731,29902.55,3.147,29904.05,1.323,0.0,151.93
2024-01-01 00:11:07.500,BTCUSDT,BINANCE_USDT,29902.00,0.2876,29900.50,2.758,29902.00,1.783,0.0,141.97
2024-01-01 00:11:08.000,BTCUSDT,BINANCE_USDT,29901.79,1.3022,29900.30,3.943,29901.79,4.115,0.0,146.52
2024-01-01 00:11:08.500,BTCUSDT,BINANCE_USDT,29899.43,0.1574,29899.43,3.210,29900.92,0.696,0.0,157.36
2024-01-01 00:11:09.000,BTCUSDT,BINANCE_USDT,29898.89,0.4379,29898.89,0.905,29900.38,2.231,0.0,159.91
2024-01-01 00:11:09.500,BTCUSDT,BINANCE_USDT,29898.88,0.2585,29898.88,4.575,29900.38,4.027,0.0,186.91
2024-01-01 00:11:10.000,BTCUSDT,BINANCE_USDT,29899.22,0.8607,29897.73,1.029,29899.22,1.768,0.0,147.74
2024-01-01 00:11:10.500,BTCUSDT,BINANCE_USDT,29897.79,1.7630,29897.04,0.952,29898.54,4.864,0.0,117.61
2024-01-01 00:11:11.000,BTCUSDT,BINANCE_USDT,29897.19,1.2702,29895.69,4.090,29897.19,4.128,0.0,186.94
2024-01-01 00:11:11.500,BTCUSDT,BINANCE_USDT,29897.14,1.4512,29896.39,3.027,29897.89,1.837,0.0,174.28
2024-01-01 00:11:12.000,BTCUSDT,BINANCE_USDT,29897.98,0.2591,29896.48,3.049,29897.98,2.991,0.0,146.41
2024-01-01 00:11:12.500,BTCUSDT,BINANCE_USDT,29899.78,1.3718,29898.29,4.837,29899.78,0.822,0.0,124.31
2024-01-01 00:11:13.000,BTCUSDT,BINANCE_USDT,29898.13,1.3180,29898.13,0.784,29899.63,3.520,0.0,189.35
2024-01-01 00:11:13.500,BTCUSDT,BINANCE_USDT,29897.80,1.2196,29896.30,2.056,29897.80,3.384,0.0,192.46
2024-01-01 00:11:14.000,BTCUSDT,BINANCE_USDT,29895.05,1.5327,29895.05,0.769,29896.55,3.090,0.0,115.76
2024-01-01 00:11:14.500,BTCUSDT,BINANCE_USDT,29895.39,0.8675,29894.65,3.860,29896.14,2.020,0.0,133.07
2024-01-01 00:11:15.000,BTCUSDT,BINANCE_USDT,29896.12,1.1998,29896.12,4.579,29897.61,2.641,0.0,180.96
2024-01-01 00:11:15.500,BTCUSDT,BINANCE_USDT,29895.63,0.2226,29894.88,4.381,29896.38,4.022,0.0,190.21
2024-01-01 00:11:16.000,BTCUSDT,BINANCE_USDT,29896.19,0.1252,29894.70,3.652,29896.19,1.238,0.0,165.19
2024-01-01 00:11:16.500,BTCUSDT,BINANCE_USDT,29897.00,0.3272,29896.25,1.367,29897.75,1.815,0.0,142.29
2024-01-01 00:11:17.000,BTCUSDT,BINANCE_USDT,29899.65,0.5102,29898.15,3.314,29899.65,3.944,0.0,140.94
2024-01-01 00:11:17.500,BTCUSDT,BINANCE_USDT,29897.91,0.0785,29897.91,4.866,29899.41,4.796,0.0,106.48
2024-01-01 00:11:18.000,BTCUSDT,BINANCE_USDT,29897.54,0.8461,29896.04,0.602,29897.54,1.777,0.0,112.29
2024-01-01 00:11:18.500,BTCUSDT,BINANCE_USDT,29895.03,1.1103,29894.28,1.801,29895.77,4.438,0.0,110.93
2024-01-01 00:11:19.000,BTCUSDT,BINANCE_USDT,29895.03,0.4142,29895.03,0.695,29896.53,4.918,0.0,142.71
2024-01-01 00:11:19.500,BTCUSDT,BINANCE_USDT,29895.67,0.4956,29895.67,2.718,29897.16,4.415,0.0,141.47
2024-01-01 00:11:20.000,BTCUSDT,BINANCE_USDT,29896.82,1.4775,29896.08,1.010,29897.57,2.066,0.0,161.76
2024-01-01 00:11:20.500,BTCUSDT,BINANCE_USDT,29897.56,0.5585,29896.07,3.575,29897.56,2.635,0.0,170.80
2024-01-01 00:11:21.000,BTCUSDT,BINANCE_USDT,29897.58,1.2677,29897.58,4.587,29899.08,4.638,0.0,135.41
2024-01-01 00:11:21.500,BTCUSDT,BINANCE_USDT,29898.98,0.2355,29898.23,1.512,29899.73,2.066,0.0,112.37
2024-01-01 00:11:22.000,BTCUSDT,BINANCE_USDT,29899.10,0.7543,29898.36,4.575,29899.85,1.980,0.0,119.14
2024-01-01 00:11:22.500,BTCUSDT,BINANCE_USDT,29899.33,1.2392,29898.58,1.885,29900.07,4.299,0.0,143.48
2024-01-01 00:11:23.000,BTCUSDT,BINANCE_USDT,29900.74,0.2959,29899.99,2.182,29901.49,0.881,0.0,125.62
2024-01-01 00:11:23.500,BTCUSDT,BINANCE_USDT,29900.53,1.2074,29900.53,1.986,29902.03,3.873,0.0,150.91
2024-01-01 00:11:24.000,BTCUSDT,BINANCE_USDT,29900.68,1.1906,29900.68,0.759,29902.18,2.470,0.0,198.92
2024-01-01 00:11:24.500,BTCUSDT,BINANCE_USDT,29901.87,1.9985,29901.13,2.355,29902.62,0.908,0.0,198.34
2024-01-01 00:11:25.000,BTCUSDT,BINANCE_USDT,29902.62,0.9810,29902.62,4.529,29904.11,3.334,0.0,151.35
2024-01-01 00:11:25.500,BTCUSDT,BINANCE_USDT,29905.50,1.2212,29904.00,3.455,29905.50,3.613,0.0,176.24
2024-01-01 00:11:26.000,BTCUSDT,BINANCE_USDT,29904.34,1.3115,29903.59,2.606,29905.09,2.989,0.0,161.60
2024-01-01 00:11:26.500,BTCUSDT,BINANCE_USDT,29902.84,0.8740,29901.35,1.511,29902.84,1.240,0.0,101.89
2024-01-01 00:11:27.000,BTCUSDT,BINANCE_USDT,29901.43,1.0810,29901.43,2.549,29902.93,1.564,0.0,160.74
2024-01-01 00:11:27.500,BTCUSDT,BINANCE_USDT,29902.28,1.4936,29901.54,2.801,29903.03,1.222,0.0,119.63
2024-01-01 00:11:28.000,BTCUSDT,BINANCE_USDT,29901.96,0.3917,29901.96,2.367,29903.45,3.411,0.0,134.14
2024-01-01 00:11:28.500,BTCUSDT,BINANCE_USDT,29900.99,1.9264,29900.99,0.847,29902.49,2.022,0.0,158.34
2024-01-01 00:11:29.000,BTCUSDT,BINANCE_USDT,29900.28,1.2642,29899.53,0.866,29901.02,3.804,0.0,187.54
2024-01-01 00:11:29.500,BTCUSDT,BINANCE_USDT,29898.71,1.0959,29898.71,1.713,29900.20,1.848,0.0,188.91
2024-01-01 00:11:30.000,BTCUSDT,BINANCE_USDT,29900.08,0.5802,29898.58,2.340,29900.08,2.152,0.0,122.99
2024-01-01 00:11:30.500,BTCUSDT,BINANCE_USDT,29898.43,0.2836,29896.94,0.835,29898.43,3.590,0.0,173.90
2024-01-01 00:11:31.000,BTCUSDT,BINANCE_USDT,29895.68,1.9933,29895.68,2.023,29897.18,1.311,0.0,151.05
2024-01-01 00:11:31.500,BTCUSDT,BINANCE_USDT,29895.77,1.4877,29895.02,0.687,29896.51,1.903,0.0,135.32
2024-01-01 00:11:32.000,BTCUSDT,BINANCE_USDT,29893.61,0.7161,29893.61,2.328,29895.10,1.978,0.0,181.20
2024-01-01 00:11:32.500,BTCUSDT,BINANCE_USDT,29895.00,1.3071,29894.25,2.675,29895.75,2.160,0.0,195.35
2024-01-01 00:11:33.000,BTCUSDT,BINANCE_USDT,29894.91,1.4269,29893.42,3.579,29894.91,1.334,0.0,111.75
2024-01-01 00:11:33.500,BTCUSDT,BINANCE_USDT,29895.70,1.1022,29894.96,4.942,29896.45,2.638,0.0,121.17
2024-01-01 00:11:34.000,BTCUSDT,BINANCE_USDT,29896.17,0.6074,29894.67,1.839,29896.17,3.936,0.0,169.90
2024-01-01 00:11:34.500,BTCUSDT,BINANCE_USDT,29894.05,1.5701,29894.05,3.056,29895.54,3.678,0.0,167.38
2024-01-01 00:11:35.000,BTCUSDT,BINANCE_USDT,29895.30,0.5027,29893.80,4.207,29895.30,3.747,0.0,140.29
2024-01-01 00:11:35.500,BTCUSDT,BINANCE_USDT,29896.51,0.7504,29895.76,4.320,29897.26,2.625,0.0,129.61
2024-01-01 00:11:36.000,BTCUSDT,BINANCE_USDT,29896.33,0.4937,29896.33,2.671,29897.83,3.696,0.0,155.51
2024-01-01 00:11:36.500,BTCUSDT,BINANCE_USDT,29897.66,0.6660,29896.91,1.322,29898.41,3.602,0.0,163.02
2024-01-01 00:11:37.000,BTCUSDT,BINANCE_USDT,29897.47,1.3865,29895.98,2.070,29897.47,4.561,0.0,179.72
2024-01-01 00:11:37.500,BTCUSDT,BINANCE_USDT,29896.81,0.4359,29896.81,0.556,29898.31,2.697,0.0,197.63
2024-01-01 00:11:38.000,BTCUSDT,BINANCE_USDT,29897.72,1.6663,29897.72,1.973,29899.21,2.529,0.0,168.19
2024-01-01 00:11:38.500,BTCUSDT,BINANCE_USDT,29900.48,1.5441,29898.98,0.535,29900.48,0.926,0.0,177.06
2024-01-01 00:11:39.000,BTCUSDT,BINANCE_USDT,29900.70,0.8048,29899.20,4.448,29900.70,2.511,0.0,103.04
2024-01-01 00:11:39.500,BTCUSDT,BINANCE_USDT,29900.05,0.1212,29898.56,1.612,29900.05,4.600,0.0,142.46
2024-01-01 00:11:40.000,BTCUSDT,BINANCE_USDT,29899.38,1.3782,29897.88,4.689,29899.38,3.423,0.0,102.87
2024-01-01 00:11:40.500,BTCUSDT,BINANCE_USDT,29900.11,1.9510,29899.36,4.892,29900.86,1.174,0.0,112.70
2024-01-01 00:11:41.000,BTCUSDT,BINANCE_USDT,29899.76,0.5371,29899.01,4.120,29900.51,3.106,0.0,132.34
2024-01-01 00:11:41.500,BTCUSDT,BINANCE_USDT,29898.26,0.4418,29898.26,1.009,29899.75,3.009,0.0,184.40
2024-01-01 00:11:42.000,BTCUSDT,BINANCE_USDT,29897.52,0.7090,29896.03,2.335,29897.52,1.613,0.0,179.47
2024-01-01 00:11:42.500,BTCUSDT,BINANCE_USDT,29899.55,0.3639,29898.05,0.503,29899.55,0.842,0.0,120.28
2024-01-01 00:11:43.000,BTCUSDT,BINANCE_USDT,29897.01,0.9841,29897.01,4.274,29898.50,3.843,0.0,141.18
2024-01-01 00:11:43.500,BTCUSDT,BINANCE_USDT,29897.40,1.6698,29897.40,4.414,29898.90,1.232,0.0,166.34
2024-01-01 00:11:44.000,BTCUSDT,BINANCE_USDT,29897.80,1.4262,29897.05,1.733,29898.54,2.148,0.0,121.86
2024-01-01 00:11:44.500,BTCUSDT,BINANCE_USDT,29897.83,0.5317,29897.83,2.624,29899.32,4.127,0.0,119.65
2024-01-01 00:11:45.000,BTCUSDT,BINANCE_USDT,29897.67,1.5440,29897.67,1.657,29899.17,3.251,0.0,130.98
2024-01-01 00:11:45.500,BTCUSDT,BINANCE_USDT,29899.05,0.8815,29899.05,4.388,29900.55,1.985,0.0,115.76
2024-01-01 00:11:46.000,BTCUSDT,BINANCE_USDT,29899.14,1.9166,29899.14,1.438,29900.64,3.247,0.0,112.16
2024-01-01 00:11:46.500,BTCUSDT,BINANCE_USDT,29898.13,0.6062,29897.38,3.236,29898.88,1.790,0.0,178.75
2024-01-01 00:11:47.000,BTCUSDT,BINANCE_USDT,29897.87,1.3531,29896.37,3.438,29897.87,1.559,0.0,158.13
2024-01-01 00:11:47.500,BTCUSDT,BINANCE_USDT,29896.67,1.5434,29895.18,3.935,29896.67,2.210,0.0,166.31
2024-01-01 00:11:48.000,BTCUSDT,BINANCE_USDT,29894.85,0.7170,29894.85,2.167,29896.35,0.789,0.0,150.16
2024-01-01 00:11:48.500,BTCUSDT,BINANCE_USDT,29896.45,1.1150,29895.70,2.476,29897.20,0.557,0.0,142.74
2024-01-01 00:11:49.000,BTCUSDT,BINANCE_USDT,29895.12,1.8289,29895.12,2.692,29896.62,4.031,0.0,183.54
2024-01-01 00:11:49.500,BTCUSDT,BINANCE_USDT,29893.19,1.8652,29893.19,2.115,29894.68,0.882,0.0,195.61
2024-01-01 00:11:50.000,BTCUSDT,BINANCE_USDT,29893.94,0.0427,29893.94,4.412,29895.44,4.196,0.0,105.61
2024-01-01 00:11:50.500,BTCUSDT,BINANCE_USDT,29892.04,1.2371,29892.04,2.816,29893.54,1.136,0.0,183.02
2024-01-01 00:11:51.000,BTCUSDT,BINANCE_USDT,29891.75,0.6634,29891.00,2.439,29892.49,2.017,0.0,107.85
2024-01-01 00:11:51.500,BTCUSDT,BINANCE_USDT,29891.49,1.7716,29889.99,4.596,29891.49,1.388,0.0,163.19
2024-01-01 00:11:52.000,BTCUSDT,BINANCE_USDT,29892.88,0.7190,29892.14,3.925,29893.63,3.083,0.0,108.33
2024-01-01 00:11:52.500,BTCUSDT,BINANCE_USDT,29893.35,1.2157,29891.85,3.607,29893.35,2.920,0.0,174.54
2024-01-01 00:11:53.000,BTCUSDT,BINANCE_USDT,29891.02,0.2081,29891.02,1.976,29892.52,3.345,0.0,169.96
2024-01-01 00:11:53.500,BTCUSDT,BINANCE_USDT,29892.08,1.0191,29890.58,0.970,29892.08,4.889,0.0,129.34
2024-01-01 00:11:54.000,BTCUSDT,BINANCE_USDT,29891.29,0.5552,29891.29,3.769,29892.78,4.883,0.0,126.71
2024-01-01 00:11:54.500,BTCUSDT,BINANCE_USDT,29891.98,1.3099,29891.23,1.723,29892.73,4.868,0.0,109.22
2024-01-01 00:11:55.000,BTCUSDT,BINANCE_USDT,29891.20,1.0762,29891.20,1.088,29892.70,1.038,0.0,167.75
2024-01-01 00:11:55.500,BTCUSDT,BINANCE_USDT,29891.70,1.6158,29891.70,0.805,29893.20,0.644,0.0,143.90
2024-01-01 00:11:56.000,BTCUSDT,BINANCE_USDT,29894.63,0.5824,29893.13,0.505,29894.63,1.452,0.0,131.89
2024-01-01 00:11:56.500,BTCUSDT,BINANCE_USDT,29893.89,0.9145,29892.40,4.897,29893.89,3.171,0.0,180.72
2024-01-01 00:11:57.000,BTCUSDT,BINANCE_USDT,29893.21,1.9061,29893.21,1.070,29894.70,3.179,0.0,160.23
2024-01-01 00:11:57.500,BTCUSDT,BINANCE_USDT,29894.38,0.8908,29892.89,2.131,29894.38,0.581,0.0,169.81
2024-01-01 00:11:58.000,BTCUSDT,BINANCE_USDT,29891.28,0.4514,29891.28,4.774,29892.77,2.347,0.0,194.00
2024-01-01 00:11:58.500,BTCUSDT,BINANCE_USDT,29893.69,0.0164,29892.20,2.202,29893.69,4.036,0.0,133.79
2024-01-01 00:11:59.000,BTCUSDT,BINANCE_USDT,29892.93,1.1859,29892.18,1.701,29893.67,2.053,0.0,182.77
2024-01-01 00:11:59.500,BTCUSDT,BINANCE_USDT,29895.93,1.6300,29895.18,3.610,29896.68,3.110,0.0,107.04
2024-01-01 00:12:00.000,BTCUSDT,BINANCE_USDT,29894.96,0.6089,29894.21,3.568,29895.71,4.417,0.0,158.69
2024-01-01 00:12:00.500,BTCUSDT,BINANCE_USDT,29893.69,0.0136,29893.69,1.831,29895.18,4.757,0.0,175.26
2024-01-01 00:12:01.000,BTCUSDT,BINANCE_USDT,29894.47,0.0282,29893.73,4.507,29895.22,3.261,0.0,101.52
2024-01-01 00:12:01.500,BTCUSDT,BINANCE_USDT,29894.52,1.4418,29893.02,2.102,29894.52,4.431,0.0,186.80
2024-01-01 00:12:02.000,BTCUSDT,BINANCE_USDT,29892.73,1.1851,29892.73,0.552,29894.23,1.222,0.0,169.15
2024-01-01 00:12:02.500,BTCUSDT,BINANCE_USDT,29893.60,0.4711,29892.85,1.228,29894.34,0.649,0.0,199.98
2024-01-01 00:12:03.000,BTCUSDT,BINANCE_USDT,29893.92,0.8931,29892.43,4.833,29893.92,3.346,0.0,152.35
2024-01-01 00:12:03.500,BTCUSDT,BINANCE_USDT,29893.75,0.1074,29893.00,3.891,29894.50,1.234,0.0,177.54
2024-01-01 00:12:04.000,BTCUSDT,BINANCE_USDT,29893.97,0.6085,29892.47,4.135,29893.97,3.350,0.0,105.10
2024-01-01 00:12:04.500,BTCUSDT,BINANCE_USDT,29891.62,0.1513,29891.62,2.994,29893.12,2.026,0.0,162.70
2024-01-01 00:12:05.000,BTCUSDT,BINANCE_USDT,29892.08,1.5837,29890.58,4.802,29892.08,3.975,0.0,111.83
2024-01-01 00:12:05.500,BTCUSDT,BINANCE_USDT,29893.31,1.3720,29891.81,3.455,29893.31,1.791,0.0,183.73
2024-01-01 00:12:06.000,BTCUSDT,BINANCE_USDT,29891.37,0.6138,29889.87,3.898,29891.37,0.935,0.0,147.33
2024-01-01 00:12:06.500,BTCUSDT,BINANCE_USDT,29889.00,1.1019,29888.25,3.784,29889.75,3.813,0.0,193.24
2024-01-01 00:12:07.000,BTCUSDT,BINANCE_USDT,29887.75,0.7754,29887.75,2.446,29889.24,2.701,0.0,189.27
2024-01-01 00:12:07.500,BTCUSDT,BINANCE_USDT,29887.55,0.1154,29887.55,4.796,29889.04,4.565,0.0,162.74
2024-01-01 00:12:08.000,BTCUSDT,BINANCE_USDT,29888.44,1.0259,29887.69,4.131,29889.18,4.153,0.0,173.86
2024-01-01 00:12:08.500,BTCUSDT,BINANCE_USDT,29889.85,1.5578,29889.10,1.847,29890.59,3.765,0.0,148.95
2024-01-01 00:12:09.000,BTCUSDT,BINANCE_USDT,29889.05,0.1514,29888.31,4.454,29889.80,2.259,0.0,150.93
2024-01-01 00:12:09.500,BTCUSDT,BINANCE_USDT,29890.73,1.9260,29889.98,0.878,29891.47,1.807,0.0,188.73
2024-01-01 00:12:10.000,BTCUSDT,BINANCE_USDT,29892.05,1.6980,29890.55,4.487,29892.05,2.951,0.0,195.42
2024-01-01 00:12:10.500,BTCUSDT,BINANCE_USDT,29889.31,0.0426,29889.31,0.822,29890.80,0.996,0.0,191.68
2024-01-01 00:12:11.000,BTCUSDT,BINANCE_USDT,29889.87,0.7092,29889.12,2.238,29890.62,3.715,0.0,159.30
2024-01-01 00:12:11.500,BTCUSDT,BINANCE_USDT,29888.89,1.3614,29888.89,1.587,29890.38,3.708,0.0,196.41
2024-01-01 00:12:12.000,BTCUSDT,BINANCE_USDT,29889.94,1.5037,29889.94,1.617,29891.43,0.681,0.0,109.42
2024-01-01 00:12:12.500,BTCUSDT,BINANCE_USDT,29890.69,1.1160,29889.19,3.484,29890.69,1.714,0.0,142.41
2024-01-01 00:12:13.000,BTCUSDT,BINANCE_USDT,29892.39,1.0225,29891.64,3.416,29893.14,4.111,0.0,130.69
2024-01-01 00:12:13.500,BTCUSDT,BINANCE_USDT,29892.40,1.5743,29892.40,1.789,29893.89,3.115,0.0,117.44
2024-01-01 00:12:14.000,BTCUSDT,BINANCE_USDT,29893.91,1.3757,29892.41,1.698,29893.91,3.410,0.0,191.53
2024-01-01 00:12:14.500,BTCUSDT,BINANCE_USDT,29892.37,0.1398,29892.37,4.981,29893.86,4.116,0.0,165.00
2024-01-01 00:12:15.000,BTCUSDT,BINANCE_USDT,29893.11,1.4471,29892.36,4.127,29893.86,4.374,0.0,185.74
2024-01-01 00:12:15.500,BTCUSDT,BINANCE_USDT,29894.70,0.9185,29893.20,2.785,29894.70,1.421,0.0,190.25
2024-01-01 00:12:16.000,BTCUSDT,BINANCE_USDT,29895.41,0.8826,29894.66,1.923,29896.15,1.140,0.0,161.09
2024-01-01 00:12:16.500,BTCUSDT,BINANCE_USDT,29896.22,0.2772,29894.73,2.629,29896.22,4.271,0.0,128.26
2024-01-01 00:12:17.000,BTCUSDT,BINANCE_USDT,29894.23,1.0488,29893.48,0.581,29894.97,3.703,0.0,155.97
2024-01-01 00:12:17.500,BTCUSDT,BINANCE_USDT,29894.58,1.3661,29893.09,2.857,29894.58,3.705,0.0,177.06
2024-01-01 00:12:18.000,BTCUSDT,BINANCE_USDT,29895.24,1.6456,29895.24,0.695,29896.73,3.123,0.0,167.84
2024-01-01 00:12:18.500,BTCUSDT,BINANCE_USDT,29893.29,1.5767,29893.29,4.833,29894.78,0.684,0.0,150.96
2024-01-01 00:12:19.000,BTCUSDT,BINANCE_USDT,29893.26,0.2142,29893.26,3.550,29894.75,4.244,0.0,192.16
2024-01-01 00:12:19.500,BTCUSDT,BINANCE_USDT,29892.31,1.7827,29891.57,0.878,29893.06,2.185,0.0,168.89
2024-01-01 00:12:20.000,BTCUSDT,BINANCE_USDT,29892.88,0.3913,29892.88,0.513,29894.37,0.629,0.0,136.66
2024-01-01 00:12:20.500,BTCUSDT,BINANCE_USDT,29892.00,0.9176,29892.00,3.898,29893.49,4.496,0.0,127.56
2024-01-01 00:12:21.000,BTCUSDT,BINANCE_USDT,29893.55,0.7591,29892.80,2.896,29894.30,0.790,0.0,196.55
2024-01-01 00:12:21.500,BTCUSDT,BINANCE_USDT,29893.84,0.0361,29893.09,3.283,29894.59,4.177,0.0,144.59
2024-01-01 00:12:22.000,BTCUSDT,BINANCE_USDT,29893.35,0.7626,29893.35,1.213,29894.85,2.631,0.0,131.14
2024-01-01 00:12:22.500,BTCUSDT,BINANCE_USDT,29892.74,0.1775,29892.74,2.755,29894.24,0.583,0.0,118.26
2024-01-01 00:12:23.000,BTCUSDT,BINANCE_USDT,29895.85,0.3736,29894.36,4.703,29895.85,2.037,0.0,147.49
2024-01-01 00:12:23.500,BTCUSDT,BINANCE_USDT,29893.84,0.5850,29893.84,1.572,29895.33,4.824,0.0,173.56
2024-01-01 00:12:24.000,BTCUSDT,BINANCE_USDT,29895.36,0.8278,29894.62,2.419,29896.11,3.249,0.0,101.53
2024-01-01 00:12:24.500,BTCUSDT,BINANCE_USDT,29894.40,1.5691,29894.40,1.838,29895.90,2.927,0.0,163.94
2024-01-01 00:12:25.000,BTCUSDT,BINANCE_USDT,29895.31,1.1780,29894.56,4.482,29896.05,1.677,0.0,123.43
2024-01-01 00:12:25.500,BTCUSDT,BINANCE_USDT,29894.79,0.3934,29894.04,2.822,29895.53,0.977,0.0,107.30
2024-01-01 00:12:26.000,BTCUSDT,BINANCE_USDT,29894.55,0.7170,29894.55,2.489,29896.04,3.566,0.0,190.25
2024-01-01 00:12:26.500,BTCUSDT,BINANCE_USDT,29895.64,0.3800,29894.90,3.055,29896.39,4.032,0.0,183.64
2024-01-01 00:12:27.000,BTCUSDT,BINANCE_USDT,29897.09,0.7307,29895.59,1.245,29897.09,2.978,0.0,185.44
2024-01-01 00:12:27.500,BTCUSDT,BINANCE_USDT,29894.82,1.6191,29894.82,2.825,29896.31,0.705,0.0,161.65
2024-01-01 00:12:28.000,BTCUSDT,BINANCE_USDT,29896.77,1.3444,29896.02,4.440,29897.52,0.750,0.0,125.79
2024-01-01 00:12:28.500,BTCUSDT,BINANCE_USDT,29894.72,0.5150,29894.72,3.047,29896.21,1.663,0.0,118.68
2024-01-01 00:12:29.000,BTCUSDT,BINANCE_USDT,29894.65,1.0604,29893.91,4.801,29895.40,0.943,0.0,112.51
2024-01-01 00:12:29.500,BTCUSDT,BINANCE_USDT,29893.71,1.1674,29892.96,4.463,29894.46,4.885,0.0,159.97
2024-01-01 00:12:30.000,BTCUSDT,BINANCE_USDT,29891.69,1.9803,29891.69,3.713,29893.19,2.406,0.0,170.47
2024-01-01 00:12:30.500,BTCUSDT,BINANCE_USDT,29891.49,1.1384,29890.75,3.355,29892.24,0.751,0.0,188.78
2024-01-01 00:12:31.000,BTCUSDT,BINANCE_USDT,29890.79,0.0333,29890.04,3.580,29891.53,1.774,0.0,171.46
2024-01-01 00:12:31.500,BTCUSDT,BINANCE_USDT,29892.35,0.3488,29891.61,3.346,29893.10,2.555,0.0,135.72
2024-01-01 00:12:32.000,BTCUSDT,BINANCE_USDT,29893.85,0.9590,29892.35,4.703,29893.85,1.200,0.0,162.90
2024-01-01 00:12:32.500,BTCUSDT,BINANCE_USDT,29891.80,0.1406,29890.31,2.253,29891.80,4.513,0.0,125.71
2024-01-01 00:12:33.000,BTCUSDT,BINANCE_USDT,29892.50,1.3847,29891.75,1.715,29893.24,0.601,0.0,196.46
2024-01-01 00:12:33.500,BTCUSDT,BINANCE_USDT,29892.40,0.6115,29890.90,0.628,29892.40,4.943,0.0,141.92
2024-01-01 00:12:34.000,BTCUSDT,BINANCE_USDT,29892.12,0.6230,29890.62,4.467,29892.12,3.509,0.0,165.45
2024-01-01 00:12:34.500,BTCUSDT,BINANCE_USDT,29891.48,0.1373,29891.48,4.421,29892.97,3.072,0.0,152.80
2024-01-01 00:12:35.000,BTCUSDT,BINANCE_USDT,29890.38,1.0387,29890.38,1.156,29891.88,3.548,0.0,159.81
2024-01-01 00:12:35.500,BTCUSDT,BINANCE_USDT,29892.61,1.3494,29891.12,1.045,29892.61,1.068,0.0,164.90
2024-01-01 00:12:36.000,BTCUSDT,BINANCE_USDT,29892.44,0.0589,29892.44,2.126,29893.93,2.176,0.0,120.89
2024-01-01 00:12:36.500,BTCUSDT,BINANCE_USDT,29891.36,1.2325,29890.61,2.323,29892.10,3.153,0.0,125.05
2024-01-01 00:12:37.000,BTCUSDT,BINANCE_USDT,29892.27,1.2643,29890.77,2.729,29892.27,1.896,0.0,177.85
2024-01-01 00:12:37.500,BTCUSDT,BINANCE_USDT,29891.85,1.6844,29890.35,0.608,29891.85,2.930,0.0,178.49
2024-01-01 00:12:38.000,BTCUSDT,BINANCE_USDT,29890.08,1.4160,29890.08,3.806,29891.58,1.122,0.0,158.38
2024-01-01 00:12:38.500,BTCUSDT,BINANCE_USDT,29890.85,1.9584,29890.10,4.544,29891.60,0.688,0.0,173.30
2024-01-01 00:12:39.000,BTCUSDT,BINANCE_USDT,29891.21,0.3674,29889.71,4.064,29891.21,3.707,0.0,164.17
2024-01-01 00:12:39.500,BTCUSDT,BINANCE_USDT,29891.74,0.7963,29890.25,4.741,29891.74,0.880,0.0,187.93
2024-01-01 00:12:40.000,BTCUSDT,BINANCE_USDT,29890.33,0.1963,29889.58,1.884,29891.08,3.720,0.0,106.64
2024-01-01 00:12:40.500,BTCUSDT,BINANCE_USDT,29890.96,0.3660,29890.22,0.975,29891.71,4.258,0.0,127.50
2024-01-01 00:12:41.000,BTCUSDT,BINANCE_USDT,29891.36,1.9458,29890.61,1.641,29892.11,1.737,0.0,164.36
2024-01-01 00:12:41.500,BTCUSDT,BINANCE_USDT,29893.47,0.3416,29892.72,3.065,29894.22,1.498,0.0,133.90
2024-01-01 00:12:42.000,BTCUSDT,BINANCE_USDT,29892.84,0.7302,29892.10,0.550,29893.59,3.655,0.0,157.33
2024-01-01 00:12:42.500,BTCUSDT,BINANCE_USDT,29892.99,1.8224,29892.24,1.601,29893.74,3.906,0.0,176.57
2024-01-01 00:12:43.000,BTCUSDT,BINANCE_USDT,29893.46,1.4106,29893.46,0.782,29894.95,1.948,0.0,153.24
2024-01-01 00:12:43.500,BTCUSDT,BINANCE_USDT,29892.51,1.0761,29892.51,0.957,29894.00,2.634,0.0,104.24
2024-01-01 00:12:44.000,BTCUSDT,BINANCE_USDT,29893.49,1.8745,29893.49,2.903,29894.98,2.839,0.0,102.82
2024-01-01 00:12:44.500,BTCUSDT,BINANCE_USDT,29893.95,0.7722,29893.95,0.521,29895.45,3.560,0.0,146.53
2024-01-01 00:12:45.000,BTCUSDT,BINANCE_USDT,29894.84,1.1251,29893.35,4.639,29894.84,3.327,0.0,104.65
2024-01-01 00:12:45.500,BTCUSDT,BINANCE_USDT,29892.76,0.3145,29892.76,2.983,29894.26,3.354,0.0,139.47
2024-01-01 00:12:46.000,BTCUSDT,BINANCE_USDT,29893.79,1.3964,29892.29,2.290,29893.79,0.786,0.0,184.40
2024-01-01 00:12:46.500,BTCUSDT,BINANCE_USDT,29892.78,1.5458,29891.29,1.223,29892.78,1.446,0.0,142.53
2024-01-01 00:12:47.000,BTCUSDT,BINANCE_USDT,29892.83,1.2944,29892.83,1.982,29894.33,4.122,0.0,143.28
2024-01-01 00:12:47.500,BTCUSDT,BINANCE_USDT,29896.66,1.3365,29895.16,3.273,29896.66,2.988,0.0,165.01
2024-01-01 00:12:48.000,BTCUSDT,BINANCE_USDT,29896.81,0.5300,29895.31,3.267,29896.81,3.713,0.0,144.12
2024-01-01 00:12:48.500,BTCUSDT,BINANCE_USDT,29894.22,0.1499,29893.47,1.198,29894.97,3.024,0.0,121.21
2024-01-01 00:12:49.000,BTCUSDT,BINANCE_USDT,29894.78,1.1503,29894.78,1.919,29896.28,1.254,0.0,137.58
2024-01-01 00:12:49.500,BTCUSDT,BINANCE_USDT,29896.58,0.3621,29895.84,3.678,29897.33,3.778,0.0,189.70
2024-01-01 00:12:50.000,BTCUSDT,BINANCE_USDT,29898.24,1.7011,29896.74,3.683,29898.24,2.193,0.0,197.39
2024-01-01 00:12:50.500,BTCUSDT,BINANCE_USDT,29896.54,1.4559,29896.54,1.799,29898.04,2.562,0.0,199.31
2024-01-01 00:12:51.000,BTCUSDT,BINANCE_USDT,29900.67,0.5145,29899.18,3.179,29900.67,1.665,0.0,126.14
2024-01-01 00:12:51.500,BTCUSDT,BINANCE_USDT,29899.63,1.9442,29899.63,0.611,29901.12,1.775,0.0,151.93
2024-01-01 00:12:52.000,BTCUSDT,BINANCE_USDT,29901.62,0.1274,29900.87,1.041,29902.37,1.471,0.0,115.26
2024-01-01 00:12:52.500,BTCUSDT,BINANCE_USDT,29901.69,0.5109,29900.95,3.491,29902.44,3.276,0.0,151.96
2024-01-01 00:12:53.000,BTCUSDT,BINANCE_USDT,29902.68,1.3757,29901.93,4.487,29903.43,0.795,0.0,147.78
2024-01-01 00:12:53.500,BTCUSDT,BINANCE_USDT,29901.95,1.6078,29900.45,0.881,29901.95,1.409,0.0,116.48
2024-01-01 00:12:54.000,BTCUSDT,BINANCE_USDT,29903.03,1.0313,29901.54,3.366,29903.03,3.994,0.0,127.56
2024-01-01 00:12:54.500,BTCUSDT,BINANCE_USDT,29904.06,0.7457,29902.57,0.931,29904.06,1.561,0.0,124.26
2024-01-01 00:12:55.000,BTCUSDT,BINANCE_USDT,29903.40,0.7350,29903.40,1.114,29904.90,4.710,0.0,110.86
2024-01-01 00:12:55.500,BTCUSDT,BINANCE_USDT,29904.13,1.4796,29903.39,3.747,29904.88,4.029,0.0,197.77
2024-01-01 00:12:56.000,BTCUSDT,BINANCE_USDT,29904.04,1.3135,29904.04,4.724,29905.53,0.710,0.0,136.69
2024-01-01 00:12:56.500,BTCUSDT,BINANCE_USDT,29904.64,0.2033,29903.15,1.288,29904.64,1.115,0.0,145.71
2024-01-01 00:12:57.000,BTCUSDT,BINANCE_USDT,29902.56,1.7635,29902.56,2.899,29904.06,1.206,0.0,137.93
2024-01-01 00:12:57.500,BTCUSDT,BINANCE_USDT,29903.12,1.7539,29901.62,1.451,29903.12,4.012,0.0,189.97
2024-01-01 00:12:58.000,BTCUSDT,BINANCE_USDT,29900.89,0.6092,29899.40,2.107,29900.89,3.290,0.0,169.37
2024-01-01 00:12:58.500,BTCUSDT,BINANCE_USDT,29897.53,0.9761,29896.78,2.677,29898.28,2.835,0.0,104.56
2024-01-01 00:12:59.000,BTCUSDT,BINANCE_USDT,29896.44,1.9936,29894.95,3.805,29896.44,2.429,0.0,177.19
2024-01-01 00:12:59.500,BTCUSDT,BINANCE_USDT,29895.76,1.0507,29895.76,3.174,29897.26,3.242,0.0,162.69
2024-01-01 00:13:00.000,BTCUSDT,BINANCE_USDT,29895.58,1.6448,29895.58,2.281,29897.08,4.580,0.0,100.95
2024-01-01 00:13:00.500,BTCUSDT,BINANCE_USDT,29899.41,1.4052,29897.91,4.807,29899.41,1.790,0.0,194.23
2024-01-01 00:13:01.000,BTCUSDT,BINANCE_USDT,29898.56,0.6044,29897.81,4.169,29899.30,3.104,0.0,113.62
2024-01-01 00:13:01.500,BTCUSDT,BINANCE_USDT,29898.37,0.7100,29897.62,4.361,29899.12,4.783,0.0,184.21
2024-01-01 00:13:02.000,BTCUSDT,BINANCE_USDT,29900.31,0.9438,29898.82,0.872,29900.31,3.477,0.0,126.07
2024-01-01 00:13:02.500,BTCUSDT,BINANCE_USDT,29899.60,0.3348,29898.10,0.550,29899.60,4.670,0.0,107.98
2024-01-01 00:13:03.000,BTCUSDT,BINANCE_USDT,29896.30,1.3817,29896.30,3.502,29897.80,2.925,0.0,184.68
2024-01-01 00:13:03.500,BTCUSDT,BINANCE_USDT,29895.24,1.1130,29893.74,1.595,29895.24,1.606,0.0,159.53
2024-01-01 00:13:04.000,BTCUSDT,BINANCE_USDT,29893.16,0.3122,29891.67,0.629,29893.16,1.570,0.0,199.74
2024-01-01 00:13:04.500,BTCUSDT,BINANCE_USDT,29893.49,1.0524,29892.00,1.372,29893.49,1.113,0.0,131.23
2024-01-01 00:13:05.000,BTCUSDT,BINANCE_USDT,29893.39,1.0637,29893.39,1.484,29894.89,3.565,0.0,174.86
2024-01-01 00:13:05.500,BTCUSDT,BINANCE_USDT,29893.18,0.7443,29893.18,1.852,29894.67,1.971,0.0,167.72
2024-01-01 00:13:06.000,BTCUSDT,BINANCE_USDT,29894.15,0.7565,29892.66,1.160,29894.15,3.039,0.0,125.77
2024-01-01 00:13:06.500,BTCUSDT,BINANCE_USDT,29892.57,1.6470,29891.07,4.270,29892.57,2.811,0.0,129.85
2024-01-01 00:13:07.000,BTCUSDT,BINANCE_USDT,29893.44,1.2016,29891.95,2.820,29893.44,3.982,0.0,194.24
2024-01-01 00:13:07.500,BTCUSDT,BINANCE_USDT,29889.78,1.9652,29889.78,2.526,29891.27,3.358,0.0,134.30
2024-01-01 00:13:08.000,BTCUSDT,BINANCE_USDT,29888.32,1.6765,29888.32,4.552,29889.81,3.623,0.0,159.52
2024-01-01 00:13:08.500,BTCUSDT,BINANCE_USDT,29888.58,0.8768,29887.83,4.512,29889.33,4.648,0.0,154.09
2024-01-01 00:13:09.000,BTCUSDT,BINANCE_USDT,29890.56,1.8995,29889.06,3.709,29890.56,0.788,0.0,113.75
2024-01-01 00:13:09.500,BTCUSDT,BINANCE_USDT,29888.98,1.1931,29887.49,2.358,29888.98,1.733,0.0,168.98
2024-01-01 00:13:10.000,BTCUSDT,BINANCE_USDT,29887.20,0.7864,29887.20,3.900,29888.69,0.506,0.0,150.99
2024-01-01 00:13:10.500,BTCUSDT,BINANCE_USDT,29887.56,1.8017,29886.81,4.719,29888.31,1.371,0.0,178.71
2024-01-01 00:13:11.000,BTCUSDT,BINANCE_USDT,29889.01,0.5883,29889.01,4.022,29890.51,4.093,0.0,137.56
2024-01-01 00:13:11.500,BTCUSDT,BINANCE_USDT,29888.79,1.9116,29888.79,4.507,29890.28,1.548,0.0,136.62
2024-01-01 00:13:12.000,BTCUSDT,BINANCE_USDT,29888.86,0.7500,29888.12,3.066,29889.61,1.586,0.0,101.65
2024-01-01 00:13:12.500,BTCUSDT,BINANCE_USDT,29891.15,1.9516,29889.66,1.561,29891.15,2.736,0.0,120.55
2024-01-01 00:13:13.000,BTCUSDT,BINANCE_USDT,29889.61,0.5615,29888.12,4.728,29889.61,3.147,0.0,178.33
2024-01-01 00:13:13.500,BTCUSDT,BINANCE_USDT,29888.70,1.4914,29887.96,1.070,29889.45,1.779,0.0,146.36
2024-01-01 00:13:14.000,BTCUSDT,BINANCE_USDT,29886.87,0.2842,29886.87,2.843,29888.36,1.322,0.0,139.96
2024-01-01 00:13:14.500,BTCUSDT,BINANCE_USDT,29885.06,0.8006,29884.31,3.612,29885.80,4.727,0.0,194.72
2024-01-01 00:13:15.000,BTCUSDT,BINANCE_USDT,29883.31,0.6721,29883.31,4.815,29884.81,0.973,0.0,129.10
2024-01-01 00:13:15.500,BTCUSDT,BINANCE_USDT,29885.33,1.2055,29883.84,4.056,29885.33,2.514,0.0,110.88
2024-01-01 00:13:16.000,BTCUSDT,BINANCE_USDT,29884.93,0.1398,29884.93,0.721,29886.42,2.055,0.0,149.54
2024-01-01 00:13:16.500,BTCUSDT,BINANCE_USDT,29883.84,0.1811,29882.35,2.376,29883.84,3.820,0.0,132.56
2024-01-01 00:13:17.000,BTCUSDT,BINANCE_USDT,29885.25,0.1842,29883.76,3.721,29885.25,1.057,0.0,149.60
2024-01-01 00:13:17.500,BTCUSDT,BINANCE_USDT,29884.51,0.1211,29883.77,3.328,29885.26,1.342,0.0,156.72
2024-01-01 00:13:18.000,BTCUSDT,BINANCE_USDT,29884.06,0.7130,29884.06,4.653,29885.56,2.225,0.0,110.56
2024-01-01 00:13:18.500,BTCUSDT,BINANCE_USDT,29885.20,1.9624,29883.71,4.682,29885.20,1.268,0.0,108.11
2024-01-01 00:13:19.000,BTCUSDT,BINANCE_USDT,29885.66,1.4556,29884.17,1.447,29885.66,2.322,0.0,148.92
2024-01-01 00:13:19.500,BTCUSDT,BINANCE_USDT,29885.46,1.4334,29885.46,4.859,29886.96,0.539,0.0,110.70
2024-01-01 00:13:20.000,BTCUSDT,BINANCE_USDT,29887.46,0.2254,29886.71,0.732,29888.21,2.498,0.0,118.22
2024-01-01 00:13:20.500,BTCUSDT,BINANCE_USDT,29887.52,0.2204,29886.77,2.287,29888.27,4.453,0.0,119.00
2024-01-01 00:13:21.000,BTCUSDT,BINANCE_USDT,29886.47,1.0735,29885.73,3.450,29887.22,3.162,0.0,146.57
2024-01-01 00:13:21.500,BTCUSDT,BINANCE_USDT,29889.27,1.0216,29887.78,1.271,29889.27,2.527,0.0,191.90
2024-01-01 00:13:22.000,BTCUSDT,BINANCE_USDT,29888.79,1.5897,29887.30,3.560,29888.79,2.117,0.0,184.18
2024-01-01 00:13:22.500,BTCUSDT,BINANCE_USDT,29888.79,1.3222,29888.79,1.336,29890.28,2.549,0.0,140.23
2024-01-01 00:13:23.000,BTCUSDT,BINANCE_USDT,29889.53,0.9405,29888.03,1.593,29889.53,2.701,0.0,162.40
2024-01-01 00:13:23.500,BTCUSDT,BINANCE_USDT,29887.95,0.0233,29887.20,3.643,29888.69,2.436,0.0,151.44
2024-01-01 00:13:24.000,BTCUSDT,BINANCE_USDT,29885.52,0.5269,29884.78,3.064,29886.27,2.768,0.0,161.12
2024-01-01 00:13:24.500,BTCUSDT,BINANCE_USDT,29886.04,1.1466,29886.04,2.519,29887.54,1.479,0.0,177.69
2024-01-01 00:13:25.000,BTCUSDT,BINANCE_USDT,29886.67,0.9572,29886.67,3.421,29888.17,1.483,0.0,197.62
2024-01-01 00:13:25.500,BTCUSDT,BINANCE_USDT,29890.40,1.4063,29889.65,2.072,29891.15,3.801,0.0,174.32
2024-01-01 00:13:26.000,BTCUSDT,BINANCE_USDT,29890.07,0.2801,29889.32,4.591,29890.82,2.235,0.0,198.33
2024-01-01 00:13:26.500,BTCUSDT,BINANCE_USDT,29891.61,1.7101,29890.12,4.926,29891.61,3.335,0.0,157.43
2024-01-01 00:13:27.000,BTCUSDT,BINANCE_USDT,29891.51,1.8721,29890.01,4.318,29891.51,2.338,0.0,158.43
2024-01-01 00:13:27.500,BTCUSDT,BINANCE_USDT,29889.44,1.3233,29889.44,4.045,29890.94,3.961,0.0,198.26
2024-01-01 00:13:28.000,BTCUSDT,BINANCE_USDT,29890.74,1.0941,29889.99,2.739,29891.49,1.285,0.0,142.08
2024-01-01 00:13:28.500,BTCUSDT,BINANCE_USDT,29890.59,0.4808,29889.84,2.282,29891.34,4.545,0.0,147.82
2024-01-01 00:13:29.000,BTCUSDT,BINANCE_USDT,29890.52,0.4873,29889.78,0.871,29891.27,4.699,0.0,186.83
2024-01-01 00:13:29.500,BTCUSDT,BINANCE_USDT,29890.32,1.0130,29888.82,3.951,29890.32,4.285,0.0,116.34
2024-01-01 00:13:30.000,BTCUSDT,BINANCE_USDT,29892.45,0.2622,29890.96,4.166,29892.45,1.243,0.0,156.33
2024-01-01 00:13:30.500,BTCUSDT,BINANCE_USDT,29893.59,0.3780,29892.10,2.569,29893.59,1.295,0.0,162.77
2024-01-01 00:13:31.000,BTCUSDT,BINANCE_USDT,29892.88,0.9689,29892.13,4.624,29893.63,3.768,0.0,171.06
2024-01-01 00:13:31.500,BTCUSDT,BINANCE_USDT,29894.13,0.1239,29893.38,2.848,29894.88,3.157,0.0,151.00
2024-01-01 00:13:32.000,BTCUSDT,BINANCE_USDT,29893.27,0.1382,29893.27,3.932,29894.76,3.593,0.0,197.98
2024-01-01 00:13:32.500,BTCUSDT,BINANCE_USDT,29893.70,0.1544,29892.21,2.795,29893.70,1.189,0.0,143.99
2024-01-01 00:13:33.000,BTCUSDT,BINANCE_USDT,29892.31,1.9603,29892.31,4.299,29893.80,2.781,0.0,125.94
2024-01-01 00:13:33.500,BTCUSDT,BINANCE_USDT,29893.30,1.4254,29891.80,0.565,29893.30,4.404,0.0,174.04
2024-01-01 00:13:34.000,BTCUSDT,BINANCE_USDT,29891.86,0.7471,29891.86,3.500,29893.36,2.656,0.0,139.88
2024-01-01 00:13:34.500,BTCUSDT,BINANCE_USDT,29893.66,1.6655,29892.91,4.947,29894.41,4.556,0.0,147.26
2024-01-01 00:13:35.000,BTCUSDT,BINANCE_USDT,29893.50,0.0280,29892.01,4.603,29893.50,4.819,0.0,122.21
2024-01-01 00:13:35.500,BTCUSDT,BINANCE_USDT,29891.97,1.7067,29891.97,0.585,29893.47,3.886,0.0,158.25
2024-01-01 00:13:36.000,BTCUSDT,BINANCE_USDT,29895.43,0.2127,29893.94,4.674,29895.43,3.533,0.0,138.27
2024-01-01 00:13:36.500,BTCUSDT,BINANCE_USDT,29893.33,1.8135,29892.59,3.443,29894.08,4.508,0.0,153.12
2024-01-01 00:13:37.000,BTCUSDT,BINANCE_USDT,29890.27,0.9992,29890.27,2.335,29891.77,2.128,0.0,130.10
2024-01-01 00:13:37.500,BTCUSDT,BINANCE_USDT,29890.82,0.8660,29890.82,1.179,29892.32,2.967,0.0,176.81
2024-01-01 00:13:38.000,BTCUSDT,BINANCE_USDT,29890.38,0.6611,29890.38,2.030,29891.88,4.069,0.0,145.39
2024-01-01 00:13:38.500,BTCUSDT,BINANCE_USDT,29890.63,1.4166,29889.89,3.868,29891.38,4.260,0.0,196.54
2024-01-01 00:13:39.000,BTCUSDT,BINANCE_USDT,29893.77,1.8871,29892.28,2.785,29893.77,3.051,0.0,150.61
2024-01-01 00:13:39.500,BTCUSDT,BINANCE_USDT,29894.07,0.5285,29893.33,2.901,29894.82,2.251,0.0,172.92
2024-01-01 00:13:40.000,BTCUSDT,BINANCE_USDT,29892.15,1.1337,29892.15,0.815,29893.65,0.963,0.0,166.85
2024-01-01 00:13:40.500,BTCUSDT,BINANCE_USDT,29892.11,1.0596,29890.62,4.228,29892.11,3.194,0.0,129.77
2024-01-01 00:13:41.000,BTCUSDT,BINANCE_USDT,29890.53,1.1210,29890.53,1.750,29892.03,1.063,0.0,143.72
2024-01-01 00:13:41.500,BTCUSDT,BINANCE_USDT,29890.30,1.2844,29890.30,1.540,29891.79,2.305,0.0,114.14
2024-01-01 00:13:42.000,BTCUSDT,BINANCE_USDT,29889.19,0.0836,29889.19,4.278,29890.69,2.517,0.0,198.19
2024-01-01 00:13:42.500,BTCUSDT,BINANCE_USDT,29891.01,1.7992,29890.26,1.107,29891.76,4.569,0.0,154.59
2024-01-01 00:13:43.000,BTCUSDT,BINANCE_USDT,29888.34,1.6811,29886.85,0.675,29888.34,4.687,0.0,157.60
2024-01-01 00:13:43.500,BTCUSDT,BINANCE_USDT,29888.30,1.3049,29887.56,2.962,29889.05,2.889,0.0,111.86
2024-01-01 00:13:44.000,BTCUSDT,BINANCE_USDT,29889.62,0.5859,29888.87,4.732,29890.36,1.244,0.0,137.53
2024-01-01 00:13:44.500,BTCUSDT,BINANCE_USDT,29891.18,0.9210,29890.43,1.953,29891.93,1.928,0.0,193.89
2024-01-01 00:13:45.000,BTCUSDT,BINANCE_USDT,29890.48,0.6571,29890.48,1.182,29891.97,1.635,0.0,196.10
2024-01-01 00:13:45.500,BTCUSDT,BINANCE_USDT,29890.64,0.5260,29889.14,2.660,29890.64,1.971,0.0,143.32
2024-01-01 00:13:46.000,BTCUSDT,BINANCE_USDT,29887.69,1.6200,29887.69,0.787,29889.18,4.221,0.0,187.62
2024-01-01 00:13:46.500,BTCUSDT,BINANCE_USDT,29889.49,0.1939,29889.49,1.796,29890.98,3.271,0.0,144.40
2024-01-01 00:13:47.000,BTCUSDT,BINANCE_USDT,29887.81,1.8800,29886.31,0.786,29887.81,1.445,0.0,122.90
2024-01-01 00:13:47.500,BTCUSDT,BINANCE_USDT,29885.32,0.2159,29885.32,2.881,29886.82,1.210,0.0,139.47
2024-01-01 00:13:48.000,BTCUSDT,BINANCE_USDT,29884.55,1.3032,29884.55,1.237,29886.04,3.748,0.0,122.20
2024-01-01 00:13:48.500,BTCUSDT,BINANCE_USDT,29886.53,1.0606,29885.04,2.959,29886.53,1.662,0.0,145.92
2024-01-01 00:13:49.000,BTCUSDT,BINANCE_USDT,29884.20,1.7564,29883.45,3.707,29884.95,2.338,0.0,177.13
2024-01-01 00:13:49.500,BTCUSDT,BINANCE_USDT,29883.03,1.1187,29883.03,0.977,29884.52,1.480,0.0,171.23
2024-01-01 00:13:50.000,BTCUSDT,BINANCE_USDT,29882.61,0.5124,29882.61,1.659,29884.11,4.726,0.0,186.73
2024-01-01 00:13:50.500,BTCUSDT,BINANCE_USDT,29882.47,1.9940,29882.47,3.068,29883.96,4.418,0.0,154.16
2024-01-01 00:13:51.000,BTCUSDT,BINANCE_USDT,29882.51,0.8588,29881.76,0.641,29883.26,1.331,0.0,133.78
2024-01-01 00:13:51.500,BTCUSDT,BINANCE_USDT,29882.26,0.9803,29880.77,3.182,29882.26,0.615,0.0,199.44
2024-01-01 00:13:52.000,BTCUSDT,BINANCE_USDT,29882.41,1.0040,29882.41,1.666,29883.90,4.029,0.0,114.27
2024-01-01 00:13:52.500,BTCUSDT,BINANCE_USDT,29882.39,0.1019,29881.64,1.984,29883.13,2.260,0.0,196.40
2024-01-01 00:13:53.000,BTCUSDT,BINANCE_USDT,29881.91,1.7685,29881.17,3.597,29882.66,4.822,0.0,133.01
2024-01-01 00:13:53.500,BTCUSDT,BINANCE_USDT,29883.39,0.8594,29881.90,4.833,29883.39,1.622,0.0,153.78
2024-01-01 00:13:54.000,BTCUSDT,BINANCE_USDT,29881.06,0.5334,29881.06,1.177,29882.55,2.951,0.0,113.03
2024-01-01 00:13:54.500,BTCUSDT,BINANCE_USDT,29882.62,1.1864,29882.62,2.075,29884.12,4.823,0.0,127.07
2024-01-01 00:13:55.000,BTCUSDT,BINANCE_USDT,29884.02,0.6069,29883.27,4.888,29884.76,1.945,0.0,133.48
2024-01-01 00:13:55.500,BTCUSDT,BINANCE_USDT,29884.84,1.2146,29883.35,2.988,29884.84,0.803,0.0,163.33
2024-01-01 00:13:56.000,BTCUSDT,BINANCE_USDT,29884.87,0.5881,29884.12,4.127,29885.62,3.885,0.0,115.25
2024-01-01 00:13:56.500,BTCUSDT,BINANCE_USDT,29885.61,1.5222,29885.61,3.810,29887.10,4.626,0.0,100.59
2024-01-01 00:13:57.000,BTCUSDT,BINANCE_USDT,29888.77,1.2149,29887.28,3.218,29888.77,2.391,0.0,195.12
2024-01-01 00:13:57.500,BTCUSDT,BINANCE_USDT,29887.58,0.7365,29887.58,4.133,29889.07,3.058,0.0,149.64
2024-01-01 00:13:58.000,BTCUSDT,BINANCE_USDT,29885.52,1.3903,29885.52,4.556,29887.01,4.896,0.0,137.64
2024-01-01 00:13:58.500,BTCUSDT,BINANCE_USDT,29886.20,1.7714,29886.20,1.740,29887.69,1.874,0.0,166.35
2024-01-01 00:13:59.000,BTCUSDT,BINANCE_USDT,29886.25,1.8120,29886.25,3.419,29887.74,3.529,0.0,193.66
2024-01-01 00:13:59.500,BTCUSDT,BINANCE_USDT,29887.49,0.3554,29887.49,4.521,29888.98,1.815,0.0,105.01
2024-01-01 00:14:00.000,BTCUSDT,BINANCE_USDT,29885.55,0.3628,29884.80,3.226,29886.29,4.220,0.0,195.75
2024-01-01 00:14:00.500,BTCUSDT,BINANCE_USDT,29883.67,1.7723,29883.67,4.932,29885.16,3.925,0.0,142.91
2024-01-01 00:14:01.000,BTCUSDT,BINANCE_USDT,29883.53,1.6850,29882.78,3.039,29884.27,4.414,0.0,181.00
2024-01-01 00:14:01.500,BTCUSDT,BINANCE_USDT,29882.40,1.0856,29882.40,2.168,29883.90,1.854,0.0,120.21
2024-01-01 00:14:02.000,BTCUSDT,BINANCE_USDT,29882.38,1.4251,29881.63,1.621,29883.13,3.250,0.0,153.93
2024-01-01 00:14:02.500,BTCUSDT,BINANCE_USDT,29882.45,0.7889,29882.45,3.376,29883.95,2.000,0.0,172.47
2024-01-01 00:14:03.000,BTCUSDT,BINANCE_USDT,29881.76,0.6277,29881.76,3.835,29883.25,3.071,0.0,175.89
2024-01-01 00:14:03.500,BTCUSDT,BINANCE_USDT,29882.06,0.4932,29881.31,0.730,29882.80,4.121,0.0,180.28
2024-01-01 00:14:04.000,BTCUSDT,BINANCE_USDT,29882.95,0.8622,29882.20,4.107,29883.69,1.639,0.0,139.55
2024-01-01 00:14:04.500,BTCUSDT,BINANCE_USDT,29884.11,1.9650,29882.62,2.539,29884.11,3.462,0.0,157.76
2024-01-01 00:14:05.000,BTCUSDT,BINANCE_USDT,29882.15,0.2351,29882.15,1.610,29883.65,3.136,0.0,157.85
2024-01-01 00:14:05.500,BTCUSDT,BINANCE_USDT,29884.40,1.6278,29884.40,1.812,29885.89,4.917,0.0,115.69
2024-01-01 00:14:06.000,BTCUSDT,BINANCE_USDT,29887.13,1.9835,29885.64,3.497,29887.13,1.449,0.0,185.24
2024-01-01 00:14:06.500,BTCUSDT,BINANCE_USDT,29885.62,1.0561,29884.13,1.926,29885.62,4.712,0.0,144.54
2024-01-01 00:14:07.000,BTCUSDT,BINANCE_USDT,29886.17,1.1972,29886.17,3.195,29887.66,1.169,0.0,156.93
2024-01-01 00:14:07.500,BTCUSDT,BINANCE_USDT,29888.04,0.6200,29887.29,2.952,29888.78,3.486,0.0,148.84
2024-01-01 00:14:08.000,BTCUSDT,BINANCE_USDT,29888.50,0.9214,29887.76,1.954,29889.25,4.710,0.0,164.62
2024-01-01 00:14:08.500,BTCUSDT,BINANCE_USDT,29886.01,0.2909,29885.26,1.848,29886.76,4.428,0.0,148.49
2024-01-01 00:14:09.000,BTCUSDT,BINANCE_USDT,29885.41,1.6946,29883.92,2.397,29885.41,0.834,0.0,121.74
2024-01-01 00:14:09.500,BTCUSDT,BINANCE_USDT,29885.24,1.7525,29883.74,3.729,29885.24,4.365,0.0,191.14
2024-01-01 00:14:10.000,BTCUSDT,BINANCE_USDT,29882.95,0.0602,29882.95,3.438,29884.44,1.544,0.0,190.99
2024-01-01 00:14:10.500,BTCUSDT,BINANCE_USDT,29882.18,1.5528,29882.18,4.051,29883.68,4.868,0.0,168.90
2024-01-01 00:14:11.000,BTCUSDT,BINANCE_USDT,29883.71,1.1053,29882.97,1.754,29884.46,4.415,0.0,176.87
2024-01-01 00:14:11.500,BTCUSDT,BINANCE_USDT,29884.51,1.5445,29883.76,4.431,29885.25,1.719,0.0,178.82
2024-01-01 00:14:12.000,BTCUSDT,BINANCE_USDT,29887.14,1.8554,29885.64,0.672,29887.14,2.291,0.0,133.92
2024-01-01 00:14:12.500,BTCUSDT,BINANCE_USDT,29888.83,0.1962,29887.34,1.406,29888.83,3.155,0.0,133.11
2024-01-01 00:14:13.000,BTCUSDT,BINANCE_USDT,29887.55,1.0867,29887.55,3.008,29889.05,4.313,0.0,176.83
2024-01-01 00:14:13.500,BTCUSDT,BINANCE_USDT,29887.90,1.0346,29887.16,1.041,29888.65,2.335,0.0,101.80
2024-01-01 00:14:14.000,BTCUSDT,BINANCE_USDT,29886.05,0.6830,29884.55,0.567,29886.05,3.979,0.0,166.01
2024-01-01 00:14:14.500,BTCUSDT,BINANCE_USDT,29886.35,0.9103,29884.86,4.801,29886.35,3.015,0.0,138.75
2024-01-01 00:14:15.000,BTCUSDT,BINANCE_USDT,29887.50,0.7228,29886.00,2.003,29887.50,3.986,0.0,121.19
2024-01-01 00:14:15.500,BTCUSDT,BINANCE_USDT,29888.34,0.3800,29888.34,4.748,29889.83,3.323,0.0,194.35
2024-01-01 00:14:16.000,BTCUSDT,BINANCE_USDT,29889.33,1.5589,29888.58,4.136,29890.08,0.722,0.0,185.59
2024-01-01 00:14:16.500,BTCUSDT,BINANCE_USDT,29887.11,1.3932,29887.11,3.718,29888.60,2.868,0.0,153.69
2024-01-01 00:14:17.000,BTCUSDT,BINANCE_USDT,29887.78,1.7488,29887.78,4.123,29889.28,3.564,0.0,126.34
2024-01-01 00:14:17.500,BTCUSDT,BINANCE_USDT,29889.42,1.9024,29887.93,3.930,29889.42,4.000,0.0,118.35
2024-01-01 00:14:18.000,BTCUSDT,BINANCE_USDT,29889.80,0.5424,29888.30,1.730,29889.80,4.096,0.0,158.64
2024-01-01 00:14:18.500,BTCUSDT,BINANCE_USDT,29889.77,1.5324,29888.27,2.924,29889.77,1.121,0.0,195.55
2024-01-01 00:14:19.000,BTCUSDT,BINANCE_USDT,29890.11,1.7922,29888.62,3.972,29890.11,1.986,0.0,185.31
2024-01-01 00:14:19.500,BTCUSDT,BINANCE_USDT,29891.48,1.3124,29890.74,3.186,29892.23,4.781,0.0,126.74
2024-01-01 00:14:20.000,BTCUSDT,BINANCE_USDT,29893.12,1.8475,29891.62,2.144,29893.12,2.634,0.0,188.35
2024-01-01 00:14:20.500,BTCUSDT,BINANCE_USDT,29892.35,0.4921,29891.60,3.490,29893.09,1.287,0.0,115.11
2024-01-01 00:14:21.000,BTCUSDT,BINANCE_USDT,29894.30,0.4029,29892.80,0.524,29894.30,4.439,0.0,178.43
2024-01-01 00:14:21.500,BTCUSDT,BINANCE_USDT,29894.53,1.5461,29893.04,0.639,29894.53,4.413,0.0,133.80
2024-01-01 00:14:22.000,BTCUSDT,BINANCE_USDT,29897.60,0.7111,29896.11,1.972,29897.60,1.101,0.0,140.30
2024-01-01 00:14:22.500,BTCUSDT,BINANCE_USDT,29896.54,1.7524,29895.80,4.434,29897.29,1.078,0.0,105.36
2024-01-01 00:14:23.000,BTCUSDT,BINANCE_USDT,29898.93,1.4910,29897.43,2.097,29898.93,2.137,0.0,155.30
2024-01-01 00:14:23.500,BTCUSDT,BINANCE_USDT,29899.21,1.2522,29897.72,4.877,29899.21,1.880,0.0,127.57
2024-01-01 00:14:24.000,BTCUSDT,BINANCE_USDT,29898.44,0.5063,29896.95,0.598,29898.44,1.173,0.0,165.27
2024-01-01 00:14:24.500,BTCUSDT,BINANCE_USDT,29898.84,1.9671,29897.34,3.046,29898.84,0.709,0.0,182.50
2024-01-01 00:14:25.000,BTCUSDT,BINANCE_USDT,29899.41,1.2946,29899.41,2.722,29900.90,3.189,0.0,142.63
2024-01-01 00:14:25.500,BTCUSDT,BINANCE_USDT,29900.25,1.1020,29900.25,3.779,29901.75,3.820,0.0,193.04
2024-01-01 00:14:26.000,BTCUSDT,BINANCE_USDT,29899.55,0.7511,29899.55,1.791,29901.04,2.484,0.0,153.93
2024-01-01 00:14:26.500,BTCUSDT,BINANCE_USDT,29901.32,1.7812,29899.83,2.566,29901.32,0.929,0.0,149.84
2024-01-01 00:14:27.000,BTCUSDT,BINANCE_USDT,29898.77,1.2440,29898.77,3.373,29900.26,4.739,0.0,185.67
2024-01-01 00:14:27.500,BTCUSDT,BINANCE_USDT,29901.54,1.6832,29900.05,4.606,29901.54,1.330,0.0,179.45
2024-01-01 00:14:28.000,BTCUSDT,BINANCE_USDT,29901.36,0.6104,29900.61,2.792,29902.11,2.700,0.0,131.06
2024-01-01 00:14:28.500,BTCUSDT,BINANCE_USDT,29901.65,0.7184,29900.90,1.592,29902.40,1.836,0.0,136.26
2024-01-01 00:14:29.000,BTCUSDT,BINANCE_USDT,29901.69,1.1802,29901.69,1.239,29903.18,3.523,0.0,126.61
2024-01-01 00:14:29.500,BTCUSDT,BINANCE_USDT,29902.53,0.3707,29901.79,1.461,29903.28,4.169,0.0,191.19
2024-01-01 00:14:30.000,BTCUSDT,BINANCE_USDT,29900.11,1.8789,29900.11,4.999,29901.60,3.136,0.0,129.35
2024-01-01 00:14:30.500,BTCUSDT,BINANCE_USDT,29899.66,0.5455,29898.16,4.463,29899.66,4.781,0.0,108.94
2024-01-01 00:14:31.000,BTCUSDT,BINANCE_USDT,29899.26,1.8759,29898.52,4.819,29900.01,1.602,0.0,164.57
2024-01-01 00:14:31.500,BTCUSDT,BINANCE_USDT,29899.01,0.4645,29898.26,3.252,29899.76,3.606,0.0,192.47
2024-01-01 00:14:32.000,BTCUSDT,BINANCE_USDT,29900.93,1.7482,29900.18,2.959,29901.68,4.278,0.0,158.01
2024-01-01 00:14:32.500,BTCUSDT,BINANCE_USDT,29903.48,1.5333,29902.73,4.352,29904.22,2.757,0.0,149.76
2024-01-01 00:14:33.000,BTCUSDT,BINANCE_USDT,29901.88,0.7772,29901.88,1.322,29903.38,3.326,0.0,144.10
2024-01-01 00:14:33.500,BTCUSDT,BINANCE_USDT,29903.74,0.9687,29903.00,1.318,29904.49,1.297,0.0,172.13
2024-01-01 00:14:34.000,BTCUSDT,BINANCE_USDT,29903.67,0.1957,29902.92,4.627,29904.42,2.603,0.0,126.84
2024-01-01 00:14:34.500,BTCUSDT,BINANCE_USDT,29901.40,0.0208,29901.40,1.594,29902.90,1.191,0.0,136.05
2024-01-01 00:14:35.000,BTCUSDT,BINANCE_USDT,29900.76,1.2781,29900.76,4.712,29902.26,4.462,0.0,127.85
2024-01-01 00:14:35.500,BTCUSDT,BINANCE_USDT,29903.13,1.0491,29902.39,1.715,29903.88,2.362,0.0,155.20
2024-01-01 00:14:36.000,BTCUSDT,BINANCE_USDT,29902.87,0.6147,29901.37,2.100,29902.87,1.479,0.0,143.58
2024-01-01 00:14:36.500,BTCUSDT,BINANCE_USDT,29902.09,0.5619,29901.34,1.461,29902.84,1.538,0.0,126.93
2024-01-01 00:14:37.000,BTCUSDT,BINANCE_USDT,29901.05,0.2840,29900.30,3.317,29901.79,0.658,0.0,199.19
2024-01-01 00:14:37.500,BTCUSDT,BINANCE_USDT,29901.07,0.7750,29899.57,0.881,29901.07,2.435,0.0,137.72
2024-01-01 00:14:38.000,BTCUSDT,BINANCE_USDT,29901.89,0.5289,29901.14,4.461,29902.64,3.560,0.0,125.31
2024-01-01 00:14:38.500,BTCUSDT,BINANCE_USDT,29901.84,0.6272,29901.84,0.811,29903.34,0.735,0.0,148.90
2024-01-01 00:14:39.000,BTCUSDT,BINANCE_USDT,29904.39,1.6108,29903.64,2.094,29905.14,3.840,0.0,109.25
2024-01-01 00:14:39.500,BTCUSDT,BINANCE_USDT,29904.93,0.8471,29904.19,1.059,29905.68,4.348,0.0,124.32
2024-01-01 00:14:40.000,BTCUSDT,BINANCE_USDT,29903.51,0.3737,29903.51,0.913,29905.01,2.972,0.0,130.55
2024-01-01 00:14:40.500,BTCUSDT,BINANCE_USDT,29903.78,0.8882,29902.28,0.956,29903.78,3.520,0.0,112.23
2024-01-01 00:14:41.000,BTCUSDT,BINANCE_USDT,29903.46,1.1347,29902.71,1.197,29904.21,3.259,0.0,121.74
2024-01-01 00:14:41.500,BTCUSDT,BINANCE_USDT,29902.46,1.3248,29902.46,1.283,29903.95,4.804,0.0,122.65
2024-01-01 00:14:42.000,BTCUSDT,BINANCE_USDT,29901.54,0.8252,29900.04,2.548,29901.54,0.621,0.0,192.38
2024-01-01 00:14:42.500,BTCUSDT,BINANCE_USDT,29900.31,1.3713,29899.56,1.833,29901.06,2.990,0.0,101.83
2024-01-01 00:14:43.000,BTCUSDT,BINANCE_USDT,29903.23,0.3542,29901.73,1.140,29903.23,1.549,0.0,134.49
2024-01-01 00:14:43.500,BTCUSDT,BINANCE_USDT,29901.56,1.4475,29901.56,4.944,29903.06,3.356,0.0,140.63
2024-01-01 00:14:44.000,BTCUSDT,BINANCE_USDT,29902.39,1.1339,29902.39,0.736,29903.89,4.424,0.0,118.94
2024-01-01 00:14:44.500,BTCUSDT,BINANCE_USDT,29902.95,0.3947,29902.95,4.627,29904.44,4.704,0.0,105.89
2024-01-01 00:14:45.000,BTCUSDT,BINANCE_USDT,29903.44,0.4871,29903.44,4.664,29904.93,1.925,0.0,181.37
2024-01-01 00:14:45.500,BTCUSDT,BINANCE_USDT,29902.93,0.8989,29902.93,1.451,29904.43,4.657,0.0,117.60
2024-01-01 00:14:46.000,BTCUSDT,BINANCE_USDT,29901.17,1.0511,29901.17,1.555,29902.67,4.529,0.0,173.38
2024-01-01 00:14:46.500,BTCUSDT,BINANCE_USDT,29901.15,0.4343,29901.15,0.804,29902.65,2.915,0.0,182.83
2024-01-01 00:14:47.000,BTCUSDT,BINANCE_USDT,29899.80,0.8898,29898.30,4.605,29899.80,4.930,0.0,115.35
2024-01-01 00:14:47.500,BTCUSDT,BINANCE_USDT,29899.22,0.7643,29897.73,2.176,29899.22,4.801,0.0,183.15
2024-01-01 00:14:48.000,BTCUSDT,BINANCE_USDT,29898.04,0.0093,29898.04,1.250,29899.54,4.389,0.0,176.16
2024-01-01 00:14:48.500,BTCUSDT,BINANCE_USDT,29897.92,0.0888,29896.42,1.663,29897.92,2.747,0.0,186.53
2024-01-01 00:14:49.000,BTCUSDT,BINANCE_USDT,29897.74,0.0794,29897.00,2.727,29898.49,2.066,0.0,152.48
2024-01-01 00:14:49.500,BTCUSDT,BINANCE_USDT,29897.90,0.0563,29897.16,4.019,29898.65,2.060,0.0,198.92
2024-01-01 00:14:50.000,BTCUSDT,BINANCE_USDT,29899.45,1.7609,29897.96,4.841,29899.45,4.249,0.0,191.88
2024-01-01 00:14:50.500,BTCUSDT,BINANCE_USDT,29898.82,1.0697,29897.32,2.958,29898.82,3.361,0.0,161.95
2024-01-01 00:14:51.000,BTCUSDT,BINANCE_USDT,29896.71,1.4187,29895.22,1.772,29896.71,1.765,0.0,152.88
2024-01-01 00:14:51.500,BTCUSDT,BINANCE_USDT,29896.59,0.5670,29895.84,1.459,29897.33,4.160,0.0,138.35
2024-01-01 00:14:52.000,BTCUSDT,BINANCE_USDT,29895.80,1.7505,29895.05,3.143,29896.55,2.160,0.0,107.23
2024-01-01 00:14:52.500,BTCUSDT,BINANCE_USDT,29898.39,0.6756,29896.90,3.274,29898.39,1.648,0.0,168.45
2024-01-01 00:14:53.000,BTCUSDT,BINANCE_USDT,29897.53,1.7772,29896.78,4.695,29898.28,3.692,0.0,173.35
2024-01-01 00:14:53.500,BTCUSDT,BINANCE_USDT,29895.46,0.6026,29895.46,3.668,29896.96,4.301,0.0,128.90
2024-01-01 00:14:54.000,BTCUSDT,BINANCE_USDT,29897.01,1.1591,29896.26,4.338,29897.76,4.678,0.0,167.14
2024-01-01 00:14:54.500,BTCUSDT,BINANCE_USDT,29898.58,0.2304,29897.09,4.250,29898.58,1.642,0.0,133.77
2024-01-01 00:14:55.000,BTCUSDT,BINANCE_USDT,29896.83,1.8276,29896.08,2.515,29897.58,4.543,0.0,189.40
2024-01-01 00:14:55.500,BTCUSDT,BINANCE_USDT,29894.46,1.8030,29893.71,3.985,29895.21,1.128,0.0,121.94
2024-01-01 00:14:56.000,BTCUSDT,BINANCE_USDT,29892.99,1.6219,29892.99,2.556,29894.48,1.210,0.0,190.23
2024-01-01 00:14:56.500,BTCUSDT,BINANCE_USDT,29893.18,1.5820,29893.18,2.792,29894.67,2.219,0.0,173.13
2024-01-01 00:14:57.000,BTCUSDT,BINANCE_USDT,29893.56,1.8833,29892.81,1.773,29894.31,4.537,0.0,187.44
2024-01-01 00:14:57.500,BTCUSDT,BINANCE_USDT,29892.40,1.1790,29892.40,2.959,29893.90,1.092,0.0,157.81
2024-01-01 00:14:58.000,BTCUSDT,BINANCE_USDT,29892.95,0.6458,29892.95,2.754,29894.45,3.076,0.0,195.86
2024-01-01 00:14:58.500,BTCUSDT,BINANCE_USDT,29892.25,0.4244,29892.25,1.993,29893.75,2.671,0.0,112.54
2024-01-01 00:14:59.000,BTCUSDT,BINANCE_USDT,29892.06,0.9561,29892.06,4.111,29893.56,1.126,0.0,198.46
2024-01-01 00:14:59.500,BTCUSDT,BINANCE_USDT,29892.53,0.6448,29891.04,3.954,29892.53,3.369,0.0,171.47
2024-01-01 00:15:00.000,BTCUSDT,BINANCE_USDT,29891.32,0.9346,29891.32,2.924,29892.82,4.425,0.0,178.97
2024-01-01 00:15:00.500,BTCUSDT,BINANCE_USDT,29892.03,0.5412,29891.28,2.469,29892.78,3.505,0.0,126.60
2024-01-01 00:15:01.000,BTCUSDT,BINANCE_USDT,29892.64,0.3872,29891.89,0.631,29893.38,4.598,0.0,157.33
2024-01-01 00:15:01.500,BTCUSDT,BINANCE_USDT,29894.30,0.4613,29892.80,4.096,29894.30,0.879,0.0,128.81
2024-01-01 00:15:02.000,BTCUSDT,BINANCE_USDT,29892.50,1.0661,29891.75,2.835,29893.25,4.138,0.0,160.12
2024-01-01 00:15:02.500,BTCUSDT,BINANCE_USDT,29892.63,1.7650,29891.88,2.353,29893.38,1.347,0.0,176.29
2024-01-01 00:15:03.000,BTCUSDT,BINANCE_USDT,29892.57,1.4718,29891.08,3.027,29892.57,4.955,0.0,169.54
2024-01-01 00:15:03.500,BTCUSDT,BINANCE_USDT,29889.56,0.7890,29889.56,2.591,29891.06,4.335,0.0,141.30
2024-01-01 00:15:04.000,BTCUSDT,BINANCE_USDT,29889.17,0.5498,29889.17,0.853,29890.67,1.797,0.0,181.40
2024-01-01 00:15:04.500,BTCUSDT,BINANCE_USDT,29889.14,1.1969,29888.40,1.620,29889.89,3.917,0.0,166.12
2024-01-01 00:15:05.000,BTCUSDT,BINANCE_USDT,29889.42,1.1602,29887.93,0.579,29889.42,4.762,0.0,139.27
2024-01-01 00:15:05.500,BTCUSDT,BINANCE_USDT,29886.73,1.9242,29886.73,4.369,29888.22,2.506,0.0,172.78
2024-01-01 00:15:06.000,BTCUSDT,BINANCE_USDT,29885.70,1.5328,29885.70,1.462,29887.19,4.098,0.0,111.98
2024-01-01 00:15:06.500,BTCUSDT,BINANCE_USDT,29886.80,0.4374,29886.06,4.760,29887.55,2.511,0.0,179.56
2024-01-01 00:15:07.000,BTCUSDT,BINANCE_USDT,29888.98,0.8323,29887.48,4.543,29888.98,3.691,0.0,159.06
2024-01-01 00:15:07.500,BTCUSDT,BINANCE_USDT,29885.87,0.9279,29885.13,1.748,29886.62,2.102,0.0,173.00
2024-01-01 00:15:08.000,BTCUSDT,BINANCE_USDT,29884.37,1.0828,29884.37,3.366,29885.86,3.144,0.0,163.68
2024-01-01 00:15:08.500,BTCUSDT,BINANCE_USDT,29887.09,1.8135,29885.60,2.922,29887.09,3.102,0.0,152.37
2024-01-01 00:15:09.000,BTCUSDT,BINANCE_USDT,29887.68,1.1233,29886.93,1.775,29888.42,1.143,0.0,182.33
2024-01-01 00:15:09.500,BTCUSDT,BINANCE_USDT,29887.21,0.5758,29885.71,1.684,29887.21,0.524,0.0,136.81
2024-01-01 00:15:10.000,BTCUSDT,BINANCE_USDT,29885.47,0.9122,29884.73,3.172,29886.22,1.840,0.0,192.15
2024-01-01 00:15:10.500,BTCUSDT,BINANCE_USDT,29886.72,0.3475,29885.22,0.526,29886.72,0.616,0.0,115.48
2024-01-01 00:15:11.000,BTCUSDT,BINANCE_USDT,29888.87,1.7474,29887.37,3.205,29888.87,3.276,0.0,199.00
2024-01-01 00:15:11.500,BTCUSDT,BINANCE_USDT,29886.32,1.8153,29886.32,2.552,29887.81,1.190,0.0,107.38
2024-01-01 00:15:12.000,BTCUSDT,BINANCE_USDT,29886.33,1.2201,29886.33,1.357,29887.83,4.063,0.0,164.32
2024-01-01 00:15:12.500,BTCUSDT,BINANCE_USDT,29885.28,0.4519,29883.79,4.883,29885.28,1.891,0.0,142.86
2024-01-01 00:15:13.000,BTCUSDT,BINANCE_USDT,29882.99,1.3862,29882.24,3.465,29883.73,2.028,0.0,171.44
2024-01-01 00:15:13.500,BTCUSDT,BINANCE_USDT,29885.42,0.2257,29883.93,4.525,29885.42,4.940,0.0,195.13
2024-01-01 00:15:14.000,BTCUSDT,BINANCE_USDT,29886.47,0.7917,29885.73,2.066,29887.22,4.211,0.0,112.27
2024-01-01 00:15:14.500,BTCUSDT,BINANCE_USDT,29885.69,1.1992,29884.95,3.283,29886.44,2.931,0.0,128.60
2024-01-01 00:15:15.000,BTCUSDT,BINANCE_USDT,29883.81,1.9740,29883.06,3.333,29884.56,4.986,0.0,166.43
2024-01-01 00:15:15.500,BTCUSDT,BINANCE_USDT,29883.90,1.0016,29883.15,2.259,29884.65,3.806,0.0,126.55
2024-01-01 00:15:16.000,BTCUSDT,BINANCE_USDT,29883.36,1.7794,29881.86,2.629,29883.36,0.924,0.0,128.80
2024-01-01 00:15:16.500,BTCUSDT,BINANCE_USDT,29881.42,0.5761,29880.67,4.236,29882.16,4.721,0.0,135.72
2024-01-01 00:15:17.000,BTCUSDT,BINANCE_USDT,29883.46,0.7661,29882.71,4.828,29884.20,3.948,0.0,174.29
2024-01-01 00:15:17.500,BTCUSDT,BINANCE_USDT,29882.90,1.2167,29882.15,0.802,29883.65,2.879,0.0,159.79
2024-01-01 00:15:18.000,BTCUSDT,BINANCE_USDT,29883.21,0.7284,29882.46,1.672,29883.95,1.155,0.0,195.34
2024-01-01 00:15:18.500,BTCUSDT,BINANCE_USDT,29880.01,1.3746,29880.01,2.366,29881.50,0.614,0.0,134.16
2024-01-01 00:15:19.000,BTCUSDT,BINANCE_USDT,29880.17,0.8922,29879.43,2.144,29880.92,2.075,0.0,133.60
2024-01-01 00:15:19.500,BTCUSDT,BINANCE_USDT,29878.38,1.3882,29876.88,3.027,29878.38,3.139,0.0,173.20
2024-01-01 00:15:20.000,BTCUSDT,BINANCE_USDT,29876.91,0.6587,29876.17,1.778,29877.66,1.336,0.0,113.09
2024-01-01 00:15:20.500,BTCUSDT,BINANCE_USDT,29876.91,1.5902,29876.17,2.643,29877.66,1.919,0.0,193.43
2024-01-01 00:15:21.000,BTCUSDT,BINANCE_USDT,29877.46,0.0780,29875.97,4.152,29877.46,3.744,0.0,187.47
2024-01-01 00:15:21.500,BTCUSDT,BINANCE_USDT,29876.64,0.6937,29876.64,4.652,29878.14,4.474,0.0,169.27
2024-01-01 00:15:22.000,BTCUSDT,BINANCE_USDT,29875.98,0.0582,29874.49,4.658,29875.98,2.539,0.0,141.15
2024-01-01 00:15:22.500,BTCUSDT,BINANCE_USDT,29877.54,1.6687,29876.04,1.770,29877.54,1.974,0.0,175.28
2024-01-01 00:15:23.000,BTCUSDT,BINANCE_USDT,29877.17,1.8366,29875.68,4.711,29877.17,3.630,0.0,108.44
2024-01-01 00:15:23.500,BTCUSDT,BINANCE_USDT,29876.97,1.9873,29875.48,0.969,29876.97,0.848,0.0,195.92
2024-01-01 00:15:24.000,BTCUSDT,BINANCE_USDT,29875.51,0.8108,29874.02,4.198,29875.51,4.099,0.0,139.39
2024-01-01 00:15:24.500,BTCUSDT,BINANCE_USDT,29873.80,0.1628,29873.06,3.198,29874.55,4.686,0.0,139.55
2024-01-01 00:15:25.000,BTCUSDT,BINANCE_USDT,29872.27,0.2895,29872.27,1.618,29873.76,1.464,0.0,105.19
2024-01-01 00:15:25.500,BTCUSDT,BINANCE_USDT,29873.41,1.1666,29872.67,4.496,29874.16,4.223,0.0,194.77
2024-01-01 00:15:26.000,BTCUSDT,BINANCE_USDT,29872.36,1.4162,29872.36,4.131,29873.86,1.439,0.0,127.36
2024-01-01 00:15:26.500,BTCUSDT,BINANCE_USDT,29873.27,0.5606,29872.53,1.818,29874.02,4.221,0.0,161.34
2024-01-01 00:15:27.000,BTCUSDT,BINANCE_USDT,29873.84,1.9518,29873.84,1.003,29875.33,3.239,0.0,120.00
2024-01-01 00:15:27.500,BTCUSDT,BINANCE_USDT,29876.63,0.3495,29875.89,2.705,29877.38,1.660,0.0,101.25
2024-01-01 00:15:28.000,BTCUSDT,BINANCE_USDT,29878.43,0.2202,29876.93,2.142,29878.43,2.850,0.0,194.49
2024-01-01 00:15:28.500,BTCUSDT,BINANCE_USDT,29879.42,0.2572,29877.92,3.197,29879.42,4.123,0.0,180.47
2024-01-01 00:15:29.000,BTCUSDT,BINANCE_USDT,29878.58,0.2370,29878.58,2.404,29880.07,3.622,0.0,137.41
2024-01-01 00:15:29.500,BTCUSDT,BINANCE_USDT,29880.43,0.7079,29878.93,3.904,29880.43,2.371,0.0,104.31
2024-01-01 00:15:30.000,BTCUSDT,BINANCE_USDT,29876.53,1.7621,29876.53,2.803,29878.02,0.808,0.0,114.09
2024-01-01 00:15:30.500,BTCUSDT,BINANCE_USDT,29877.61,0.1158,29877.61,1.896,29879.11,1.460,0.0,192.27
2024-01-01 00:15:31.000,BTCUSDT,BINANCE_USDT,29878.63,0.4844,29877.88,0.998,29879.38,2.521,0.0,184.59
2024-01-01 00:15:31.500,BTCUSDT,BINANCE_USDT,29879.32,0.1776,29878.57,3.612,29880.07,2.022,0.0,198.21
2024-01-01 00:15:32.000,BTCUSDT,BINANCE_USDT,29880.58,0.4512,29879.08,1.099,29880.58,2.582,0.0,191.26
2024-01-01 00:15:32.500,BTCUSDT,BINANCE_USDT,29880.70,1.5879,29879.21,1.876,29880.70,4.362,0.0,126.66
2024-01-01 00:15:33.000,BTCUSDT,BINANCE_USDT,29881.57,1.3356,29880.82,1.572,29882.32,0.861,0.0,114.15
2024-01-01 00:15:33.500,BTCUSDT,BINANCE_USDT,29882.13,0.2441,29882.13,4.051,29883.62,0.999,0.0,122.88
2024-01-01 00:15:34.000,BTCUSDT,BINANCE_USDT,29883.20,0.0599,29881.70,1.600,29883.20,2.641,0.0,170.32
2024-01-01 00:15:34.500,BTCUSDT,BINANCE_USDT,29881.51,1.1242,29881.51,3.138,29883.01,4.346,0.0,194.85
2024-01-01 00:15:35.000,BTCUSDT,BINANCE_USDT,29881.26,1.9455,29880.52,0.519,29882.01,2.549,0.0,107.42
2024-01-01 00:15:35.500,BTCUSDT,BINANCE_USDT,29880.76,1.9354,29880.01,4.320,29881.51,2.954,0.0,108.12
2024-01-01 00:15:36.000,BTCUSDT,BINANCE_USDT,29881.23,0.2338,29880.48,3.775,29881.97,0.782,0.0,166.60
2024-01-01 00:15:36.500,BTCUSDT,BINANCE_USDT,29877.65,0.2456,29876.90,2.097,29878.40,3.477,0.0,168.33
2024-01-01 00:15:37.000,BTCUSDT,BINANCE_USDT,29878.07,0.3314,29876.57,3.076,29878.07,3.465,0.0,156.91
2024-01-01 00:15:37.500,BTCUSDT,BINANCE_USDT,29877.52,0.5638,29876.77,3.395,29878.26,4.386,0.0,176.14
2024-01-01 00:15:38.000,BTCUSDT,BINANCE_USDT,29877.73,0.2385,29877.73,3.963,29879.22,4.967,0.0,175.77
2024-01-01 00:15:38.500,BTCUSDT,BINANCE_USDT,29877.73,0.8541,29877.73,3.433,29879.23,1.706,0.0,140.71
2024-01-01 00:15:39.000,BTCUSDT,BINANCE_USDT,29877.37,0.9105,29877.37,0.574,29878.87,4.201,0.0,169.57
2024-01-01 00:15:39.500,BTCUSDT,BINANCE_USDT,29878.60,0.6199,29877.85,1.551,29879.35,4.420,0.0,128.17
2024-01-01 00:15:40.000,BTCUSDT,BINANCE_USDT,29877.29,1.8307,29877.29,1.985,29878.78,4.249,0.0,125.30
2024-01-01 00:15:40.500,BTCUSDT,BINANCE_USDT,29878.76,0.5718,29878.01,3.665,29879.51,3.080,0.0,153.82
2024-01-01 00:15:41.000,BTCUSDT,BINANCE_USDT,29877.90,1.8597,29877.15,1.644,29878.65,0.698,0.0,116.03
2024-01-01 00:15:41.500,BTCUSDT,BINANCE_USDT,29875.85,0.1744,29875.85,3.336,29877.35,3.546,0.0,116.97
2024-01-01 00:15:42.000,BTCUSDT,BINANCE_USDT,29876.28,1.8126,29876.28,2.949,29877.77,2.583,0.0,167.24
2024-01-01 00:15:42.500,BTCUSDT,BINANCE_USDT,29877.84,0.4742,29877.09,2.913,29878.58,1.971,0.0,104.17
2024-01-01 00:15:43.000,BTCUSDT,BINANCE_USDT,29877.95,1.8783,29877.21,1.097,29878.70,1.062,0.0,141.72
2024-01-01 00:15:43.500,BTCUSDT,BINANCE_USDT,29876.95,0.4322,29876.95,4.886,29878.44,4.519,0.0,182.33
2024-01-01 00:15:44.000,BTCUSDT,BINANCE_USDT,29880.43,0.3284,29878.94,2.343,29880.43,4.707,0.0,114.65
2024-01-01 00:15:44.500,BTCUSDT,BINANCE_USDT,29879.73,0.7005,29878.98,3.017,29880.48,3.059,0.0,199.67
2024-01-01 00:15:45.000,BTCUSDT,BINANCE_USDT,29881.02,0.0889,29879.52,1.266,29881.02,2.643,0.0,162.04
2024-01-01 00:15:45.500,BTCUSDT,BINANCE_USDT,29881.52,1.2535,29880.77,0.520,29882.26,2.277,0.0,147.62
2024-01-01 00:15:46.000,BTCUSDT,BINANCE_USDT,29880.13,1.3754,29879.38,3.291,29880.88,4.768,0.0,111.42
2024-01-01 00:15:46.500,BTCUSDT,BINANCE_USDT,29878.59,1.2910,29878.59,0.738,29880.08,4.176,0.0,123.55
2024-01-01 00:15:47.000,BTCUSDT,BINANCE_USDT,29876.98,1.1648,29876.24,1.712,29877.73,2.585,0.0,189.61
2024-01-01 00:15:47.500,BTCUSDT,BINANCE_USDT,29875.38,0.2673,29873.88,1.631,29875.38,3.977,0.0,183.57
2024-01-01 00:15:48.000,BTCUSDT,BINANCE_USDT,29874.24,0.0500,29873.49,4.621,29874.98,3.416,0.0,131.31
2024-01-01 00:15:48.500,BTCUSDT,BINANCE_USDT,29875.06,1.9498,29873.57,0.796,29875.06,4.236,0.0,105.23
2024-01-01 00:15:49.000,BTCUSDT,BINANCE_USDT,29875.13,1.2945,29875.13,0.577,29876.62,1.793,0.0,159.99
2024-01-01 00:15:49.500,BTCUSDT,BINANCE_USDT,29874.12,0.0895,29874.12,2.054,29875.61,3.213,0.0,124.92
2024-01-01 00:15:50.000,BTCUSDT,BINANCE_USDT,29876.28,1.0980,29874.78,0.929,29876.28,4.192,0.0,107.42
2024-01-01 00:15:50.500,BTCUSDT,BINANCE_USDT,29875.00,0.3062,29874.25,3.520,29875.75,2.472,0.0,137.14
2024-01-01 00:15:51.000,BTCUSDT,BINANCE_USDT,29875.26,0.5375,29874.52,0.894,29876.01,1.401,0.0,162.36
2024-01-01 00:15:51.500,BTCUSDT,BINANCE_USDT,29873.93,1.7839,29872.44,1.934,29873.93,1.769,0.0,141.83
2024-01-01 00:15:52.000,BTCUSDT,BINANCE_USDT,29873.42,1.3157,29871.93,0.841,29873.42,4.335,0.0,185.91
2024-01-01 00:15:52.500,BTCUSDT,BINANCE_USDT,29872.69,1.9295,29871.94,2.937,29873.43,0.584,0.0,136.82
2024-01-01 00:15:53.000,BTCUSDT,BINANCE_USDT,29873.35,1.8224,29873.35,1.335,29874.85,1.530,0.0,177.42
2024-01-01 00:15:53.500,BTCUSDT,BINANCE_USDT,29873.62,0.8259,29873.62,2.227,29875.12,3.577,0.0,121.95
2024-01-01 00:15:54.000,BTCUSDT,BINANCE_USDT,29874.94,1.5615,29873.44,3.729,29874.94,1.335,0.0,189.65
2024-01-01 00:15:54.500,BTCUSDT,BINANCE_USDT,29873.36,0.2140,29872.61,3.944,29874.11,1.689,0.0,191.70
2024-01-01 00:15:55.000,BTCUSDT,BINANCE_USDT,29873.17,1.4772,29873.17,1.953,29874.67,4.190,0.0,112.30
2024-01-01 00:15:55.500,BTCUSDT,BINANCE_USDT,29873.27,0.8718,29871.77,1.647,29873.27,3.905,0.0,190.86
2024-01-01 00:15:56.000,BTCUSDT,BINANCE_USDT,29873.30,0.4461,29873.30,2.828,29874.80,3.060,0.0,123.79
2024-01-01 00:15:56.500,BTCUSDT,BINANCE_USDT,29874.24,0.7830,29873.49,4.170,29874.98,0.782,0.0,181.56
2024-01-01 00:15:57.000,BTCUSDT,BINANCE_USDT,29873.57,0.7169,29872.82,2.203,29874.32,1.200,0.0,188.37
2024-01-01 00:15:57.500,BTCUSDT,BINANCE_USDT,29873.59,1.0378,29873.59,1.226,29875.09,4.894,0.0,109.16
2024-01-01 00:15:58.000,BTCUSDT,BINANCE_USDT,29872.26,0.2898,29870.77,1.167,29872.26,2.971,0.0,144.88
2024-01-01 00:15:58.500,BTCUSDT,BINANCE_USDT,29872.67,1.2661,29872.67,3.288,29874.17,1.801,0.0,197.80
2024-01-01 00:15:59.000,BTCUSDT,BINANCE_USDT,29875.74,1.7666,29874.25,2.046,29875.74,0.996,0.0,173.06
2024-01-01 00:15:59.500,BTCUSDT,BINANCE_USDT,29873.19,1.3679,29873.19,3.889,29874.69,0.936,0.0,114.10
2024-01-01 00:16:00.000,BTCUSDT,BINANCE_USDT,29873.72,1.9383,29873.72,1.792,29875.22,2.466,0.0,186.49
2024-01-01 00:16:00.500,BTCUSDT,BINANCE_USDT,29872.30,1.0405,29872.30,3.830,29873.80,1.845,0.0,122.30
2024-01-01 00:16:01.000,BTCUSDT,BINANCE_USDT,29872.80,1.5071,29871.30,0.689,29872.80,1.099,0.0,128.68
2024-01-01 00:16:01.500,BTCUSDT,BINANCE_USDT,29871.55,1.9103,29871.55,4.903,29873.05,1.723,0.0,108.87
2024-01-01 00:16:02.000,BTCUSDT,BINANCE_USDT,29875.47,0.6392,29874.73,3.670,29876.22,2.777,0.0,103.15
2024-01-01 00:16:02.500,BTCUSDT,BINANCE_USDT,29873.76,1.8580,29873.76,2.040,29875.25,2.271,0.0,150.42
2024-01-01 00:16:03.000,BTCUSDT,BINANCE_USDT,29874.65,0.5304,29873.16,1.262,29874.65,2.893,0.0,174.64
2024-01-01 00:16:03.500,BTCUSDT,BINANCE_USDT,29875.13,1.7588,29875.13,3.147,29876.63,2.970,0.0,164.42
2024-01-01 00:16:04.000,BTCUSDT,BINANCE_USDT,29876.45,1.7801,29874.95,1.318,29876.45,3.731,0.0,140.50
2024-01-01 00:16:04.500,BTCUSDT,BINANCE_USDT,29877.30,0.6980,29876.55,4.267,29878.05,2.498,0.0,160.72
2024-01-01 00:16:05.000,BTCUSDT,BINANCE_USDT,29876.66,1.1236,29875.17,0.987,29876.66,2.235,0.0,123.47
2024-01-01 00:16:05.500,BTCUSDT,BINANCE_USDT,29877.26,1.3944,29877.26,3.393,29878.76,1.276,0.0,142.45
2024-01-01 00:16:06.000,BTCUSDT,BINANCE_USDT,29876.67,1.4795,29875.18,2.709,29876.67,3.086,0.0,119.22
2024-01-01 00:16:06.500,BTCUSDT,BINANCE_USDT,29873.97,0.0247,29873.97,1.895,29875.47,3.108,0.0,124.96
2024-01-01 00:16:07.000,BTCUSDT,BINANCE_USDT,29876.25,0.1452,29875.50,3.723,29877.00,2.815,0.0,198.95
2024-01-01 00:16:07.500,BTCUSDT,BINANCE_USDT,29874.94,1.1059,29874.94,0.539,29876.43,1.463,0.0,106.59
2024-01-01 00:16:08.000,BTCUSDT,BINANCE_USDT,29875.02,1.7298,29875.02,1.587,29876.51,4.207,0.0,161.60
2024-01-01 00:16:08.500,BTCUSDT,BINANCE_USDT,29874.61,1.1873,29874.61,2.911,29876.11,4.807,0.0,190.49
2024-01-01 00:16:09.000,BTCUSDT,BINANCE_USDT,29875.68,1.1145,29875.68,3.723,29877.18,2.923,0.0,113.97
2024-01-01 00:16:09.500,BTCUSDT,BINANCE_USDT,29876.21,0.6539,29875.47,4.579,29876.96,1.037,0.0,112.99
2024-01-01 00:16:10.000,BTCUSDT,BINANCE_USDT,29876.04,1.5307,29876.04,4.637,29877.53,2.963,0.0,129.93
2024-01-01 00:16:10.500,BTCUSDT,BINANCE_USDT,29874.73,0.7379,29874.73,3.416,29876.22,1.911,0.0,100.84
2024-01-01 00:16:11.000,BTCUSDT,BINANCE_USDT,29876.68,0.0546,29875.19,2.674,29876.68,3.365,0.0,141.65
2024-01-01 00:16:11.500,BTCUSDT,BINANCE_USDT,29877.27,0.1028,29875.78,4.022,29877.27,1.622,0.0,188.70
2024-01-01 00:16:12.000,BTCUSDT,BINANCE_USDT,29877.14,0.9530,29876.39,0.708,29877.89,4.181,0.0,187.11
2024-01-01 00:16:12.500,BTCUSDT,BINANCE_USDT,29875.98,1.6714,29875.24,2.708,29876.73,4.593,0.0,102.15
2024-01-01 00:16:13.000,BTCUSDT,BINANCE_USDT,29874.50,0.3179,29874.50,2.031,29875.99,2.963,0.0,118.01
2024-01-01 00:16:13.500,BTCUSDT,BINANCE_USDT,29874.89,1.3768,29874.89,3.463,29876.39,2.042,0.0,119.64
2024-01-01 00:16:14.000,BTCUSDT,BINANCE_USDT,29877.39,1.7600,29876.65,2.556,29878.14,1.405,0.0,157.20
2024-01-01 00:16:14.500,BTCUSDT,BINANCE_USDT,29875.92,1.2037,29875.92,3.507,29877.41,4.828,0.0,108.61
2024-01-01 00:16:15.000,BTCUSDT,BINANCE_USDT,29877.09,1.6579,29875.60,4.192,29877.09,4.778,0.0,171.35
2024-01-01 00:16:15.500,BTCUSDT,BINANCE_USDT,29877.97,0.8573,29876.48,2.793,29877.97,4.972,0.0,115.56
2024-01-01 00:16:16.000,BTCUSDT,BINANCE_USDT,29877.05,1.9702,29877.05,2.928,29878.55,3.883,0.0,121.08
2024-01-01 00:16:16.500,BTCUSDT,BINANCE_USDT,29876.91,0.8971,29876.91,4.587,29878.40,2.570,0.0,163.16
2024-01-01 00:16:17.000,BTCUSDT,BINANCE_USDT,29881.53,0.3445,29880.03,1.696,29881.53,4.599,0.0,199.37
2024-01-01 00:16:17.500,BTCUSDT,BINANCE_USDT,29880.85,1.3886,29880.85,0.642,29882.35,1.218,0.0,133.58
2024-01-01 00:16:18.000,BTCUSDT,BINANCE_USDT,29882.13,1.5362,29881.38,4.886,29882.87,1.539,0.0,181.41
2024-01-01 00:16:18.500,BTCUSDT,BINANCE_USDT,29883.61,1.7463,29883.61,2.316,29885.10,0.956,0.0,119.17
2024-01-01 00:16:19.000,BTCUSDT,BINANCE_USDT,29882.73,0.2603,29882.73,0.845,29884.23,2.263,0.0,110.56
2024-01-01 00:16:19.500,BTCUSDT,BINANCE_USDT,29883.95,0.5411,29883.20,4.946,29884.69,0.885,0.0,103.30
2024-01-01 00:16:20.000,BTCUSDT,BINANCE_USDT,29883.92,1.4087,29883.18,1.299,29884.67,2.786,0.0,106.84
2024-01-01 00:16:20.500,BTCUSDT,BINANCE_USDT,29886.97,0.9917,29885.48,3.916,29886.97,2.390,0.0,168.89
2024-01-01 00:16:21.000,BTCUSDT,BINANCE_USDT,29886.95,0.0450,29886.20,2.093,29887.69,1.689,0.0,128.20
2024-01-01 00:16:21.500,BTCUSDT,BINANCE_USDT,29885.83,0.5134,29885.83,3.169,29887.32,3.017,0.0,143.76
2024-01-01 00:16:22.000,BTCUSDT,BINANCE_USDT,29885.66,0.7030,29884.91,0.617,29886.40,0.785,0.0,168.59
2024-01-01 00:16:22.500,BTCUSDT,BINANCE_USDT,29886.39,0.6613,29886.39,4.279,29887.88,4.920,0.0,111.44
2024-01-01 00:16:23.000,BTCUSDT,BINANCE_USDT,29887.77,0.1765,29887.02,4.648,29888.52,1.063,0.0,103.44
2024-01-01 00:16:23.500,BTCUSDT,BINANCE_USDT,29889.83,0.3850,29889.83,1.051,29891.32,4.863,0.0,137.87
2024-01-01 00:16:24.000,BTCUSDT,BINANCE_USDT,29889.60,0.7270,29889.60,4.620,29891.10,1.946,0.0,117.24
2024-01-01 00:16:24.500,BTCUSDT,BINANCE_USDT,29890.38,1.0388,29889.63,4.031,29891.12,3.798,0.0,189.63
2024-01-01 00:16:25.000,BTCUSDT,BINANCE_USDT,29888.54,0.3000,29888.54,1.850,29890.04,1.688,0.0,158.04
2024-01-01 00:16:25.500,BTCUSDT,BINANCE_USDT,29889.13,0.7561,29887.64,1.525,29889.13,2.367,0.0,146.75
2024-01-01 00:16:26.000,BTCUSDT,BINANCE_USDT,29887.90,1.2922,29886.40,3.250,29887.90,3.105,0.0,127.97
2024-01-01 00:16:26.500,BTCUSDT,BINANCE_USDT,29888.49,1.3648,29888.49,1.617,29889.98,4.856,0.0,113.19
2024-01-01 00:16:27.000,BTCUSDT,BINANCE_USDT,29892.06,0.6760,29890.57,1.578,29892.06,4.278,0.0,172.48
2024-01-01 00:16:27.500,BTCUSDT,BINANCE_USDT,29890.38,0.3389,29890.38,3.592,29891.88,2.899,0.0,155.14
2024-01-01 00:16:28.000,BTCUSDT,BINANCE_USDT,29892.96,1.7954,29891.47,4.189,29892.96,4.205,0.0,115.48
2024-01-01 00:16:28.500,BTCUSDT,BINANCE_USDT,29892.79,1.6139,29891.30,3.269,29892.79,4.360,0.0,182.46
2024-01-01 00:16:29.000,BTCUSDT,BINANCE_USDT,29893.07,0.7586,29891.57,4.046,29893.07,4.798,0.0,170.43
2024-01-01 00:16:29.500,BTCUSDT,BINANCE_USDT,29890.75,1.3320,29889.26,2.433,29890.75,1.423,0.0,170.22
2024-01-01 00:16:30.000,BTCUSDT,BINANCE_USDT,29890.61,0.5035,29889.87,3.466,29891.36,4.912,0.0,197.57
2024-01-01 00:16:30.500,BTCUSDT,BINANCE_USDT,29890.44,0.6865,29889.69,3.615,29891.18,1.322,0.0,149.46
2024-01-01 00:16:31.000,BTCUSDT,BINANCE_USDT,29888.19,0.9204,29888.19,0.855,29889.68,3.157,0.0,136.32
2024-01-01 00:16:31.500,BTCUSDT,BINANCE_USDT,29887.89,1.2263,29887.14,4.991,29888.63,3.487,0.0,192.55
2024-01-01 00:16:32.000,BTCUSDT,BINANCE_USDT,29886.21,0.8526,29886.21,1.905,29887.71,1.429,0.0,173.80
2024-01-01 00:16:32.500,BTCUSDT,BINANCE_USDT,29886.14,1.1060,29886.14,3.262,29887.63,2.343,0.0,129.84
2024-01-01 00:16:33.000,BTCUSDT,BINANCE_USDT,29888.37,1.8451,29887.62,2.260,29889.12,4.983,0.0,183.64
2024-01-01 00:16:33.500,BTCUSDT,BINANCE_USDT,29888.42,0.3693,29887.67,4.150,29889.17,4.602,0.0,156.52
2024-01-01 00:16:34.000,BTCUSDT,BINANCE_USDT,29889.69,1.5972,29888.94,1.265,29890.44,1.665,0.0,153.17
2024-01-01 00:16:34.500,BTCUSDT,BINANCE_USDT,29889.21,0.5318,29889.21,2.300,29890.70,4.458,0.0,131.28
2024-01-01 00:16:35.000,BTCUSDT,BINANCE_USDT,29890.30,0.8130,29888.81,3.082,29890.30,2.552,0.0,190.04
2024-01-01 00:16:35.500,BTCUSDT,BINANCE_USDT,29888.97,1.0730,29888.97,1.546,29890.46,3.373,0.0,154.51
2024-01-01 00:16:36.000,BTCUSDT,BINANCE_USDT,29888.93,1.8584,29887.44,1.417,29888.93,0.606,0.0,106.28
2024-01-01 00:16:36.500,BTCUSDT,BINANCE_USDT,29887.38,0.5121,29886.63,2.419,29888.13,3.824,0.0,156.23
2024-01-01 00:16:37.000,BTCUSDT,BINANCE_USDT,29888.20,0.6318,29887.45,4.743,29888.95,2.422,0.0,145.85
2024-01-01 00:16:37.500,BTCUSDT,BINANCE_USDT,29887.68,1.4679,29886.19,1.595,29887.68,3.827,0.0,116.55
2024-01-01 00:16:38.000,BTCUSDT,BINANCE_USDT,29886.67,1.9853,29885.18,2.488,29886.67,4.850,0.0,128.09
2024-01-01 00:16:38.500,BTCUSDT,BINANCE_USDT,29885.79,1.9147,29885.79,1.778,29887.29,3.156,0.0,113.32
2024-01-01 00:16:39.000,BTCUSDT,BINANCE_USDT,29887.07,1.7521,29885.57,1.503,29887.07,0.694,0.0,156.83
2024-01-01 00:16:39.500,BTCUSDT,BINANCE_USDT,29885.27,1.0246,29885.27,3.473,29886.76,0.692,0.0,194.81
2024-01-01 00:16:40.000,BTCUSDT,BINANCE_USDT,29886.84,0.5223,29885.34,0.672,29886.84,3.129,0.0,188.93
2024-01-01 00:16:40.500,BTCUSDT,BINANCE_USDT,29885.00,1.4321,29884.26,1.812,29885.75,1.773,0.0,103.94
2024-01-01 00:16:41.000,BTCUSDT,BINANCE_USDT,29884.92,1.9636,29884.92,3.668,29886.41,2.654,0.0,116.47
2024-01-01 00:16:41.500,BTCUSDT,BINANCE_USDT,29885.85,1.5342,29884.36,1.403,29885.85,2.314,0.0,173.80
2024-01-01 00:16:42.000,BTCUSDT,BINANCE_USDT,29887.10,0.1971,29885.61,3.958,29887.10,1.195,0.0,159.28
2024-01-01 00:16:42.500,BTCUSDT,BINANCE_USDT,29882.78,0.6691,29882.78,1.479,29884.28,2.422,0.0,126.09
2024-01-01 00:16:43.000,BTCUSDT,BINANCE_USDT,29882.86,0.9401,29882.11,1.449,29883.60,3.049,0.0,131.41
2024-01-01 00:16:43.500,BTCUSDT,BINANCE_USDT,29883.71,0.6778,29882.22,3.309,29883.71,3.229,0.0,192.81
2024-01-01 00:16:44.000,BTCUSDT,BINANCE_USDT,29881.59,1.2630,29881.59,3.689,29883.08,1.300,0.0,142.52
2024-01-01 00:16:44.500,BTCUSDT,BINANCE_USDT,29883.69,1.7670,29882.20,1.792,29883.69,2.900,0.0,142.87
2024-01-01 00:16:45.000,BTCUSDT,BINANCE_USDT,29882.78,0.2941,29881.28,2.451,29882.78,3.381,0.0,183.04
2024-01-01 00:16:45.500,BTCUSDT,BINANCE_USDT,29881.79,1.7124,29881.04,2.672,29882.53,4.585,0.0,125.06
2024-01-01 00:16:46.000,BTCUSDT,BINANCE_USDT,29881.75,1.1522,29880.25,2.615,29881.75,0.933,0.0,134.39
2024-01-01 00:16:46.500,BTCUSDT,BINANCE_USDT,29881.29,0.0595,29880.55,1.304,29882.04,4.394,0.0,196.48
2024-01-01 00:16:47.000,BTCUSDT,BINANCE_USDT,29881.00,0.5470,29880.26,3.186,29881.75,1.519,0.0,174.37
2024-01-01 00:16:47.500,BTCUSDT,BINANCE_USDT,29881.18,1.8915,29880.43,4.717,29881.93,4.707,0.0,170.20
2024-01-01 00:16:48.000,BTCUSDT,BINANCE_USDT,29882.16,1.0060,29880.67,4.393,29882.16,4.959,0.0,136.62
2024-01-01 00:16:48.500,BTCUSDT,BINANCE_USDT,29884.93,1.5904,29884.18,4.410,29885.68,1.216,0.0,199.45
2024-01-01 00:16:49.000,BTCUSDT,BINANCE_USDT,29883.77,1.8946,29883.02,4.138,29884.52,1.991,0.0,147.97
2024-01-01 00:16:49.500,BTCUSDT,BINANCE_USDT,29882.08,0.6387,29881.33,0.525,29882.83,4.113,0.0,140.24
2024-01-01 00:16:50.000,BTCUSDT,BINANCE_USDT,29883.41,0.2775,29881.92,1.029,29883.41,2.900,0.0,156.64
2024-01-01 00:16:50.500,BTCUSDT,BINANCE_USDT,29881.74,0.7253,29881.74,0.983,29883.24,0.954,0.0,162.22
2024-01-01 00:16:51.000,BTCUSDT,BINANCE_USDT,29883.98,0.4069,29882.49,2.715,29883.98,1.923,0.0,173.79
2024-01-01 00:16:51.500,BTCUSDT,BINANCE_USDT,29883.28,0.7875,29882.53,4.746,29884.02,2.709,0.0,104.98
2024-01-01 00:16:52.000,BTCUSDT,BINANCE_USDT,29883.08,0.6262,29883.08,4.287,29884.57,1.797,0.0,181.81
2024-01-01 00:16:52.500,BTCUSDT,BINANCE_USDT,29884.65,0.7187,29883.15,1.497,29884.65,3.479,0.0,155.42
2024-01-01 00:16:53.000,BTCUSDT,BINANCE_USDT,29885.15,1.0517,29883.65,4.734,29885.15,1.380,0.0,195.90
2024-01-01 00:16:53.500,BTCUSDT,BINANCE_USDT,29885.31,0.4983,29884.56,1.415,29886.06,0.855,0.0,155.30
2024-01-01 00:16:54.000,BTCUSDT,BINANCE_USDT,29885.67,0.4135,29884.17,1.004,29885.67,2.496,0.0,185.96
2024-01-01 00:16:54.500,BTCUSDT,BINANCE_USDT,29882.27,0.1567,29882.27,3.378,29883.76,3.966,0.0,185.57
2024-01-01 00:16:55.000,BTCUSDT,BINANCE_USDT,29882.52,0.8291,29882.52,1.954,29884.01,2.006,0.0,194.19
2024-01-01 00:16:55.500,BTCUSDT,BINANCE_USDT,29883.10,1.4387,29881.60,2.829,29883.10,1.439,0.0,107.75
2024-01-01 00:16:56.000,BTCUSDT,BINANCE_USDT,29882.21,1.0877,29882.21,3.241,29883.70,2.567,0.0,117.20
2024-01-01 00:16:56.500,BTCUSDT,BINANCE_USDT,29880.21,0.0348,29880.21,3.637,29881.70,3.880,0.0,132.87
2024-01-01 00:16:57.000,BTCUSDT,BINANCE_USDT,29881.34,1.0533,29879.85,4.462,29881.34,3.597,0.0,198.12
2024-01-01 00:16:57.500,BTCUSDT,BINANCE_USDT,29878.16,1.0816,29878.16,4.778,29879.66,2.280,0.0,114.43
2024-01-01 00:16:58.000,BTCUSDT,BINANCE_USDT,29880.53,1.2064,29879.03,2.153,29880.53,4.894,0.0,195.40
2024-01-01 00:16:58.500,BTCUSDT,BINANCE_USDT,29880.76,1.6548,29880.01,2.498,29881.51,3.837,0.0,175.88
2024-01-01 00:16:59.000,BTCUSDT,BINANCE_USDT,29880.32,1.3000,29880.32,2.145,29881.82,2.635,0.0,185.88
2024-01-01 00:16:59.500,BTCUSDT,BINANCE_USDT,29880.36,0.0311,29878.87,2.300,29880.36,3.620,0.0,111.07
2024-01-01 00:17:00.000,BTCUSDT,BINANCE_USDT,29880.86,1.7389,29880.12,1.815,29881.61,0.550,0.0,110.13
2024-01-01 00:17:00.500,BTCUSDT,BINANCE_USDT,29880.82,0.1310,29880.07,2.973,29881.56,3.849,0.0,121.72
2024-01-01 00:17:01.000,BTCUSDT,BINANCE_USDT,29880.83,1.2136,29879.34,4.576,29880.83,3.170,0.0,160.08
2024-01-01 00:17:01.500,BTCUSDT,BINANCE_USDT,29879.21,0.9390,29879.21,0.885,29880.70,4.648,0.0,138.54
2024-01-01 00:17:02.000,BTCUSDT,BINANCE_USDT,29879.65,0.6797,29878.91,1.647,29880.40,4.355,0.0,175.83
2024-01-01 00:17:02.500,BTCUSDT,BINANCE_USDT,29879.53,1.3574,29878.79,0.578,29880.28,4.037,0.0,174.73
2024-01-01 00:17:03.000,BTCUSDT,BINANCE_USDT,29881.00,1.2998,29879.51,2.742,29881.00,4.614,0.0,154.06
2024-01-01 00:17:03.500,BTCUSDT,BINANCE_USDT,29880.29,0.5008,29879.55,4.933,29881.04,2.073,0.0,192.44
2024-01-01 00:17:04.000,BTCUSDT,BINANCE_USDT,29877.97,1.6075,29877.97,4.362,29879.46,4.384,0.0,104.48
2024-01-01 00:17:04.500,BTCUSDT,BINANCE_USDT,29878.02,0.3058,29878.02,2.755,29879.52,3.603,0.0,139.35
2024-01-01 00:17:05.000,BTCUSDT,BINANCE_USDT,29878.59,0.3352,29877.84,1.796,29879.33,4.407,0.0,150.12
2024-01-01 00:17:05.500,BTCUSDT,BINANCE_USDT,29879.95,1.2177,29878.46,1.721,29879.95,4.611,0.0,182.52
2024-01-01 00:17:06.000,BTCUSDT,BINANCE_USDT,29876.75,1.2031,29876.75,3.103,29878.24,2.593,0.0,140.38
2024-01-01 00:17:06.500,BTCUSDT,BINANCE_USDT,29876.24,0.6535,29874.75,0.856,29876.24,4.437,0.0,183.71
2024-01-01 00:17:07.000,BTCUSDT,BINANCE_USDT,29873.70,1.4627,29872.96,4.522,29874.45,0.714,0.0,119.67
2024-01-01 00:17:07.500,BTCUSDT,BINANCE_USDT,29875.22,1.6999,29874.47,0.975,29875.97,4.013,0.0,109.16
2024-01-01 00:17:08.000,BTCUSDT,BINANCE_USDT,29873.96,1.6269,29873.96,4.779,29875.45,3.731,0.0,160.64
2024-01-01 00:17:08.500,BTCUSDT,BINANCE_USDT,29873.38,0.6332,29872.63,0.771,29874.13,3.423,0.0,148.56
2024-01-01 00:17:09.000,BTCUSDT,BINANCE_USDT,29873.95,0.7247,29873.20,3.785,29874.69,4.102,0.0,147.94
2024-01-01 00:17:09.500,BTCUSDT,BINANCE_USDT,29875.42,0.1087,29873.93,2.498,29875.42,4.693,0.0,164.53
2024-01-01 00:17:10.000,BTCUSDT,BINANCE_USDT,29873.79,1.9645,29873.04,4.508,29874.53,2.791,0.0,118.51
2024-01-01 00:17:10.500,BTCUSDT,BINANCE_USDT,29873.54,1.9461,29873.54,2.170,29875.03,1.508,0.0,135.39
2024-01-01 00:17:11.000,BTCUSDT,BINANCE_USDT,29874.58,1.9939,29873.09,1.671,29874.58,3.557,0.0,114.88
2024-01-01 00:17:11.500,BTCUSDT,BINANCE_USDT,29874.00,1.1019,29873.26,1.230,29874.75,4.461,0.0,141.22
2024-01-01 00:17:12.000,BTCUSDT,BINANCE_USDT,29874.31,1.5068,29873.56,3.491,29875.06,1.515,0.0,125.19
2024-01-01 00:17:12.500,BTCUSDT,BINANCE_USDT,29876.48,0.2365,29874.99,4.003,29876.48,2.794,0.0,142.28
2024-01-01 00:17:13.000,BTCUSDT,BINANCE_USDT,29876.84,1.1521,29876.10,1.787,29877.59,3.036,0.0,174.24
2024-01-01 00:17:13.500,BTCUSDT,BINANCE_USDT,29877.06,1.0040,29875.57,4.733,29877.06,3.154,0.0,164.32
2024-01-01 00:17:14.000,BTCUSDT,BINANCE_USDT,29871.77,0.4426,29871.77,4.307,29873.26,1.229,0.0,170.49
2024-01-01 00:17:14.500,BTCUSDT,BINANCE_USDT,29871.04,0.6862,29869.55,2.948,29871.04,4.488,0.0,139.26
2024-01-01 00:17:15.000,BTCUSDT,BINANCE_USDT,29867.97,0.5792,29867.22,4.408,29868.71,4.334,0.0,188.12
2024-01-01 00:17:15.500,BTCUSDT,BINANCE_USDT,29867.90,1.5186,29866.41,0.568,29867.90,3.773,0.0,164.17
2024-01-01 00:17:16.000,BTCUSDT,BINANCE_USDT,29868.16,1.2862,29866.66,3.461,29868.16,1.684,0.0,185.93
2024-01-01 00:17:16.500,BTCUSDT,BINANCE_USDT,29868.52,1.5748,29867.03,0.807,29868.52,2.925,0.0,147.01
2024-01-01 00:17:17.000,BTCUSDT,BINANCE_USDT,29869.11,0.4000,29867.61,4.448,29869.11,3.054,0.0,115.23
2024-01-01 00:17:17.500,BTCUSDT,BINANCE_USDT,29868.85,1.6515,29868.10,2.101,29869.59,2.534,0.0,104.29
2024-01-01 00:17:18.000,BTCUSDT,BINANCE_USDT,29868.34,0.1531,29867.59,2.000,29869.08,4.999,0.0,151.55
2024-01-01 00:17:18.500,BTCUSDT,BINANCE_USDT,29868.00,0.2343,29868.00,2.363,29869.49,1.387,0.0,168.50
2024-01-01 00:17:19.000,BTCUSDT,BINANCE_USDT,29870.14,1.9796,29868.65,3.413,29870.14,2.122,0.0,108.56
2024-01-01 00:17:19.500,BTCUSDT,BINANCE_USDT,29867.09,1.0567,29867.09,1.290,29868.58,4.485,0.0,197.74
2024-01-01 00:17:20.000,BTCUSDT,BINANCE_USDT,29869.55,1.5450,29868.80,2.069,29870.30,2.221,0.0,195.69
2024-01-01 00:17:20.500,BTCUSDT,BINANCE_USDT,29871.16,1.6574,29870.42,1.900,29871.91,1.690,0.0,136.38
2024-01-01 00:17:21.000,BTCUSDT,BINANCE_USDT,29870.35,1.0519,29868.86,3.099,29870.35,2.646,0.0,171.82
2024-01-01 00:17:21.500,BTCUSDT,BINANCE_USDT,29870.03,1.9388,29868.53,1.331,29870.03,2.805,0.0,117.23
2024-01-01 00:17:22.000,BTCUSDT,BINANCE_USDT,29871.60,1.9365,29870.11,3.734,29871.60,1.317,0.0,118.86
2024-01-01 00:17:22.500,BTCUSDT,BINANCE_USDT,29868.90,1.5437,29868.90,4.938,29870.39,2.256,0.0,179.81
2024-01-01 00:17:23.000,BTCUSDT,BINANCE_USDT,29871.96,1.6233,29871.96,3.300,29873.45,3.354,0.0,178.56
2024-01-01 00:17:23.500,BTCUSDT,BINANCE_USDT,29874.36,1.3113,29872.86,3.118,29874.36,1.577,0.0,159.75
2024-01-01 00:17:24.000,BTCUSDT,BINANCE_USDT,29873.79,0.5540,29873.05,2.616,29874.54,1.290,0.0,141.69
2024-01-01 00:17:24.500,BTCUSDT,BINANCE_USDT,29873.31,0.3432,29873.31,4.713,29874.80,1.285,0.0,108.77
2024-01-01 00:17:25.000,BTCUSDT,BINANCE_USDT,29875.11,1.8462,29873.62,3.350,29875.11,3.583,0.0,134.86
2024-01-01 00:17:25.500,BTCUSDT,BINANCE_USDT,29872.96,1.6005,29872.21,3.145,29873.70,2.584,0.0,184.24
2024-01-01 00:17:26.000,BTCUSDT,BINANCE_USDT,29870.65,0.9007,29870.65,1.624,29872.14,4.776,0.0,167.94
2024-01-01 00:17:26.500,BTCUSDT,BINANCE_USDT,29872.01,0.5242,29870.52,3.713,29872.01,4.722,0.0,138.44
2024-01-01 00:17:27.000,BTCUSDT,BINANCE_USDT,29871.41,1.7918,29869.91,0.638,29871.41,0.973,0.0,115.39
2024-01-01 00:17:27.500,BTCUSDT,BINANCE_USDT,29871.72,0.3875,29870.97,4.875,29872.46,4.862,0.0,169.65
2024-01-01 00:17:28.000,BTCUSDT,BINANCE_USDT,29873.02,1.3190,29872.27,3.257,29873.77,2.673,0.0,152.61
2024-01-01 00:17:28.500,BTCUSDT,BINANCE_USDT,29870.97,1.2664,29870.97,3.113,29872.47,2.356,0.0,196.29
2024-01-01 00:17:29.000,BTCUSDT,BINANCE_USDT,29870.30,0.4415,29870.30,3.042,29871.80,2.721,0.0,130.88
2024-01-01 00:17:29.500,BTCUSDT,BINANCE_USDT,29868.88,0.2863,29868.88,1.696,29870.37,2.732,0.0,167.85
2024-01-01 00:17:30.000,BTCUSDT,BINANCE_USDT,29870.61,1.9067,29869.11,2.211,29870.61,2.983,0.0,150.06
2024-01-01 00:17:30.500,BTCUSDT,BINANCE_USDT,29871.26,1.8345,29869.77,3.776,29871.26,4.121,0.0,102.51
2024-01-01 00:17:31.000,BTCUSDT,BINANCE_USDT,29869.10,1.8042,29867.61,0.646,29869.10,1.783,0.0,123.30
2024-01-01 00:17:31.500,BTCUSDT,BINANCE_USDT,29868.00,1.7693,29866.51,2.888,29868.00,0.891,0.0,118.33
2024-01-01 00:17:32.000,BTCUSDT,BINANCE_USDT,29866.78,1.0575,29866.78,0.683,29868.27,0.616,0.0,151.06
2024-01-01 00:17:32.500,BTCUSDT,BINANCE_USDT,29868.78,1.6362,29867.28,2.991,29868.78,0.756,0.0,111.30
2024-01-01 00:17:33.000,BTCUSDT,BINANCE_USDT,29868.48,1.0700,29867.73,2.010,29869.22,4.526,0.0,130.30
2024-01-01 00:17:33.500,BTCUSDT,BINANCE_USDT,29867.21,0.2993,29867.21,2.782,29868.70,2.541,0.0,111.71
2024-01-01 00:17:34.000,BTCUSDT,BINANCE_USDT,29869.33,0.8061,29868.59,4.308,29870.08,3.218,0.0,108.09
2024-01-01 00:17:34.500,BTCUSDT,BINANCE_USDT,29867.25,0.6456,29866.50,4.055,29868.00,4.557,0.0,157.49
2024-01-01 00:17:35.000,BTCUSDT,BINANCE_USDT,29866.21,1.3487,29866.21,0.625,29867.70,3.787,0.0,131.46
2024-01-01 00:17:35.500,BTCUSDT,BINANCE_USDT,29867.60,0.1469,29866.85,1.623,29868.35,3.897,0.0,145.72
2024-01-01 00:17:36.000,BTCUSDT,BINANCE_USDT,29868.33,1.5782,29866.83,2.421,29868.33,3.326,0.0,108.05
2024-01-01 00:17:36.500,BTCUSDT,BINANCE_USDT,29868.54,1.0922,29867.79,2.771,29869.28,0.562,0.0,197.04
2024-01-01 00:17:37.000,BTCUSDT,BINANCE_USDT,29867.00,0.4041,29867.00,0.601,29868.49,2.794,0.0,192.86
2024-01-01 00:17:37.500,BTCUSDT,BINANCE_USDT,29866.89,0.3276,29866.89,2.375,29868.38,4.022,0.0,100.87
2024-01-01 00:17:38.000,BTCUSDT,BINANCE_USDT,29867.22,0.5632,29866.47,2.744,29867.96,2.044,0.0,115.65
2024-01-01 00:17:38.500,BTCUSDT,BINANCE_USDT,29868.98,0.3990,29868.23,0.938,29869.73,1.214,0.0,159.01
2024-01-01 00:17:39.000,BTCUSDT,BINANCE_USDT,29868.79,1.1216,29867.30,3.840,29868.79,3.470,0.0,160.62
2024-01-01 00:17:39.500,BTCUSDT,BINANCE_USDT,29865.38,0.4175,29864.63,1.464,29866.12,2.333,0.0,127.20
2024-01-01 00:17:40.000,BTCUSDT,BINANCE_USDT,29864.78,0.2580,29864.04,1.588,29865.53,1.815,0.0,111.68
2024-01-01 00:17:40.500,BTCUSDT,BINANCE_USDT,29862.64,0.4736,29861.89,1.854,29863.38,3.537,0.0,146.42
2024-01-01 00:17:41.000,BTCUSDT,BINANCE_USDT,29863.89,0.3161,29862.40,4.929,29863.89,4.682,0.0,152.78
2024-01-01 00:17:41.500,BTCUSDT,BINANCE_USDT,29865.27,1.8857,29863.78,2.114,29865.27,3.114,0.0,154.56
2024-01-01 00:17:42.000,BTCUSDT,BINANCE_USDT,29865.29,0.1675,29863.79,4.528,29865.29,2.069,0.0,158.12
2024-01-01 00:17:42.500,BTCUSDT,BINANCE_USDT,29864.84,1.8045,29864.09,2.891,29865.59,4.113,0.0,196.49
2024-01-01 00:17:43.000,BTCUSDT,BINANCE_USDT,29866.71,1.9039,29865.21,3.376,29866.71,4.450,0.0,130.06
2024-01-01 00:17:43.500,BTCUSDT,BINANCE_USDT,29865.48,0.8442,29863.99,4.063,29865.48,0.540,0.0,132.82
2024-01-01 00:17:44.000,BTCUSDT,BINANCE_USDT,29866.17,0.8299,29864.67,4.687,29866.17,4.861,0.0,160.26
2024-01-01 00:17:44.500,BTCUSDT,BINANCE_USDT,29864.42,1.6861,29863.67,3.563,29865.16,3.126,0.0,167.49
2024-01-01 00:17:45.000,BTCUSDT,BINANCE_USDT,29864.93,0.8360,29864.18,1.745,29865.67,1.650,0.0,126.56
2024-01-01 00:17:45.500,BTCUSDT,BINANCE_USDT,29863.02,1.3193,29863.02,3.711,29864.52,2.683,0.0,198.62
2024-01-01 00:17:46.000,BTCUSDT,BINANCE_USDT,29862.73,1.2313,29861.99,1.091,29863.48,4.473,0.0,127.54
2024-01-01 00:17:46.500,BTCUSDT,BINANCE_USDT,29860.88,0.8967,29860.14,2.647,29861.63,1.219,0.0,150.29
2024-01-01 00:17:47.000,BTCUSDT,BINANCE_USDT,29859.82,0.2383,29859.82,4.622,29861.32,2.729,0.0,128.23
2024-01-01 00:17:47.500,BTCUSDT,BINANCE_USDT,29859.46,0.2607,29858.71,2.990,29860.20,2.539,0.0,180.54
2024-01-01 00:17:48.000,BTCUSDT,BINANCE_USDT,29858.25,1.6147,29858.25,3.710,29859.74,3.842,0.0,182.25
2024-01-01 00:17:48.500,BTCUSDT,BINANCE_USDT,29859.14,1.3556,29859.14,1.087,29860.63,2.823,0.0,135.74
2024-01-01 00:17:49.000,BTCUSDT,BINANCE_USDT,29860.12,1.9601,29858.62,1.934,29860.12,1.672,0.0,146.68
2024-01-01 00:17:49.500,BTCUSDT,BINANCE_USDT,29859.26,1.7908,29858.51,4.260,29860.00,1.456,0.0,177.09
2024-01-01 00:17:50.000,BTCUSDT,BINANCE_USDT,29859.70,1.4253,29859.70,4.262,29861.20,1.012,0.0,174.90
2024-01-01 00:17:50.500,BTCUSDT,BINANCE_USDT,29862.54,0.0518,29861.05,3.366,29862.54,4.463,0.0,189.49
2024-01-01 00:17:51.000,BTCUSDT,BINANCE_USDT,29863.51,0.6468,29862.02,3.352,29863.51,2.107,0.0,114.76
2024-01-01 00:17:51.500,BTCUSDT,BINANCE_USDT,29862.74,1.1789,29861.99,1.742,29863.49,3.724,0.0,158.81
2024-01-01 00:17:52.000,BTCUSDT,BINANCE_USDT,29861.33,1.1855,29860.58,1.677,29862.07,4.237,0.0,104.59
2024-01-01 00:17:52.500,BTCUSDT,BINANCE_USDT,29859.08,0.9017,29859.08,4.023,29860.58,1.147,0.0,119.83
2024-01-01 00:17:53.000,BTCUSDT,BINANCE_USDT,29858.86,0.8859,29857.37,1.769,29858.86,1.153,0.0,175.13
2024-01-01 00:17:53.500,BTCUSDT,BINANCE_USDT,29857.24,1.6404,29857.24,3.207,29858.73,2.861,0.0,177.42
2024-01-01 00:17:54.000,BTCUSDT,BINANCE_USDT,29858.46,0.5639,29858.46,0.532,29859.95,1.300,0.0,165.95
2024-01-01 00:17:54.500,BTCUSDT,BINANCE_USDT,29859.32,1.9202,29857.82,4.238,29859.32,3.500,0.0,181.69
2024-01-01 00:17:55.000,BTCUSDT,BINANCE_USDT,29859.39,0.7033,29859.39,3.004,29860.89,4.194,0.0,149.00
2024-01-01 00:17:55.500,BTCUSDT,BINANCE_USDT,29862.10,0.7263,29860.61,4.996,29862.10,2.585,0.0,136.75
2024-01-01 00:17:56.000,BTCUSDT,BINANCE_USDT,29861.95,1.5821,29861.21,3.591,29862.70,1.763,0.0,111.71
2024-01-01 00:17:56.500,BTCUSDT,BINANCE_USDT,29860.18,1.9972,29858.68,0.995,29860.18,2.448,0.0,130.78
2024-01-01 00:17:57.000,BTCUSDT,BINANCE_USDT,29858.28,1.1014,29857.53,3.978,29859.02,1.729,0.0,126.10
2024-01-01 00:17:57.500,BTCUSDT,BINANCE_USDT,29856.01,0.2285,29856.01,3.737,29857.51,3.944,0.0,192.94
2024-01-01 00:17:58.000,BTCUSDT,BINANCE_USDT,29856.62,1.3867,29855.12,1.237,29856.62,1.831,0.0,170.86
2024-01-01 00:17:58.500,BTCUSDT,BINANCE_USDT,29858.20,0.5894,29856.71,2.138,29858.20,3.614,0.0,112.85
2024-01-01 00:17:59.000,BTCUSDT,BINANCE_USDT,29857.53,1.5025,29856.04,1.797,29857.53,2.921,0.0,104.47
2024-01-01 00:17:59.500,BTCUSDT,BINANCE_USDT,29857.23,0.7744,29855.74,1.438,29857.23,4.814,0.0,101.57
2024-01-01 00:18:00.000,BTCUSDT,BINANCE_USDT,29858.37,1.4855,29856.87,4.829,29858.37,3.546,0.0,157.02
2024-01-01 00:18:00.500,BTCUSDT,BINANCE_USDT,29858.76,0.0900,29857.26,2.237,29858.76,2.919,0.0,157.10
2024-01-01 00:18:01.000,BTCUSDT,BINANCE_USDT,29858.03,1.1422,29858.03,3.913,29859.52,4.711,0.0,134.71
2024-01-01 00:18:01.500,BTCUSDT,BINANCE_USDT,29856.89,1.8106,29856.15,4.951,29857.64,4.465,0.0,187.21
2024-01-01 00:18:02.000,BTCUSDT,BINANCE_USDT,29856.67,0.1014,29855.92,0.831,29857.41,3.934,0.0,127.21
2024-01-01 00:18:02.500,BTCUSDT,BINANCE_USDT,29855.81,1.1833,29855.81,2.023,29857.30,3.320,0.0,171.66
2024-01-01 00:18:03.000,BTCUSDT,BINANCE_USDT,29854.49,0.5869,29853.74,2.335,29855.24,0.914,0.0,180.84
2024-01-01 00:18:03.500,BTCUSDT,BINANCE_USDT,29855.62,1.1392,29855.62,4.288,29857.11,1.548,0.0,100.36
2024-01-01 00:18:04.000,BTCUSDT,BINANCE_USDT,29856.07,0.7380,29855.32,2.265,29856.81,0.935,0.0,116.01
2024-01-01 00:18:04.500,BTCUSDT,BINANCE_USDT,29855.08,1.1802,29854.34,3.735,29855.83,4.092,0.0,126.48
2024-01-01 00:18:05.000,BTCUSDT,BINANCE_USDT,29856.23,1.9841,29854.74,4.778,29856.23,0.873,0.0,129.09
2024-01-01 00:18:05.500,BTCUSDT,BINANCE_USDT,29855.17,0.0980,29853.68,3.356,29855.17,1.474,0.0,146.72
2024-01-01 00:18:06.000,BTCUSDT,BINANCE_USDT,29854.77,0.9630,29853.28,1.163,29854.77,0.519,0.0,120.12
2024-01-01 00:18:06.500,BTCUSDT,BINANCE_USDT,29852.94,0.1569,29852.19,3.226,29853.68,2.617,0.0,155.54
2024-01-01 00:18:07.000,BTCUSDT,BINANCE_USDT,29853.79,0.9325,29852.30,2.505,29853.79,0.654,0.0,141.09
2024-01-01 00:18:07.500,BTCUSDT,BINANCE_USDT,29852.65,0.1748,29851.91,3.906,29853.40,2.485,0.0,135.89
2024-01-01 00:18:08.000,BTCUSDT,BINANCE_USDT,29851.73,1.3861,29851.73,2.235,29853.22,3.467,0.0,174.01
2024-01-01 00:18:08.500,BTCUSDT,BINANCE_USDT,29853.68,0.7913,29852.18,2.372,29853.68,3.093,0.0,136.06
2024-01-01 00:18:09.000,BTCUSDT,BINANCE_USDT,29852.21,0.4724,29852.21,2.072,29853.70,1.971,0.0,108.52
2024-01-01 00:18:09.500,BTCUSDT,BINANCE_USDT,29853.47,1.9330,29853.47,4.644,29854.97,4.868,0.0,186.38
2024-01-01 00:18:10.000,BTCUSDT,BINANCE_USDT,29854.91,0.7404,29853.42,0.902,29854.91,0.509,0.0,191.52
2024-01-01 00:18:10.500,BTCUSDT,BINANCE_USDT,29853.73,1.4790,29852.98,2.506,29854.48,3.517,0.0,103.15
2024-01-01 00:18:11.000,BTCUSDT,BINANCE_USDT,29855.03,1.2283,29854.28,4.437,29855.77,1.130,0.0,188.15
2024-01-01 00:18:11.500,BTCUSDT,BINANCE_USDT,29856.61,0.1516,29855.12,0.651,29856.61,4.506,0.0,104.92
2024-01-01 00:18:12.000,BTCUSDT,BINANCE_USDT,29855.75,0.2850,29855.00,0.590,29856.49,0.702,0.0,141.73
2024-01-01 00:18:12.500,BTCUSDT,BINANCE_USDT,29854.38,1.6088,29854.38,1.196,29855.88,3.939,0.0,197.87
2024-01-01 00:18:13.000,BTCUSDT,BINANCE_USDT,29853.42,0.6807,29852.68,1.267,29854.17,4.424,0.0,175.28
2024-01-01 00:18:13.500,BTCUSDT,BINANCE_USDT,29855.26,0.9926,29854.51,2.308,29856.00,2.773,0.0,122.83
2024-01-01 00:18:14.000,BTCUSDT,BINANCE_USDT,29853.08,0.5284,29853.08,1.661,29854.57,4.645,0.0,154.06
2024-01-01 00:18:14.500,BTCUSDT,BINANCE_USDT,29854.75,0.4712,29854.75,3.126,29856.24,4.527,0.0,194.80
2024-01-01 00:18:15.000,BTCUSDT,BINANCE_USDT,29855.09,1.7104,29855.09,0.778,29856.58,1.580,0.0,130.99
2024-01-01 00:18:15.500,BTCUSDT,BINANCE_USDT,29856.82,1.6058,29855.33,0.668,29856.82,0.625,0.0,131.37
2024-01-01 00:18:16.000,BTCUSDT,BINANCE_USDT,29854.52,0.7139,29854.52,3.814,29856.02,4.574,0.0,121.66
2024-01-01 00:18:16.500,BTCUSDT,BINANCE_USDT,29854.96,1.9356,29854.21,4.332,29855.70,0.954,0.0,185.36
2024-01-01 00:18:17.000,BTCUSDT,BINANCE_USDT,29853.69,0.2040,29853.69,4.843,29855.18,4.019,0.0,117.10
2024-01-01 00:18:17.500,BTCUSDT,BINANCE_USDT,29854.48,0.7234,29852.98,3.588,29854.48,0.585,0.0,101.99
2024-01-01 00:18:18.000,BTCUSDT,BINANCE_USDT,29855.64,0.6956,29854.90,4.544,29856.39,2.266,0.0,179.51
2024-01-01 00:18:18.500,BTCUSDT,BINANCE_USDT,29856.20,1.2785,29854.71,0.633,29856.20,1.022,0.0,183.81
2024-01-01 00:18:19.000,BTCUSDT,BINANCE_USDT,29854.78,0.8261,29854.78,3.330,29856.28,2.382,0.0,143.07
2024-01-01 00:18:19.500,BTCUSDT,BINANCE_USDT,29855.00,0.0273,29855.00,2.134,29856.49,4.923,0.0,194.20
2024-01-01 00:18:20.000,BTCUSDT,BINANCE_USDT,29857.79,1.9198,29856.30,3.525,29857.79,2.762,0.0,116.61
2024-01-01 00:18:20.500,BTCUSDT,BINANCE_USDT,29857.03,0.9050,29857.03,4.681,29858.52,4.463,0.0,100.38
2024-01-01 00:18:21.000,BTCUSDT,BINANCE_USDT,29858.48,1.3918,29857.73,2.054,29859.22,3.517,0.0,179.23
2024-01-01 00:18:21.500,BTCUSDT,BINANCE_USDT,29859.17,1.3656,29858.43,4.239,29859.92,1.408,0.0,108.81
2024-01-01 00:18:22.000,BTCUSDT,BINANCE_USDT,29858.13,1.3235,29858.13,1.735,29859.62,3.179,0.0,157.36
2024-01-01 00:18:22.500,BTCUSDT,BINANCE_USDT,29857.23,1.9604,29856.48,1.567,29857.97,3.610,0.0,110.56
2024-01-01 00:18:23.000,BTCUSDT,BINANCE_USDT,29855.83,1.1566,29855.83,2.978,29857.32,1.630,0.0,125.02
2024-01-01 00:18:23.500,BTCUSDT,BINANCE_USDT,29855.48,0.8100,29855.48,2.858,29856.97,1.379,0.0,122.80
2024-01-01 00:18:24.000,BTCUSDT,BINANCE_USDT,29858.78,0.8514,29857.28,1.204,29858.78,3.607,0.0,160.54
2024-01-01 00:18:24.500,BTCUSDT,BINANCE_USDT,29859.06,1.2026,29857.57,4.284,29859.06,4.765,0.0,142.82
2024-01-01 00:18:25.000,BTCUSDT,BINANCE_USDT,29858.08,1.8973,29856.59,3.032,29858.08,1.843,0.0,145.40
2024-01-01 00:18:25.500,BTCUSDT,BINANCE_USDT,29858.60,1.8804,29857.85,2.931,29859.34,2.776,0.0,160.58
2024-01-01 00:18:26.000,BTCUSDT,BINANCE_USDT,29857.91,1.2280,29857.91,2.626,29859.41,3.819,0.0,103.01
2024-01-01 00:18:26.500,BTCUSDT,BINANCE_USDT,29858.02,1.6639,29858.02,4.042,29859.51,1.461,0.0,137.81
2024-01-01 00:18:27.000,BTCUSDT,BINANCE_USDT,29857.30,0.3325,29856.55,4.488,29858.05,3.174,0.0,161.38
2024-01-01 00:18:27.500,BTCUSDT,BINANCE_USDT,29857.84,0.8732,29856.35,3.494,29857.84,4.702,0.0,194.96
2024-01-01 00:18:28.000,BTCUSDT,BINANCE_USDT,29856.12,0.4641,29856.12,1.393,29857.62,0.908,0.0,126.83
2024-01-01 00:18:28.500,BTCUSDT,BINANCE_USDT,29855.47,1.3135,29854.72,1.827,29856.22,0.912,0.0,161.41
2024-01-01 00:18:29.000,BTCUSDT,BINANCE_USDT,29855.71,1.5236,29855.71,1.106,29857.20,3.761,0.0,123.03
2024-01-01 00:18:29.500,BTCUSDT,BINANCE_USDT,29856.19,0.8257,29855.44,2.857,29856.93,0.799,0.0,126.55
2024-01-01 00:18:30.000,BTCUSDT,BINANCE_USDT,29855.02,1.6386,29855.02,4.467,29856.51,3.104,0.0,175.17
2024-01-01 00:18:30.500,BTCUSDT,BINANCE_USDT,29855.31,1.7206,29854.56,4.854,29856.05,1.771,0.0,158.06
2024-01-01 00:18:31.000,BTCUSDT,BINANCE_USDT,29854.37,1.2553,29853.63,4.383,29855.12,4.982,0.0,182.72
2024-01-01 00:18:31.500,BTCUSDT,BINANCE_USDT,29851.72,0.4306,29851.72,1.120,29853.21,3.048,0.0,110.72
2024-01-01 00:18:32.000,BTCUSDT,BINANCE_USDT,29851.59,1.9160,29851.59,3.021,29853.09,2.940,0.0,189.79
2024-01-01 00:18:32.500,BTCUSDT,BINANCE_USDT,29853.23,1.0781,29852.48,4.078,29853.97,4.084,0.0,162.39
2024-01-01 00:18:33.000,BTCUSDT,BINANCE_USDT,29851.49,1.7266,29851.49,1.052,29852.99,3.202,0.0,158.39
2024-01-01 00:18:33.500,BTCUSDT,BINANCE_USDT,29851.19,1.7544,29850.44,0.551,29851.94,1.839,0.0,150.92
2024-01-01 00:18:34.000,BTCUSDT,BINANCE_USDT,29852.13,1.2376,29851.38,3.994,29852.87,3.047,0.0,116.88
2024-01-01 00:18:34.500,BTCUSDT,BINANCE_USDT,29851.23,0.5313,29850.48,3.925,29851.98,1.019,0.0,136.39
2024-01-01 00:18:35.000,BTCUSDT,BINANCE_USDT,29850.31,1.5589,29848.82,1.434,29850.31,2.508,0.0,174.92
2024-01-01 00:18:35.500,BTCUSDT,BINANCE_USDT,29847.61,1.6765,29847.61,2.184,29849.10,4.803,0.0,139.07
2024-01-01 00:18:36.000,BTCUSDT,BINANCE_USDT,29849.50,0.2330,29848.75,3.403,29850.24,1.489,0.0,102.23
2024-01-01 00:18:36.500,BTCUSDT,BINANCE_USDT,29850.94,1.7439,29850.20,1.039,29851.69,0.686,0.0,196.09
2024-01-01 00:18:37.000,BTCUSDT,BINANCE_USDT,29850.36,1.6920,29850.36,4.157,29851.85,3.603,0.0,157.22
2024-01-01 00:18:37.500,BTCUSDT,BINANCE_USDT,29852.95,0.6557,29852.20,1.796,29853.69,1.439,0.0,141.12
2024-01-01 00:18:38.000,BTCUSDT,BINANCE_USDT,29853.39,1.5965,29852.65,2.194,29854.14,4.869,0.0,133.00
2024-01-01 00:18:38.500,BTCUSDT,BINANCE_USDT,29853.56,0.4213,29853.56,1.924,29855.06,1.590,0.0,155.55
2024-01-01 00:18:39.000,BTCUSDT,BINANCE_USDT,29855.04,1.6092,29854.29,2.411,29855.78,1.698,0.0,130.76
2024-01-01 00:18:39.500,BTCUSDT,BINANCE_USDT,29856.21,1.2217,29854.72,0.512,29856.21,2.020,0.0,165.94
2024-01-01 00:18:40.000,BTCUSDT,BINANCE_USDT,29856.47,0.5762,29854.97,0.692,29856.47,0.987,0.0,190.18
2024-01-01 00:18:40.500,BTCUSDT,BINANCE_USDT,29853.51,1.4364,29853.51,4.442,29855.00,4.821,0.0,188.75
2024-01-01 00:18:41.000,BTCUSDT,BINANCE_USDT,29856.53,0.2204,29855.79,3.769,29857.28,2.092,0.0,127.72
2024-01-01 00:18:41.500,BTCUSDT,BINANCE_USDT,29855.89,1.2235,29855.89,4.660,29857.38,2.602,0.0,130.35
2024-01-01 00:18:42.000,BTCUSDT,BINANCE_USDT,29856.58,0.1619,29855.08,3.675,29856.58,1.374,0.0,158.02
2024-01-01 00:18:42.500,BTCUSDT,BINANCE_USDT,29854.96,1.1705,29854.22,1.502,29855.71,1.269,0.0,172.50
2024-01-01 00:18:43.000,BTCUSDT,BINANCE_USDT,29852.87,0.4351,29852.87,2.648,29854.37,3.500,0.0,124.47
2024-01-01 00:18:43.500,BTCUSDT,BINANCE_USDT,29853.28,0.1977,29853.28,1.465,29854.78,1.233,0.0,110.64
2024-01-01 00:18:44.000,BTCUSDT,BINANCE_USDT,29851.84,1.5765,29851.09,4.269,29852.58,3.422,0.0,140.81
2024-01-01 00:18:44.500,BTCUSDT,BINANCE_USDT,29851.96,1.2413,29851.96,4.773,29853.45,3.559,0.0,146.05
2024-01-01 00:18:45.000,BTCUSDT,BINANCE_USDT,29851.66,1.8770,29850.92,4.289,29852.41,0.547,0.0,183.58
2024-01-01 00:18:45.500,BTCUSDT,BINANCE_USDT,29850.96,0.2960,29850.96,0.552,29852.45,3.736,0.0,133.90
2024-01-01 00:18:46.000,BTCUSDT,BINANCE_USDT,29850.84,1.7928,29850.84,2.783,29852.34,2.619,0.0,152.94
2024-01-01 00:18:46.500,BTCUSDT,BINANCE_USDT,29851.75,0.2820,29851.75,3.152,29853.25,2.028,0.0,149.82
2024-01-01 00:18:47.000,BTCUSDT,BINANCE_USDT,29851.86,0.0771,29850.37,2.105,29851.86,2.650,0.0,175.11
2024-01-01 00:18:47.500,BTCUSDT,BINANCE_USDT,29851.73,0.9746,29850.99,1.374,29852.48,0.657,0.0,174.41
2024-01-01 00:18:48.000,BTCUSDT,BINANCE_USDT,29850.91,1.0496,29850.91,1.924,29852.40,1.724,0.0,102.41
2024-01-01 00:18:48.500,BTCUSDT,BINANCE_USDT,29849.46,0.3201,29849.46,4.092,29850.95,4.352,0.0,149.60
2024-01-01 00:18:49.000,BTCUSDT,BINANCE_USDT,29849.38,1.6982,29848.64,1.007,29850.13,2.528,0.0,181.65
2024-01-01 00:18:49.500,BTCUSDT,BINANCE_USDT,29850.13,0.1535,29848.64,4.433,29850.13,1.228,0.0,149.80
2024-01-01 00:18:50.000,BTCUSDT,BINANCE_USDT,29848.96,1.8409,29848.21,4.892,29849.71,1.230,0.0,171.11
2024-01-01 00:18:50.500,BTCUSDT,BINANCE_USDT,29850.49,1.9183,29849.74,4.802,29851.24,3.862,0.0,166.09
2024-01-01 00:18:51.000,BTCUSDT,BINANCE_USDT,29850.76,0.7270,29849.27,3.298,29850.76,4.489,0.0,145.19
2024-01-01 00:18:51.500,BTCUSDT,BINANCE_USDT,29849.92,0.1116,29848.43,0.740,29849.92,4.555,0.0,109.81
2024-01-01 00:18:52.000,BTCUSDT,BINANCE_USDT,29850.20,0.7774,29850.20,1.444,29851.70,3.153,0.0,166.86
2024-01-01 00:18:52.500,BTCUSDT,BINANCE_USDT,29853.64,0.2140,29852.14,3.757,29853.64,4.465,0.0,178.70
2024-01-01 00:18:53.000,BTCUSDT,BINANCE_USDT,29852.52,1.3962,29852.52,2.294,29854.01,4.893,0.0,171.80
2024-01-01 00:18:53.500,BTCUSDT,BINANCE_USDT,29853.82,1.0627,29853.82,2.770,29855.31,3.848,0.0,113.64
2024-01-01 00:18:54.000,BTCUSDT,BINANCE_USDT,29855.41,1.0744,29855.41,4.272,29856.90,3.038,0.0,158.13
2024-01-01 00:18:54.500,BTCUSDT,BINANCE_USDT,29857.14,0.0037,29855.65,1.835,29857.14,1.051,0.0,170.93
2024-01-01 00:18:55.000,BTCUSDT,BINANCE_USDT,29857.99,1.7278,29857.24,1.254,29858.73,1.059,0.0,148.57
2024-01-01 00:18:55.500,BTCUSDT,BINANCE_USDT,29857.29,1.8464,29855.79,1.891,29857.29,2.775,0.0,166.93
2024-01-01 00:18:56.000,BTCUSDT,BINANCE_USDT,29855.80,0.1240,29854.31,4.676,29855.80,4.759,0.0,165.55
2024-01-01 00:18:56.500,BTCUSDT,BINANCE_USDT,29854.71,1.1118,29854.71,3.882,29856.20,1.590,0.0,170.99
2024-01-01 00:18:57.000,BTCUSDT,BINANCE_USDT,29852.70,1.3138,29852.70,4.095,29854.20,0.774,0.0,147.42
2024-01-01 00:18:57.500,BTCUSDT,BINANCE_USDT,29854.79,0.1148,29854.04,3.103,29855.54,0.506,0.0,100.72
2024-01-01 00:18:58.000,BTCUSDT,BINANCE_USDT,29854.58,1.6535,29854.58,1.993,29856.07,3.890,0.0,115.00
2024-01-01 00:18:58.500,BTCUSDT,BINANCE_USDT,29855.92,1.5814,29855.92,4.327,29857.41,4.265,0.0,116.83
2024-01-01 00:18:59.000,BTCUSDT,BINANCE_USDT,29857.92,0.9537,29857.17,2.283,29858.67,1.039,0.0,171.99
2024-01-01 00:18:59.500,BTCUSDT,BINANCE_USDT,29856.26,0.4317,29856.26,3.889,29857.75,1.755,0.0,162.16
2024-01-01 00:19:00.000,BTCUSDT,BINANCE_USDT,29855.69,0.4536,29854.95,3.136,29856.44,4.004,0.0,165.30
2024-01-01 00:19:00.500,BTCUSDT,BINANCE_USDT,29854.45,0.6332,29854.45,2.594,29855.94,2.343,0.0,118.51
2024-01-01 00:19:01.000,BTCUSDT,BINANCE_USDT,29853.41,1.4462,29852.67,4.933,29854.16,3.664,0.0,100.48
2024-01-01 00:19:01.500,BTCUSDT,BINANCE_USDT,29853.89,0.6549,29853.89,1.212,29855.38,2.921,0.0,175.45
2024-01-01 00:19:02.000,BTCUSDT,BINANCE_USDT,29852.43,0.3021,29852.43,1.750,29853.92,0.920,0.0,184.26
2024-01-01 00:19:02.500,BTCUSDT,BINANCE_USDT,29850.83,1.3080,29850.83,4.749,29852.32,4.811,0.0,122.90
2024-01-01 00:19:03.000,BTCUSDT,BINANCE_USDT,29850.99,0.2254,29850.99,4.279,29852.49,4.605,0.0,148.02
2024-01-01 00:19:03.500,BTCUSDT,BINANCE_USDT,29849.07,1.7853,29849.07,1.780,29850.56,1.944,0.0,179.19
2024-01-01 00:19:04.000,BTCUSDT,BINANCE_USDT,29849.79,1.7883,29849.04,2.419,29850.53,4.807,0.0,135.95
2024-01-01 00:19:04.500,BTCUSDT,BINANCE_USDT,29847.96,1.3949,29847.22,4.897,29848.71,2.256,0.0,190.65
2024-01-01 00:19:05.000,BTCUSDT,BINANCE_USDT,29847.03,1.8102,29847.03,1.911,29848.52,3.624,0.0,179.41
2024-01-01 00:19:05.500,BTCUSDT,BINANCE_USDT,29848.16,1.8947,29846.66,4.900,29848.16,3.652,0.0,148.13
2024-01-01 00:19:06.000,BTCUSDT,BINANCE_USDT,29844.55,0.0349,29844.55,1.604,29846.04,0.966,0.0,146.73
2024-01-01 00:19:06.500,BTCUSDT,BINANCE_USDT,29843.58,1.1382,29842.84,1.064,29844.33,4.276,0.0,160.44
2024-01-01 00:19:07.000,BTCUSDT,BINANCE_USDT,29845.16,1.4964,29843.67,3.068,29845.16,1.793,0.0,151.15
2024-01-01 00:19:07.500,BTCUSDT,BINANCE_USDT,29844.24,0.9237,29842.74,0.672,29844.24,2.701,0.0,196.94
2024-01-01 00:19:08.000,BTCUSDT,BINANCE_USDT,29841.33,1.1195,29841.33,0.949,29842.83,0.755,0.0,128.53
2024-01-01 00:19:08.500,BTCUSDT,BINANCE_USDT,29842.01,1.3612,29842.01,0.536,29843.50,3.105,0.0,116.38
2024-01-01 00:19:09.000,BTCUSDT,BINANCE_USDT,29838.88,1.0972,29838.88,3.882,29840.37,3.627,0.0,146.80
2024-01-01 00:19:09.500,BTCUSDT,BINANCE_USDT,29839.24,1.0618,29839.24,4.447,29840.73,4.489,0.0,193.73
2024-01-01 00:19:10.000,BTCUSDT,BINANCE_USDT,29839.62,0.6769,29838.13,2.452,29839.62,1.995,0.0,156.12
2024-01-01 00:19:10.500,BTCUSDT,BINANCE_USDT,29837.49,1.1398,29837.49,0.931,29838.98,3.261,0.0,156.57
2024-01-01 00:19:11.000,BTCUSDT,BINANCE_USDT,29838.49,1.7445,29837.00,2.086,29838.49,1.675,0.0,117.21
2024-01-01 00:19:11.500,BTCUSDT,BINANCE_USDT,29837.88,0.4103,29837.13,2.544,29838.62,3.096,0.0,110.18
2024-01-01 00:19:12.000,BTCUSDT,BINANCE_USDT,29836.51,0.1487,29836.51,1.672,29838.00,2.249,0.0,142.22
2024-01-01 00:19:12.500,BTCUSDT,BINANCE_USDT,29837.19,0.3476,29835.70,1.604,29837.19,0.774,0.0,180.96
2024-01-01 00:19:13.000,BTCUSDT,BINANCE_USDT,29837.89,0.2067,29836.40,2.509,29837.89,0.565,0.0,154.56
2024-01-01 00:19:13.500,BTCUSDT,BINANCE_USDT,29837.34,0.0580,29837.34,2.136,29838.83,4.006,0.0,109.17
2024-01-01 00:19:14.000,BTCUSDT,BINANCE_USDT,29836.88,1.1181,29836.88,1.286,29838.37,1.550,0.0,132.88
2024-01-01 00:19:14.500,BTCUSDT,BINANCE_USDT,29838.18,1.0864,29836.68,3.087,29838.18,3.589,0.0,162.69
2024-01-01 00:19:15.000,BTCUSDT,BINANCE_USDT,29837.74,0.3826,29837.00,2.266,29838.49,1.841,0.0,198.88
2024-01-01 00:19:15.500,BTCUSDT,BINANCE_USDT,29837.28,1.5936,29835.79,1.973,29837.28,0.899,0.0,155.89
2024-01-01 00:19:16.000,BTCUSDT,BINANCE_USDT,29835.93,0.0948,29834.44,4.689,29835.93,0.615,0.0,100.83
2024-01-01 00:19:16.500,BTCUSDT,BINANCE_USDT,29833.42,1.6782,29833.42,3.871,29834.91,2.805,0.0,112.51
2024-01-01 00:19:17.000,BTCUSDT,BINANCE_USDT,29834.82,1.8133,29834.82,3.756,29836.31,0.863,0.0,178.83
2024-01-01 00:19:17.500,BTCUSDT,BINANCE_USDT,29833.33,1.6187,29833.33,2.819,29834.83,4.825,0.0,170.89
2024-01-01 00:19:18.000,BTCUSDT,BINANCE_USDT,29833.39,1.8981,29832.65,1.882,29834.14,4.516,0.0,130.00
2024-01-01 00:19:18.500,BTCUSDT,BINANCE_USDT,29832.63,1.3815,29832.63,3.923,29834.13,2.219,0.0,188.59
2024-01-01 00:19:19.000,BTCUSDT,BINANCE_USDT,29833.16,0.1811,29833.16,4.008,29834.65,1.264,0.0,189.30
2024-01-01 00:19:19.500,BTCUSDT,BINANCE_USDT,29834.48,1.0625,29832.99,4.628,29834.48,2.962,0.0,198.33
2024-01-01 00:19:20.000,BTCUSDT,BINANCE_USDT,29835.89,0.5422,29834.40,2.435,29835.89,3.825,0.0,143.93
2024-01-01 00:19:20.500,BTCUSDT,BINANCE_USDT,29834.00,1.2258,29834.00,0.750,29835.50,3.289,0.0,197.41
2024-01-01 00:19:21.000,BTCUSDT,BINANCE_USDT,29834.42,0.2950,29833.68,3.978,29835.17,3.370,0.0,108.99
2024-01-01 00:19:21.500,BTCUSDT,BINANCE_USDT,29836.03,1.4789,29834.53,2.237,29836.03,1.684,0.0,181.74
2024-01-01 00:19:22.000,BTCUSDT,BINANCE_USDT,29834.38,0.2684,29833.64,4.483,29835.13,3.007,0.0,128.61
2024-01-01 00:19:22.500,BTCUSDT,BINANCE_USDT,29834.20,1.1204,29834.20,2.298,29835.69,0.977,0.0,179.64
2024-01-01 00:19:23.000,BTCUSDT,BINANCE_USDT,29835.06,0.4104,29835.06,3.633,29836.55,1.709,0.0,164.10
2024-01-01 00:19:23.500,BTCUSDT,BINANCE_USDT,29834.95,0.4333,29833.46,4.370,29834.95,3.802,0.0,160.35
2024-01-01 00:19:24.000,BTCUSDT,BINANCE_USDT,29833.48,1.5959,29833.48,3.668,29834.97,4.133,0.0,101.15
2024-01-01 00:19:24.500,BTCUSDT,BINANCE_USDT,29834.07,0.4421,29833.32,2.175,29834.81,0.995,0.0,124.80
2024-01-01 00:19:25.000,BTCUSDT,BINANCE_USDT,29831.52,1.5107,29831.52,3.907,29833.01,3.690,0.0,118.56
2024-01-01 00:19:25.500,BTCUSDT,BINANCE_USDT,29831.80,1.2651,29831.05,4.905,29832.54,4.365,0.0,153.44
2024-01-01 00:19:26.000,BTCUSDT,BINANCE_USDT,29831.08,1.3081,29831.08,0.892,29832.57,4.799,0.0,161.73
2024-01-01 00:19:26.500,BTCUSDT,BINANCE_USDT,29830.99,1.7525,29830.24,0.551,29831.73,3.022,0.0,113.69
2024-01-01 00:19:27.000,BTCUSDT,BINANCE_USDT,29831.02,0.4160,29831.02,4.238,29832.51,1.154,0.0,130.00
2024-01-01 00:19:27.500,BTCUSDT,BINANCE_USDT,29832.05,1.0863,29831.31,4.550,29832.80,3.184,0.0,146.37
2024-01-01 00:19:28.000,BTCUSDT,BINANCE_USDT,29832.47,0.8946,29830.98,2.744,29832.47,3.111,0.0,129.90
2024-01-01 00:19:28.500,BTCUSDT,BINANCE_USDT,29834.99,0.6110,29834.24,4.215,29835.73,3.721,0.0,166.69
2024-01-01 00:19:29.000,BTCUSDT,BINANCE_USDT,29834.17,1.4588,29833.43,2.756,29834.92,1.576,0.0,111.57
2024-01-01 00:19:29.500,BTCUSDT,BINANCE_USDT,29835.27,1.9179,29833.78,4.306,29835.27,4.242,0.0,167.02
2024-01-01 00:19:30.000,BTCUSDT,BINANCE_USDT,29833.73,1.3294,29833.73,2.777,29835.23,2.740,0.0,183.54
2024-01-01 00:19:30.500,BTCUSDT,BINANCE_USDT,29833.91,1.5456,29833.17,2.884,29834.66,2.388,0.0,179.09
2024-01-01 00:19:31.000,BTCUSDT,BINANCE_USDT,29832.36,1.1852,29832.36,4.903,29833.85,3.627,0.0,101.01
2024-01-01 00:19:31.500,BTCUSDT,BINANCE_USDT,29833.14,1.5583,29831.65,3.761,29833.14,4.739,0.0,106.32
2024-01-01 00:19:32.000,BTCUSDT,BINANCE_USDT,29830.99,1.0151,29830.25,1.889,29831.74,0.948,0.0,140.44
2024-01-01 00:19:32.500,BTCUSDT,BINANCE_USDT,29830.44,1.4790,29830.44,4.884,29831.93,3.169,0.0,139.16
2024-01-01 00:19:33.000,BTCUSDT,BINANCE_USDT,29832.45,1.9435,29831.70,4.019,29833.19,3.686,0.0,194.49
2024-01-01 00:19:33.500,BTCUSDT,BINANCE_USDT,29831.74,1.0231,29831.74,3.695,29833.23,3.597,0.0,199.90
2024-01-01 00:19:34.000,BTCUSDT,BINANCE_USDT,29829.46,0.2632,29829.46,4.119,29830.95,0.784,0.0,186.74
2024-01-01 00:19:34.500,BTCUSDT,BINANCE_USDT,29828.58,0.4751,29828.58,4.094,29830.08,0.868,0.0,142.09
2024-01-01 00:19:35.000,BTCUSDT,BINANCE_USDT,29830.59,1.1951,29829.84,0.595,29831.33,1.700,0.0,123.57
2024-01-01 00:19:35.500,BTCUSDT,BINANCE_USDT,29831.73,0.9822,29830.24,3.138,29831.73,2.394,0.0,141.72
2024-01-01 00:19:36.000,BTCUSDT,BINANCE_USDT,29830.24,0.4414,29830.24,1.999,29831.74,2.030,0.0,113.53
2024-01-01 00:19:36.500,BTCUSDT,BINANCE_USDT,29831.62,1.7094,29830.12,4.908,29831.62,4.690,0.0,126.87
2024-01-01 00:19:37.000,BTCUSDT,BINANCE_USDT,29831.50,1.2945,29830.76,3.127,29832.25,3.229,0.0,144.50
2024-01-01 00:19:37.500,BTCUSDT,BINANCE_USDT,29829.25,1.6386,29829.25,2.402,29830.75,3.289,0.0,109.73
2024-01-01 00:19:38.000,BTCUSDT,BINANCE_USDT,29827.63,0.2524,29827.63,0.693,29829.12,4.977,0.0,166.44
2024-01-01 00:19:38.500,BTCUSDT,BINANCE_USDT,29828.54,1.5465,29827.05,3.360,29828.54,4.004,0.0,105.41
2024-01-01 00:19:39.000,BTCUSDT,BINANCE_USDT,29829.44,1.4431,29827.95,3.655,29829.44,0.984,0.0,198.61
2024-01-01 00:19:39.500,BTCUSDT,BINANCE_USDT,29828.97,1.8088,29827.47,3.712,29828.97,4.196,0.0,148.33
2024-01-01 00:19:40.000,BTCUSDT,BINANCE_USDT,29828.76,0.2688,29827.26,1.643,29828.76,3.426,0.0,118.86
2024-01-01 00:19:40.500,BTCUSDT,BINANCE_USDT,29827.81,0.5299,29827.06,1.200,29828.55,2.415,0.0,123.93
2024-01-01 00:19:41.000,BTCUSDT,BINANCE_USDT,29827.73,0.9380,29826.98,0.535,29828.47,4.219,0.0,173.93
2024-01-01 00:19:41.500,BTCUSDT,BINANCE_USDT,29829.42,1.6415,29827.93,3.184,29829.42,3.856,0.0,165.83
2024-01-01 00:19:42.000,BTCUSDT,BINANCE_USDT,29829.89,1.9271,29829.15,1.076,29830.64,1.624,0.0,111.78
2024-01-01 00:19:42.500,BTCUSDT,BINANCE_USDT,29829.05,1.7220,29829.05,4.078,29830.54,3.134,0.0,198.06
2024-01-01 00:19:43.000,BTCUSDT,BINANCE_USDT,29832.18,1.5001,29830.69,1.464,29832.18,1.315,0.0,114.30
2024-01-01 00:19:43.500,BTCUSDT,BINANCE_USDT,29829.92,0.4813,29829.92,4.988,29831.41,4.233,0.0,173.51
2024-01-01 00:19:44.000,BTCUSDT,BINANCE_USDT,29832.38,0.1366,29832.38,4.822,29833.87,4.509,0.0,164.27
2024-01-01 00:19:44.500,BTCUSDT,BINANCE_USDT,29834.56,1.2805,29833.06,3.064,29834.56,2.054,0.0,127.63
2024-01-01 00:19:45.000,BTCUSDT,BINANCE_USDT,29836.09,1.7514,29835.34,4.363,29836.83,1.275,0.0,174.44
2024-01-01 00:19:45.500,BTCUSDT,BINANCE_USDT,29835.86,0.8481,29835.86,2.150,29837.35,4.002,0.0,118.22
2024-01-01 00:19:46.000,BTCUSDT,BINANCE_USDT,29836.05,1.6205,29835.31,2.429,29836.80,4.808,0.0,149.91
2024-01-01 00:19:46.500,BTCUSDT,BINANCE_USDT,29835.18,0.0288,29835.18,0.580,29836.67,3.637,0.0,127.22
2024-01-01 00:19:47.000,BTCUSDT,BINANCE_USDT,29835.04,1.9465,29835.04,4.950,29836.53,1.264,0.0,110.57
2024-01-01 00:19:47.500,BTCUSDT,BINANCE_USDT,29835.85,0.9638,29834.36,0.771,29835.85,1.809,0.0,193.38
2024-01-01 00:19:48.000,BTCUSDT,BINANCE_USDT,29836.51,1.8559,29835.77,3.697,29837.26,2.839,0.0,177.36
2024-01-01 00:19:48.500,BTCUSDT,BINANCE_USDT,29834.64,0.6223,29833.90,1.212,29835.39,3.845,0.0,134.45
2024-01-01 00:19:49.000,BTCUSDT,BINANCE_USDT,29832.82,1.2042,29831.33,3.445,29832.82,3.157,0.0,191.04
2024-01-01 00:19:49.500,BTCUSDT,BINANCE_USDT,29831.49,0.0620,29831.49,4.282,29832.98,4.978,0.0,128.13
2024-01-01 00:19:50.000,BTCUSDT,BINANCE_USDT,29832.61,1.5795,29831.12,2.163,29832.61,2.627,0.0,148.40
2024-01-01 00:19:50.500,BTCUSDT,BINANCE_USDT,29832.96,1.5811,29832.22,1.763,29833.71,2.843,0.0,100.75
2024-01-01 00:19:51.000,BTCUSDT,BINANCE_USDT,29834.44,0.6440,29832.95,1.724,29834.44,3.211,0.0,129.24
2024-01-01 00:19:51.500,BTCUSDT,BINANCE_USDT,29834.94,1.8624,29833.45,1.510,29834.94,3.486,0.0,161.75
2024-01-01 00:19:52.000,BTCUSDT,BINANCE_USDT,29834.88,1.7751,29834.14,1.675,29835.63,3.411,0.0,101.76
2024-01-01 00:19:52.500,BTCUSDT,BINANCE_USDT,29836.46,0.4329,29834.97,4.170,29836.46,2.871,0.0,186.14
2024-01-01 00:19:53.000,BTCUSDT,BINANCE_USDT,29836.06,1.6444,29834.57,1.852,29836.06,3.905,0.0,153.31
2024-01-01 00:19:53.500,BTCUSDT,BINANCE_USDT,29835.65,0.2607,29835.65,0.929,29837.14,4.381,0.0,131.30
2024-01-01 00:19:54.000,BTCUSDT,BINANCE_USDT,29835.74,1.3988,29835.74,1.208,29837.23,1.033,0.0,140.13
2024-01-01 00:19:54.500,BTCUSDT,BINANCE_USDT,29838.24,0.9914,29836.75,3.683,29838.24,1.313,0.0,173.89
2024-01-01 00:19:55.000,BTCUSDT,BINANCE_USDT,29834.30,0.0449,29834.30,2.767,29835.79,4.584,0.0,195.18
2024-01-01 00:19:55.500,BTCUSDT,BINANCE_USDT,29834.74,0.0950,29833.24,3.862,29834.74,1.645,0.0,184.27
2024-01-01 00:19:56.000,BTCUSDT,BINANCE_USDT,29834.71,1.6607,29833.97,2.778,29835.46,3.055,0.0,186.28
2024-01-01 00:19:56.500,BTCUSDT,BINANCE_USDT,29834.15,0.5104,29833.41,1.129,29834.90,2.732,0.0,121.71
2024-01-01 00:19:57.000,BTCUSDT,BINANCE_USDT,29831.49,0.1293,29831.49,1.421,29832.98,3.244,0.0,141.60
2024-01-01 00:19:57.500,BTCUSDT,BINANCE_USDT,29833.30,0.7999,29831.81,0.615,29833.30,0.511,0.0,165.29
2024-01-01 00:19:58.000,BTCUSDT,BINANCE_USDT,29833.27,0.3294,29833.27,3.335,29834.76,3.052,0.0,196.68
2024-01-01 00:19:58.500,BTCUSDT,BINANCE_USDT,29834.97,0.1514,29834.97,4.859,29836.46,1.286,0.0,152.73
2024-01-01 00:19:59.000,BTCUSDT,BINANCE_USDT,29836.59,1.9313,29835.84,4.328,29837.33,4.516,0.0,178.62
2024-01-01 00:19:59.500,BTCUSDT,BINANCE_USDT,29836.87,1.1642,29835.38,4.686,29836.87,4.739,0.0,174.50
2024-01-01 00:20:00.000,BTCUSDT,BINANCE_USDT,29835.49,1.6153,29835.49,3.039,29836.98,3.037,0.0,185.10
2024-01-01 00:20:00.500,BTCUSDT,BINANCE_USDT,29836.79,0.4127,29836.79,3.918,29838.29,1.151,0.0,174.76
2024-01-01 00:20:01.000,BTCUSDT,BINANCE_USDT,29837.13,0.3761,29837.13,1.127,29838.62,2.529,0.0,103.12
2024-01-01 00:20:01.500,BTCUSDT,BINANCE_USDT,29837.99,0.6675,29836.50,4.866,29837.99,1.689,0.0,176.33
2024-01-01 00:20:02.000,BTCUSDT,BINANCE_USDT,29835.31,0.2870,29835.31,3.660,29836.81,2.655,0.0,161.01
2024-01-01 00:20:02.500,BTCUSDT,BINANCE_USDT,29836.41,0.3051,29836.41,2.485,29837.90,2.298,0.0,102.79
2024-01-01 00:20:03.000,BTCUSDT,BINANCE_USDT,29835.51,0.3246,29835.51,2.973,29837.00,1.778,0.0,101.05
2024-01-01 00:20:03.500,BTCUSDT,BINANCE_USDT,29835.26,1.1589,29834.51,3.828,29836.00,4.518,0.0,182.80
2024-01-01 00:20:04.000,BTCUSDT,BINANCE_USDT,29836.28,0.3712,29834.79,2.505,29836.28,4.474,0.0,110.16
2024-01-01 00:20:04.500,BTCUSDT,BINANCE_USDT,29837.23,0.1970,29835.74,1.118,29837.23,1.660,0.0,107.74
2024-01-01 00:20:05.000,BTCUSDT,BINANCE_USDT,29835.09,0.5237,29835.09,2.233,29836.58,2.772,0.0,183.40
2024-01-01 00:20:05.500,BTCUSDT,BINANCE_USDT,29835.48,0.9473,29835.48,3.948,29836.97,1.710,0.0,130.86
2024-01-01 00:20:06.000,BTCUSDT,BINANCE_USDT,29836.01,0.2956,29835.26,2.450,29836.75,0.812,0.0,101.72
2024-01-01 00:20:06.500,BTCUSDT,BINANCE_USDT,29834.80,1.0974,29834.80,2.307,29836.29,4.420,0.0,144.14
2024-01-01 00:20:07.000,BTCUSDT,BINANCE_USDT,29836.32,0.1106,29834.82,4.719,29836.32,1.052,0.0,144.98
2024-01-01 00:20:07.500,BTCUSDT,BINANCE_USDT,29837.44,0.5816,29835.95,4.203,29837.44,3.171,0.0,101.60
2024-01-01 00:20:08.000,BTCUSDT,BINANCE_USDT,29837.68,0.0942,29836.19,1.653,29837.68,1.970,0.0,165.86
2024-01-01 00:20:08.500,BTCUSDT,BINANCE_USDT,29837.75,1.0827,29836.26,0.641,29837.75,2.303,0.0,197.91
2024-01-01 00:20:09.000,BTCUSDT,BINANCE_USDT,29835.56,1.6025,29834.06,2.751,29835.56,4.022,0.0,101.64
2024-01-01 00:20:09.500,BTCUSDT,BINANCE_USDT,29834.89,1.0510,29833.40,2.624,29834.89,2.941,0.0,155.08
2024-01-01 00:20:10.000,BTCUSDT,BINANCE_USDT,29831.10,1.4224,29831.10,0.751,29832.60,1.700,0.0,171.80
2024-01-01 00:20:10.500,BTCUSDT,BINANCE_USDT,29831.03,0.5609,29830.28,1.589,29831.77,2.974,0.0,107.11
2024-01-01 00:20:11.000,BTCUSDT,BINANCE_USDT,29831.48,1.8159,29831.48,2.545,29832.97,3.848,0.0,187.17
2024-01-01 00:20:11.500,BTCUSDT,BINANCE_USDT,29831.87,0.3246,29831.12,4.522,29832.62,1.704,0.0,122.38
2024-01-01 00:20:12.000,BTCUSDT,BINANCE_USDT,29830.66,1.2463,29830.66,1.240,29832.15,1.743,0.0,153.58
2024-01-01 00:20:12.500,BTCUSDT,BINANCE_USDT,29832.33,1.9649,29831.58,3.436,29833.08,4.667,0.0,152.59
2024-01-01 00:20:13.000,BTCUSDT,BINANCE_USDT,29832.01,1.9659,29830.52,2.868,29832.01,3.439,0.0,165.46
2024-01-01 00:20:13.500,BTCUSDT,BINANCE_USDT,29829.97,1.3475,29828.48,2.463,29829.97,3.389,0.0,154.24
2024-01-01 00:20:14.000,BTCUSDT,BINANCE_USDT,29828.96,1.8106,29828.96,1.190,29830.45,1.696,0.0,198.46
2024-01-01 00:20:14.500,BTCUSDT,BINANCE_USDT,29827.71,0.8999,29826.97,4.373,29828.46,1.607,0.0,168.62
2024-01-01 00:20:15.000,BTCUSDT,BINANCE_USDT,29825.87,0.1620,29825.87,1.884,29827.36,4.225,0.0,109.11
2024-01-01 00:20:15.500,BTCUSDT,BINANCE_USDT,29828.00,1.8876,29827.25,4.543,29828.74,3.265,0.0,111.09
2024-01-01 00:20:16.000,BTCUSDT,BINANCE_USDT,29824.73,1.4033,29824.73,4.536,29826.22,2.706,0.0,145.21
2024-01-01 00:20:16.500,BTCUSDT,BINANCE_USDT,29826.97,0.5621,29825.48,2.515,29826.97,4.809,0.0,158.14
2024-01-01 00:20:17.000,BTCUSDT,BINANCE_USDT,29826.55,1.8462,29825.06,2.485,29826.55,0.894,0.0,160.18
2024-01-01 00:20:17.500,BTCUSDT,BINANCE_USDT,29824.00,1.2000,29822.51,4.318,29824.00,3.367,0.0,144.51
2024-01-01 00:20:18.000,BTCUSDT,BINANCE_USDT,29824.05,0.5944,29824.05,2.427,29825.54,4.220,0.0,148.92
2024-01-01 00:20:18.500,BTCUSDT,BINANCE_USDT,29823.43,1.1419,29823.43,2.072,29824.92,4.565,0.0,140.70
2024-01-01 00:20:19.000,BTCUSDT,BINANCE_USDT,29827.45,1.0109,29825.96,2.727,29827.45,4.903,0.0,190.37
2024-01-01 00:20:19.500,BTCUSDT,BINANCE_USDT,29825.44,1.1138,29825.44,2.738,29826.93,1.256,0.0,101.09
2024-01-01 00:20:20.000,BTCUSDT,BINANCE_USDT,29827.71,1.5657,29826.22,2.522,29827.71,3.630,0.0,157.40
2024-01-01 00:20:20.500,BTCUSDT,BINANCE_USDT,29828.43,1.6502,29828.43,3.000,29829.92,0.951,0.0,126.53
2024-01-01 00:20:21.000,BTCUSDT,BINANCE_USDT,29829.80,0.9568,29828.31,3.752,29829.80,3.591,0.0,173.17
2024-01-01 00:20:21.500,BTCUSDT,BINANCE_USDT,29829.13,0.2928,29828.38,4.037,29829.87,2.953,0.0,156.01
2024-01-01 00:20:22.000,BTCUSDT,BINANCE_USDT,29828.88,0.3506,29828.88,2.721,29830.37,3.510,0.0,107.77
2024-01-01 00:20:22.500,BTCUSDT,BINANCE_USDT,29829.18,1.9364,29827.69,2.887,29829.18,3.470,0.0,178.78
2024-01-01 00:20:23.000,BTCUSDT,BINANCE_USDT,29828.61,1.8773,29828.61,3.177,29830.10,2.655,0.0,172.45
2024-01-01 00:20:23.500,BTCUSDT,BINANCE_USDT,29828.28,1.5383,29827.53,4.295,29829.03,1.265,0.0,171.17
2024-01-01 00:20:24.000,BTCUSDT,BINANCE_USDT,29828.41,0.4625,29827.66,3.614,29829.15,1.045,0.0,178.21
2024-01-01 00:20:24.500,BTCUSDT,BINANCE_USDT,29828.16,0.9855,29828.16,0.906,29829.65,2.720,0.0,181.33
2024-01-01 00:20:25.000,BTCUSDT,BINANCE_USDT,29827.41,0.5681,29827.41,3.686,29828.90,0.764,0.0,137.33
2024-01-01 00:20:25.500,BTCUSDT,BINANCE_USDT,29825.64,1.3186,29825.64,1.997,29827.13,0.812,0.0,174.27
2024-01-01 00:20:26.000,BTCUSDT,BINANCE_USDT,29825.89,0.3045,29825.89,2.010,29827.38,2.626,0.0,164.63
2024-01-01 00:20:26.500,BTCUSDT,BINANCE_USDT,29825.26,1.0327,29825.26,4.770,29826.75,3.386,0.0,190.89
2024-01-01 00:20:27.000,BTCUSDT,BINANCE_USDT,29826.94,1.3250,29825.45,0.925,29826.94,0.951,0.0,170.77
2024-01-01 00:20:27.500,BTCUSDT,BINANCE_USDT,29826.43,1.3643,29825.68,2.392,29827.18,1.285,0.0,127.97
2024-01-01 00:20:28.000,BTCUSDT,BINANCE_USDT,29826.50,1.2757,29826.50,1.582,29827.99,3.928,0.0,169.25
2024-01-01 00:20:28.500,BTCUSDT,BINANCE_USDT,29826.07,0.5481,29826.07,3.197,29827.56,3.470,0.0,153.56
2024-01-01 00:20:29.000,BTCUSDT,BINANCE_USDT,29827.96,0.0988,29826.47,3.956,29827.96,3.940,0.0,199.33
2024-01-01 00:20:29.500,BTCUSDT,BINANCE_USDT,29825.23,1.6189,29825.23,2.224,29826.73,1.774,0.0,109.14
2024-01-01 00:20:30.000,BTCUSDT,BINANCE_USDT,29826.68,0.5439,29825.93,4.860,29827.42,4.704,0.0,135.66
2024-01-01 00:20:30.500,BTCUSDT,BINANCE_USDT,29830.49,0.7855,29829.00,3.050,29830.49,1.069,0.0,176.80
2024-01-01 00:20:31.000,BTCUSDT,BINANCE_USDT,29828.27,1.7531,29827.52,1.102,29829.02,2.789,0.0,154.54
2024-01-01 00:20:31.500,BTCUSDT,BINANCE_USDT,29828.21,0.3547,29828.21,2.601,29829.70,1.627,0.0,151.88
2024-01-01 00:20:32.000,BTCUSDT,BINANCE_USDT,29829.16,0.1959,29827.67,0.836,29829.16,4.032,0.0,158.43
2024-01-01 00:20:32.500,BTCUSDT,BINANCE_USDT,29829.05,0.7492,29828.30,2.232,29829.79,1.186,0.0,142.35
2024-01-01 00:20:33.000,BTCUSDT,BINANCE_USDT,29828.03,0.0250,29828.03,0.837,29829.52,2.436,0.0,139.56
2024-01-01 00:20:33.500,BTCUSDT,BINANCE_USDT,29829.74,1.3820,29828.25,3.148,29829.74,4.549,0.0,157.47
2024-01-01 00:20:34.000,BTCUSDT,BINANCE_USDT,29827.99,1.7053,29827.24,3.870,29828.73,1.339,0.0,164.47
2024-01-01 00:20:34.500,BTCUSDT,BINANCE_USDT,29831.24,0.9716,29829.75,4.993,29831.24,3.514,0.0,141.18
2024-01-01 00:20:35.000,BTCUSDT,BINANCE_USDT,29831.62,1.8687,29830.13,0.775,29831.62,3.719,0.0,186.39
2024-01-01 00:20:35.500,BTCUSDT,BINANCE_USDT,29830.13,0.4824,29828.63,2.635,29830.13,2.153,0.0,198.78
2024-01-01 00:20:36.000,BTCUSDT,BINANCE_USDT,29829.66,0.7006,29829.66,3.831,29831.15,1.980,0.0,130.23
2024-01-01 00:20:36.500,BTCUSDT,BINANCE_USDT,29832.16,1.2560,29830.67,2.315,29832.16,0.943,0.0,176.53
2024-01-01 00:20:37.000,BTCUSDT,BINANCE_USDT,29831.12,1.8219,29830.37,2.198,29831.86,2.393,0.0,114.60
2024-01-01 00:20:37.500,BTCUSDT,BINANCE_USDT,29830.29,1.1685,29830.29,3.739,29831.78,3.028,0.0,132.39
2024-01-01 00:20:38.000,BTCUSDT,BINANCE_USDT,29831.65,0.7374,29830.16,2.397,29831.65,2.139,0.0,123.49
2024-01-01 00:20:38.500,BTCUSDT,BINANCE_USDT,29829.14,1.9710,29829.14,2.203,29830.63,0.535,0.0,119.09
2024-01-01 00:20:39.000,BTCUSDT,BINANCE_USDT,29829.29,0.2803,29829.29,3.710,29830.78,4.383,0.0,198.08
2024-01-01 00:20:39.500,BTCUSDT,BINANCE_USDT,29829.11,0.0073,29828.36,4.198,29829.86,2.979,0.0,100.70
2024-01-01 00:20:40.000,BTCUSDT,BINANCE_USDT,29826.59,0.5977,29826.59,2.199,29828.08,4.668,0.0,142.00
2024-01-01 00:20:40.500,BTCUSDT,BINANCE_USDT,29826.28,0.6248,29825.54,1.584,29827.03,1.323,0.0,109.69
2024-01-01 00:20:41.000,BTCUSDT,BINANCE_USDT,29823.85,0.5393,29823.85,4.163,29825.34,4.221,0.0,106.31
2024-01-01 00:20:41.500,BTCUSDT,BINANCE_USDT,29823.95,0.1314,29822.46,4.782,29823.95,4.406,0.0,159.70
2024-01-01 00:20:42.000,BTCUSDT,BINANCE_USDT,29822.29,1.8029,29822.29,3.746,29823.78,4.075,0.0,197.28
2024-01-01 00:20:42.500,BTCUSDT,BINANCE_USDT,29822.27,0.3029,29822.27,4.680,29823.76,1.816,0.0,172.46
2024-01-01 00:20:43.000,BTCUSDT,BINANCE_USDT,29821.88,0.3269,29821.14,4.301,29822.63,3.976,0.0,130.46
2024-01-01 00:20:43.500,BTCUSDT,BINANCE_USDT,29821.48,0.4783,29819.99,1.557,29821.48,0.924,0.0,131.26
2024-01-01 00:20:44.000,BTCUSDT,BINANCE_USDT,29821.65,0.3775,29821.65,2.663,29823.15,3.575,0.0,197.66
2024-01-01 00:20:44.500,BTCUSDT,BINANCE_USDT,29820.02,1.2601,29819.28,2.534,29820.77,2.144,0.0,165.16
2024-01-01 00:20:45.000,BTCUSDT,BINANCE_USDT,29817.54,0.0331,29817.54,2.055,29819.04,3.831,0.0,183.35
2024-01-01 00:20:45.500,BTCUSDT,BINANCE_USDT,29818.27,1.9647,29818.27,2.508,29819.76,3.378,0.0,125.01
2024-01-01 00:20:46.000,BTCUSDT,BINANCE_USDT,29817.23,1.4203,29816.48,3.291,29817.97,2.925,0.0,150.15
2024-01-01 00:20:46.500,BTCUSDT,BINANCE_USDT,29817.18,1.6589,29815.69,3.375,29817.18,2.757,0.0,136.96
2024-01-01 00:20:47.000,BTCUSDT,BINANCE_USDT,29816.61,1.2200,29815.12,1.943,29816.61,0.647,0.0,122.45
2024-01-01 00:20:47.500,BTCUSDT,BINANCE_USDT,29816.82,0.3025,29816.07,4.720,29817.56,4.044,0.0,142.84
2024-01-01 00:20:48.000,BTCUSDT,BINANCE_USDT,29814.68,1.8946,29814.68,4.138,29816.18,2.939,0.0,145.59
2024-01-01 00:20:48.500,BTCUSDT,BINANCE_USDT,29815.86,0.6091,29814.37,2.340,29815.86,3.131,0.0,137.84
2024-01-01 00:20:49.000,BTCUSDT,BINANCE_USDT,29812.58,0.8167,29812.58,1.175,29814.07,4.153,0.0,128.09
2024-01-01 00:20:49.500,BTCUSDT,BINANCE_USDT,29812.28,0.3294,29812.28,1.426,29813.78,2.890,0.0,114.56
2024-01-01 00:20:50.000,BTCUSDT,BINANCE_USDT,29813.14,1.2292,29811.65,0.715,29813.14,3.991,0.0,121.23
2024-01-01 00:20:50.500,BTCUSDT,BINANCE_USDT,29813.44,1.1459,29811.95,0.891,29813.44,1.131,0.0,134.91
2024-01-01 00:20:51.000,BTCUSDT,BINANCE_USDT,29813.82,1.1519,29812.33,4.878,29813.82,1.657,0.0,153.10
2024-01-01 00:20:51.500,BTCUSDT,BINANCE_USDT,29814.70,1.6892,29813.21,3.529,29814.70,1.813,0.0,164.67
2024-01-01 00:20:52.000,BTCUSDT,BINANCE_USDT,29812.91,1.9933,29812.16,3.072,29813.65,2.010,0.0,180.94
2024-01-01 00:20:52.500,BTCUSDT,BINANCE_USDT,29814.73,1.1292,29813.24,0.744,29814.73,3.568,0.0,113.85
2024-01-01 00:20:53.000,BTCUSDT,BINANCE_USDT,29812.50,1.8074,29812.50,1.457,29813.99,2.933,0.0,194.89
2024-01-01 00:20:53.500,BTCUSDT,BINANCE_USDT,29814.33,0.9294,29813.58,0.906,29815.07,2.673,0.0,199.54
2024-01-01 00:20:54.000,BTCUSDT,BINANCE_USDT,29814.71,1.3203,29813.97,3.656,29815.46,4.030,0.0,190.17
2024-01-01 00:20:54.500,BTCUSDT,BINANCE_USDT,29815.78,1.3975,29815.78,4.721,29817.27,2.152,0.0,183.83
2024-01-01 00:20:55.000,BTCUSDT,BINANCE_USDT,29815.05,1.7397,29815.05,1.971,29816.54,1.975,0.0,111.13
2024-01-01 00:20:55.500,BTCUSDT,BINANCE_USDT,29816.63,1.1091,29815.14,4.589,29816.63,2.540,0.0,156.73
2024-01-01 00:20:56.000,BTCUSDT,BINANCE_USDT,29815.69,1.8390,29814.20,4.860,29815.69,3.249,0.0,184.76
2024-01-01 00:20:56.500,BTCUSDT,BINANCE_USDT,29812.24,1.6445,29812.24,2.460,29813.73,2.561,0.0,137.04
2024-01-01 00:20:57.000,BTCUSDT,BINANCE_USDT,29810.60,1.9453,29810.60,3.798,29812.09,3.146,0.0,116.08
2024-01-01 00:20:57.500,BTCUSDT,BINANCE_USDT,29812.69,0.2211,29812.69,3.036,29814.18,3.689,0.0,192.15
2024-01-01 00:20:58.000,BTCUSDT,BINANCE_USDT,29812.58,0.4256,29812.58,4.052,29814.07,4.846,0.0,193.92
2024-01-01 00:20:58.500,BTCUSDT,BINANCE_USDT,29812.67,0.3325,29811.93,4.950,29813.42,4.141,0.0,110.13
2024-01-01 00:20:59.000,BTCUSDT,BINANCE_USDT,29812.47,0.2420,29811.73,4.751,29813.22,1.412,0.0,161.13
2024-01-01 00:20:59.500,BTCUSDT,BINANCE_USDT,29814.14,1.4537,29813.39,2.830,29814.89,0.554,0.0,185.08
2024-01-01 00:21:00.000,BTCUSDT,BINANCE_USDT,29813.10,0.1986,29813.10,1.009,29814.59,2.504,0.0,135.53
2024-01-01 00:21:00.500,BTCUSDT,BINANCE_USDT,29811.77,1.6799,29811.02,2.355,29812.52,2.232,0.0,151.63
2024-01-01 00:21:01.000,BTCUSDT,BINANCE_USDT,29813.20,0.3404,29811.71,0.508,29813.20,1.070,0.0,186.01
2024-01-01 00:21:01.500,BTCUSDT,BINANCE_USDT,29811.78,0.4879,29810.29,3.739,29811.78,2.346,0.0,192.43
2024-01-01 00:21:02.000,BTCUSDT,BINANCE_USDT,29811.55,1.9823,29810.81,3.343,29812.30,3.266,0.0,170.13
2024-01-01 00:21:02.500,BTCUSDT,BINANCE_USDT,29810.77,1.6917,29810.77,4.089,29812.26,2.103,0.0,168.76
2024-01-01 00:21:03.000,BTCUSDT,BINANCE_USDT,29810.41,1.4048,29810.41,4.531,29811.90,2.971,0.0,126.59
2024-01-01 00:21:03.500,BTCUSDT,BINANCE_USDT,29810.72,1.0847,29810.72,0.959,29812.21,1.093,0.0,173.71
2024-01-01 00:21:04.000,BTCUSDT,BINANCE_USDT,29810.10,1.5152,29810.10,2.173,29811.59,1.055,0.0,138.62
2024-01-01 00:21:04.500,BTCUSDT,BINANCE_USDT,29810.55,1.6812,29809.80,4.447,29811.29,1.198,0.0,139.41
2024-01-01 00:21:05.000,BTCUSDT,BINANCE_USDT,29810.38,0.3397,29809.63,1.549,29811.13,2.032,0.0,189.67
2024-01-01 00:21:05.500,BTCUSDT,BINANCE_USDT,29812.70,1.3922,29811.21,2.460,29812.70,4.018,0.0,163.39
2024-01-01 00:21:06.000,BTCUSDT,BINANCE_USDT,29811.72,0.7258,29810.98,2.402,29812.47,2.672,0.0,195.26
2024-01-01 00:21:06.500,BTCUSDT,BINANCE_USDT,29813.34,0.6824,29811.85,2.453,29813.34,2.398,0.0,168.15
2024-01-01 00:21:07.000,BTCUSDT,BINANCE_USDT,29813.16,0.9815,29812.42,2.672,29813.91,1.786,0.0,183.77
2024-01-01 00:21:07.500,BTCUSDT,BINANCE_USDT,29815.23,0.4263,29813.74,3.165,29815.23,2.323,0.0,181.81
2024-01-01 00:21:08.000,BTCUSDT,BINANCE_USDT,29815.17,0.0314,29813.68,4.678,29815.17,0.531,0.0,129.31
2024-01-01 00:21:08.500,BTCUSDT,BINANCE_USDT,29812.56,0.2899,29812.56,4.193,29814.05,3.392,0.0,160.69
2024-01-01 00:21:09.000,BTCUSDT,BINANCE_USDT,29812.25,1.3786,29812.25,1.990,29813.74,4.333,0.0,187.32
2024-01-01 00:21:09.500,BTCUSDT,BINANCE_USDT,29810.58,0.0162,29810.58,1.306,29812.07,1.223,0.0,103.28
2024-01-01 00:21:10.000,BTCUSDT,BINANCE_USDT,29810.41,0.1167,29810.41,1.644,29811.90,4.217,0.0,125.40
2024-01-01 00:21:10.500,BTCUSDT,BINANCE_USDT,29811.96,0.4663,29811.21,0.861,29812.70,4.223,0.0,168.20
2024-01-01 00:21:11.000,BTCUSDT,BINANCE_USDT,29812.97,0.5035,29811.48,4.086,29812.97,2.608,0.0,154.58
2024-01-01 00:21:11.500,BTCUSDT,BINANCE_USDT,29813.07,0.9172,29813.07,1.603,29814.56,0.638,0.0,135.06
2024-01-01 00:21:12.000,BTCUSDT,BINANCE_USDT,29812.65,0.8999,29811.16,2.745,29812.65,0.528,0.0,104.21
2024-01-01 00:21:12.500,BTCUSDT,BINANCE_USDT,29810.68,0.4367,29810.68,2.582,29812.17,4.493,0.0,170.62
2024-01-01 00:21:13.000,BTCUSDT,BINANCE_USDT,29811.97,0.4939,29810.48,3.105,29811.97,3.161,0.0,156.77
2024-01-01 00:21:13.500,BTCUSDT,BINANCE_USDT,29811.49,0.4701,29810.75,4.478,29812.24,4.876,0.0,182.64
2024-01-01 00:21:14.000,BTCUSDT,BINANCE_USDT,29812.86,1.8105,29812.12,4.777,29813.61,4.793,0.0,113.62
2024-01-01 00:21:14.500,BTCUSDT,BINANCE_USDT,29813.89,0.3979,29813.15,3.409,29814.64,4.030,0.0,135.65
2024-01-01 00:21:15.000,BTCUSDT,BINANCE_USDT,29815.36,1.0417,29814.61,3.170,29816.11,2.477,0.0,104.35
2024-01-01 00:21:15.500,BTCUSDT,BINANCE_USDT,29816.43,1.3456,29815.68,2.661,29817.17,0.808,0.0,123.57
2024-01-01 00:21:16.000,BTCUSDT,BINANCE_USDT,29814.63,1.3270,29814.63,3.038,29816.12,4.993,0.0,145.00
2024-01-01 00:21:16.500,BTCUSDT,BINANCE_USDT,29814.47,0.7136,29813.73,0.569,29815.22,3.902,0.0,169.63
2024-01-01 00:21:17.000,BTCUSDT,BINANCE_USDT,29814.09,0.2203,29814.09,4.589,29815.58,1.555,0.0,184.47
2024-01-01 00:21:17.500,BTCUSDT,BINANCE_USDT,29810.74,0.7988,29810.74,1.241,29812.23,2.469,0.0,122.44
2024-01-01 00:21:18.000,BTCUSDT,BINANCE_USDT,29811.64,0.6064,29810.15,1.787,29811.64,3.487,0.0,121.65
2024-01-01 00:21:18.500,BTCUSDT,BINANCE_USDT,29809.40,1.0128,29808.65,2.922,29810.14,2.276,0.0,116.37
2024-01-01 00:21:19.000,BTCUSDT,BINANCE_USDT,29809.89,1.3300,29809.15,4.562,29810.64,1.077,0.0,124.95
2024-01-01 00:21:19.500,BTCUSDT,BINANCE_USDT,29809.73,1.9298,29808.99,3.851,29810.48,3.654,0.0,165.12
2024-01-01 00:21:20.000,BTCUSDT,BINANCE_USDT,29811.59,0.2244,29811.59,3.456,29813.08,4.981,0.0,121.19
2024-01-01 00:21:20.500,BTCUSDT,BINANCE_USDT,29811.74,0.1544,29811.74,2.820,29813.23,2.766,0.0,195.69
2024-01-01 00:21:21.000,BTCUSDT,BINANCE_USDT,29812.16,1.1482,29812.16,3.834,29813.65,2.194,0.0,161.41
2024-01-01 00:21:21.500,BTCUSDT,BINANCE_USDT,29811.40,0.3177,29811.40,1.538,29812.89,1.960,0.0,144.27
2024-01-01 00:21:22.000,BTCUSDT,BINANCE_USDT,29813.78,1.9161,29812.29,2.584,29813.78,3.466,0.0,146.67
2024-01-01 00:21:22.500,BTCUSDT,BINANCE_USDT,29813.16,0.8139,29813.16,1.172,29814.66,3.088,0.0,179.62
2024-01-01 00:21:23.000,BTCUSDT,BINANCE_USDT,29813.38,1.0482,29813.38,1.616,29814.87,3.403,0.0,190.15
2024-01-01 00:21:23.500,BTCUSDT,BINANCE_USDT,29811.87,0.1009,29811.12,4.185,29812.61,4.953,0.0,192.64
2024-01-01 00:21:24.000,BTCUSDT,BINANCE_USDT,29810.56,1.8935,29810.56,2.080,29812.05,2.464,0.0,133.57
2024-01-01 00:21:24.500,BTCUSDT,BINANCE_USDT,29810.65,0.7496,29810.65,2.190,29812.14,4.582,0.0,133.96
2024-01-01 00:21:25.000,BTCUSDT,BINANCE_USDT,29811.10,1.1363,29809.61,4.744,29811.10,3.924,0.0,147.95
2024-01-01 00:21:25.500,BTCUSDT,BINANCE_USDT,29808.90,0.9936,29808.15,2.253,29809.64,1.864,0.0,128.79
2024-01-01 00:21:26.000,BTCUSDT,BINANCE_USDT,29810.20,1.1775,29808.71,0.502,29810.20,3.777,0.0,109.77
2024-01-01 00:21:26.500,BTCUSDT,BINANCE_USDT,29808.89,0.0557,29807.40,3.615,29808.89,2.825,0.0,176.80
2024-01-01 00:21:27.000,BTCUSDT,BINANCE_USDT,29807.51,1.3178,29806.77,4.378,29808.26,2.359,0.0,106.12
2024-01-01 00:21:27.500,BTCUSDT,BINANCE_USDT,29806.37,1.1275,29806.37,4.533,29807.86,4.784,0.0,107.79
2024-01-01 00:21:28.000,BTCUSDT,BINANCE_USDT,29809.18,1.6124,29807.69,1.357,29809.18,1.808,0.0,143.33
2024-01-01 00:21:28.500,BTCUSDT,BINANCE_USDT,29809.21,0.2971,29807.72,4.045,29809.21,4.578,0.0,150.62
2024-01-01 00:21:29.000,BTCUSDT,BINANCE_USDT,29808.06,1.1123,29806.57,3.838,29808.06,4.267,0.0,198.71
2024-01-01 00:21:29.500,BTCUSDT,BINANCE_USDT,29806.31,1.6282,29806.31,4.680,29807.81,4.438,0.0,153.94
2024-01-01 00:21:30.000,BTCUSDT,BINANCE_USDT,29805.23,1.1736,29804.48,0.686,29805.97,1.041,0.0,110.09
2024-01-01 00:21:30.500,BTCUSDT,BINANCE_USDT,29805.37,0.7422,29803.88,4.058,29805.37,1.618,0.0,114.38
2024-01-01 00:21:31.000,BTCUSDT,BINANCE_USDT,29803.17,1.7182,29801.68,4.267,29803.17,2.762,0.0,160.95
2024-01-01 00:21:31.500,BTCUSDT,BINANCE_USDT,29804.02,1.8053,29802.53,0.648,29804.02,1.031,0.0,136.72
2024-01-01 00:21:32.000,BTCUSDT,BINANCE_USDT,29803.96,0.6221,29803.22,0.666,29804.71,0.585,0.0,127.64
2024-01-01 00:21:32.500,BTCUSDT,BINANCE_USDT,29801.64,0.4973,29801.64,2.464,29803.13,4.839,0.0,198.57
2024-01-01 00:21:33.000,BTCUSDT,BINANCE_USDT,29800.93,0.4358,29799.44,1.978,29800.93,0.755,0.0,139.46
2024-01-01 00:21:33.500,BTCUSDT,BINANCE_USDT,29798.69,1.9269,29798.69,3.767,29800.18,4.634,0.0,189.25
2024-01-01 00:21:34.000,BTCUSDT,BINANCE_USDT,29800.18,0.3224,29798.69,0.990,29800.18,4.986,0.0,119.21
2024-01-01 00:21:34.500,BTCUSDT,BINANCE_USDT,29799.01,0.6876,29798.26,3.034,29799.75,3.434,0.0,133.36
2024-01-01 00:21:35.000,BTCUSDT,BINANCE_USDT,29801.10,1.2629,29799.61,4.508,29801.10,4.459,0.0,109.04
2024-01-01 00:21:35.500,BTCUSDT,BINANCE_USDT,29802.62,1.3625,29802.62,3.644,29804.11,2.095,0.0,179.13
2024-01-01 00:21:36.000,BTCUSDT,BINANCE_USDT,29804.75,0.7557,29804.75,3.501,29806.24,1.387,0.0,176.45
2024-01-01 00:21:36.500,BTCUSDT,BINANCE_USDT,29806.75,0.4186,29805.26,4.056,29806.75,1.862,0.0,164.17
2024-01-01 00:21:37.000,BTCUSDT,BINANCE_USDT,29806.21,1.5553,29804.72,1.455,29806.21,2.145,0.0,119.73
2024-01-01 00:21:37.500,BTCUSDT,BINANCE_USDT,29805.20,0.1414,29803.71,2.577,29805.20,3.353,0.0,135.00
2024-01-01 00:21:38.000,BTCUSDT,BINANCE_USDT,29806.72,0.5321,29805.23,2.688,29806.72,4.097,0.0,161.49
2024-01-01 00:21:38.500,BTCUSDT,BINANCE_USDT,29806.73,0.8581,29805.24,1.983,29806.73,2.934,0.0,145.66
2024-01-01 00:21:39.000,BTCUSDT,BINANCE_USDT,29808.04,1.2095,29806.55,3.100,29808.04,3.107,0.0,174.29
2024-01-01 00:21:39.500,BTCUSDT,BINANCE_USDT,29805.61,0.2427,29805.61,1.771,29807.10,2.677,0.0,129.46
2024-01-01 00:21:40.000,BTCUSDT,BINANCE_USDT,29805.31,1.7948,29803.82,4.990,29805.31,4.418,0.0,122.60
2024-01-01 00:21:40.500,BTCUSDT,BINANCE_USDT,29804.82,1.0521,29803.33,2.818,29804.82,2.390,0.0,130.22
2024-01-01 00:21:41.000,BTCUSDT,BINANCE_USDT,29805.73,1.2893,29804.24,0.679,29805.73,1.324,0.0,173.94
2024-01-01 00:21:41.500,BTCUSDT,BINANCE_USDT,29802.58,0.0089,29802.58,3.097,29804.07,1.855,0.0,170.06
2024-01-01 00:21:42.000,BTCUSDT,BINANCE_USDT,29802.90,0.1048,29802.16,4.806,29803.65,0.885,0.0,199.94
2024-01-01 00:21:42.500,BTCUSDT,BINANCE_USDT,29802.24,1.0673,29802.24,1.345,29803.73,4.986,0.0,158.88
2024-01-01 00:21:43.000,BTCUSDT,BINANCE_USDT,29802.07,0.0230,29802.07,1.831,29803.56,2.357,0.0,108.25
2024-01-01 00:21:43.500,BTCUSDT,BINANCE_USDT,29803.14,0.4874,29802.39,2.133,29803.88,2.450,0.0,103.63
2024-01-01 00:21:44.000,BTCUSDT,BINANCE_USDT,29802.94,0.8934,29802.19,4.963,29803.68,2.075,0.0,182.50
2024-01-01 00:21:44.500,BTCUSDT,BINANCE_USDT,29801.08,0.3150,29801.08,2.926,29802.57,4.929,0.0,129.00
2024-01-01 00:21:45.000,BTCUSDT,BINANCE_USDT,29801.01,1.5781,29801.01,4.942,29802.50,2.237,0.0,124.51
2024-01-01 00:21:45.500,BTCUSDT,BINANCE_USDT,29801.52,1.0233,29801.52,1.237,29803.01,4.860,0.0,178.24
2024-01-01 00:21:46.000,BTCUSDT,BINANCE_USDT,29805.51,0.8513,29804.76,4.732,29806.25,3.681,0.0,113.25
2024-01-01 00:21:46.500,BTCUSDT,BINANCE_USDT,29804.16,0.5554,29804.16,2.651,29805.65,3.683,0.0,176.89
2024-01-01 00:21:47.000,BTCUSDT,BINANCE_USDT,29804.16,0.8091,29803.41,3.906,29804.90,3.601,0.0,175.01
2024-01-01 00:21:47.500,BTCUSDT,BINANCE_USDT,29803.62,0.3422,29803.62,0.660,29805.11,0.522,0.0,107.87
2024-01-01 00:21:48.000,BTCUSDT,BINANCE_USDT,29807.32,1.0886,29806.57,0.570,29808.06,4.960,0.0,180.78
2024-01-01 00:21:48.500,BTCUSDT,BINANCE_USDT,29806.16,0.7575,29805.41,3.830,29806.90,4.178,0.0,147.10
2024-01-01 00:21:49.000,BTCUSDT,BINANCE_USDT,29809.06,1.4747,29807.57,1.664,29809.06,4.274,0.0,156.61
2024-01-01 00:21:49.500,BTCUSDT,BINANCE_USDT,29808.84,0.1148,29808.10,1.377,29809.59,2.830,0.0,119.91
2024-01-01 00:21:50.000,BTCUSDT,BINANCE_USDT,29808.02,0.8452,29807.27,2.279,29808.76,3.314,0.0,109.63
2024-01-01 00:21:50.500,BTCUSDT,BINANCE_USDT,29806.25,1.4133,29804.76,1.831,29806.25,4.742,0.0,178.51
2024-01-01 00:21:51.000,BTCUSDT,BINANCE_USDT,29805.24,1.1628,29804.50,4.636,29805.99,3.896,0.0,174.80
2024-01-01 00:21:51.500,BTCUSDT,BINANCE_USDT,29802.39,0.9742,29802.39,3.023,29803.88,0.965,0.0,129.63
2024-01-01 00:21:52.000,BTCUSDT,BINANCE_USDT,29799.00,0.8133,29798.26,2.808,29799.75,4.688,0.0,125.84
2024-01-01 00:21:52.500,BTCUSDT,BINANCE_USDT,29799.17,1.2397,29798.43,4.919,29799.92,2.749,0.0,173.73
2024-01-01 00:21:53.000,BTCUSDT,BINANCE_USDT,29798.56,0.3864,29797.07,4.968,29798.56,4.243,0.0,127.78
2024-01-01 00:21:53.500,BTCUSDT,BINANCE_USDT,29796.68,1.2312,29796.68,2.325,29798.17,2.406,0.0,158.99
2024-01-01 00:21:54.000,BTCUSDT,BINANCE_USDT,29796.86,0.0068,29796.12,1.575,29797.61,2.904,0.0,173.96
2024-01-01 00:21:54.500,BTCUSDT,BINANCE_USDT,29798.64,0.7921,29797.15,2.028,29798.64,1.074,0.0,131.64
2024-01-01 00:21:55.000,BTCUSDT,BINANCE_USDT,29797.65,0.9089,29796.91,3.926,29798.40,4.716,0.0,118.41
2024-01-01 00:21:55.500,BTCUSDT,BINANCE_USDT,29796.75,0.9176,29796.75,3.865,29798.24,2.510,0.0,188.34
2024-01-01 00:21:56.000,BTCUSDT,BINANCE_USDT,29795.64,0.4561,29794.89,4.224,29796.38,0.961,0.0,168.40
2024-01-01 00:21:56.500,BTCUSDT,BINANCE_USDT,29795.52,0.5819,29794.78,2.326,29796.27,3.785,0.0,137.22
2024-01-01 00:21:57.000,BTCUSDT,BINANCE_USDT,29794.14,1.8028,29793.40,2.401,29794.89,0.847,0.0,199.42
2024-01-01 00:21:57.500,BTCUSDT,BINANCE_USDT,29794.92,1.2748,29793.43,1.817,29794.92,1.347,0.0,144.46
2024-01-01 00:21:58.000,BTCUSDT,BINANCE_USDT,29791.77,1.4230,29791.02,4.218,29792.51,3.340,0.0,145.01
2024-01-01 00:21:58.500,BTCUSDT,BINANCE_USDT,29792.41,1.8152,29791.66,2.568,29793.15,2.904,0.0,131.57
2024-01-01 00:21:59.000,BTCUSDT,BINANCE_USDT,29793.36,0.2725,29793.36,0.851,29794.85,1.152,0.0,107.73
2024-01-01 00:21:59.500,BTCUSDT,BINANCE_USDT,29795.42,1.4526,29793.93,2.661,29795.42,2.436,0.0,112.52
2024-01-01 00:22:00.000,BTCUSDT,BINANCE_USDT,29796.49,1.1039,29795.75,3.348,29797.24,2.953,0.0,145.08
2024-01-01 00:22:00.500,BTCUSDT,BINANCE_USDT,29797.20,0.0198,29796.45,3.017,29797.94,2.580,0.0,108.71
2024-01-01 00:22:01.000,BTCUSDT,BINANCE_USDT,29798.98,0.8880,29797.49,4.724,29798.98,4.554,0.0,174.38
2024-01-01 00:22:01.500,BTCUSDT,BINANCE_USDT,29799.57,1.3272,29798.08,1.957,29799.57,1.725,0.0,127.31
2024-01-01 00:22:02.000,BTCUSDT,BINANCE_USDT,29800.55,1.4655,29800.55,2.885,29802.04,2.711,0.0,117.23
2024-01-01 00:22:02.500,BTCUSDT,BINANCE_USDT,29799.96,0.5261,29799.96,2.131,29801.45,2.208,0.0,166.55
2024-01-01 00:22:03.000,BTCUSDT,BINANCE_USDT,29798.81,0.7126,29798.81,1.308,29800.30,4.790,0.0,131.47
2024-01-01 00:22:03.500,BTCUSDT,BINANCE_USDT,29801.22,1.1553,29800.48,3.954,29801.97,3.526,0.0,145.43
2024-01-01 00:22:04.000,BTCUSDT,BINANCE_USDT,29801.73,1.7159,29800.24,1.987,29801.73,2.880,0.0,183.71
2024-01-01 00:22:04.500,BTCUSDT,BINANCE_USDT,29800.02,0.1410,29800.02,4.093,29801.51,4.445,0.0,116.13
2024-01-01 00:22:05.000,BTCUSDT,BINANCE_USDT,29799.47,1.1505,29798.73,3.860,29800.22,2.339,0.0,115.59
2024-01-01 00:22:05.500,BTCUSDT,BINANCE_USDT,29798.56,1.6912,29797.81,0.930,29799.30,2.815,0.0,184.52
2024-01-01 00:22:06.000,BTCUSDT,BINANCE_USDT,29798.30,0.3416,29797.56,0.782,29799.05,2.181,0.0,103.13
2024-01-01 00:22:06.500,BTCUSDT,BINANCE_USDT,29799.64,0.0504,29798.15,2.980,29799.64,2.168,0.0,186.22
2024-01-01 00:22:07.000,BTCUSDT,BINANCE_USDT,29797.05,1.5032,29797.05,3.789,29798.54,3.547,0.0,191.06
2024-01-01 00:22:07.500,BTCUSDT,BINANCE_USDT,29796.24,0.5002,29795.49,2.668,29796.98,4.671,0.0,153.66
2024-01-01 00:22:08.000,BTCUSDT,BINANCE_USDT,29797.78,0.7784,29797.78,4.439,29799.27,0.959,0.0,120.20
2024-01-01 00:22:08.500,BTCUSDT,BINANCE_USDT,29799.03,0.1948,29798.28,1.364,29799.77,4.915,0.0,138.13
2024-01-01 00:22:09.000,BTCUSDT,BINANCE_USDT,29799.84,0.6854,29799.84,3.550,29801.33,2.194,0.0,164.64
2024-01-01 00:22:09.500,BTCUSDT,BINANCE_USDT,29799.95,0.6661,29799.21,2.081,29800.70,1.820,0.0,140.48
2024-01-01 00:22:10.000,BTCUSDT,BINANCE_USDT,29796.44,1.7238,29795.70,3.818,29797.19,4.631,0.0,106.78
2024-01-01 00:22:10.500,BTCUSDT,BINANCE_USDT,29796.46,1.7240,29796.46,4.728,29797.95,2.609,0.0,104.38
2024-01-01 00:22:11.000,BTCUSDT,BINANCE_USDT,29797.41,0.5178,29796.66,3.236,29798.15,3.259,0.0,100.73
2024-01-01 00:22:11.500,BTCUSDT,BINANCE_USDT,29798.87,0.4390,29798.12,1.021,29799.61,2.334,0.0,186.01
2024-01-01 00:22:12.000,BTCUSDT,BINANCE_USDT,29796.01,1.9651,29796.01,0.556,29797.50,2.913,0.0,172.59
2024-01-01 00:22:12.500,BTCUSDT,BINANCE_USDT,29796.33,1.8566,29794.84,3.685,29796.33,0.969,0.0,156.47
2024-01-01 00:22:13.000,BTCUSDT,BINANCE_USDT,29798.64,1.5534,29797.90,1.192,29799.39,2.094,0.0,199.06
2024-01-01 00:22:13.500,BTCUSDT,BINANCE_USDT,29796.89,1.4859,29796.89,2.738,29798.38,2.194,0.0,119.31
2024-01-01 00:22:14.000,BTCUSDT,BINANCE_USDT,29800.00,0.9369,29798.51,0.518,29800.00,3.239,0.0,115.84
2024-01-01 00:22:14.500,BTCUSDT,BINANCE_USDT,29799.37,0.5951,29798.63,3.246,29800.12,2.378,0.0,112.04
2024-01-01 00:22:15.000,BTCUSDT,BINANCE_USDT,29800.32,0.0167,29798.83,4.438,29800.32,4.926,0.0,147.81
2024-01-01 00:22:15.500,BTCUSDT,BINANCE_USDT,29801.37,1.6103,29799.88,4.901,29801.37,0.941,0.0,192.18
2024-01-01 00:22:16.000,BTCUSDT,BINANCE_USDT,29799.25,0.9943,29799.25,4.257,29800.74,3.035,0.0,165.34
2024-01-01 00:22:16.500,BTCUSDT,BINANCE_USDT,29798.52,0.4571,29797.77,0.559,29799.26,3.754,0.0,123.93
2024-01-01 00:22:17.000,BTCUSDT,BINANCE_USDT,29797.80,1.5590,29797.06,4.969,29798.55,4.333,0.0,199.65
2024-01-01 00:22:17.500,BTCUSDT,BINANCE_USDT,29798.50,0.9246,29798.50,2.083,29799.99,1.277,0.0,153.07
2024-01-01 00:22:18.000,BTCUSDT,BINANCE_USDT,29800.24,0.0712,29798.75,4.437,29800.24,4.654,0.0,167.35
2024-01-01 00:22:18.500,BTCUSDT,BINANCE_USDT,29798.53,0.4111,29798.53,4.471,29800.02,3.513,0.0,122.75
2024-01-01 00:22:19.000,BTCUSDT,BINANCE_USDT,29799.72,1.2377,29799.72,4.043,29801.21,4.312,0.0,180.18
2024-01-01 00:22:19.500,BTCUSDT,BINANCE_USDT,29798.96,0.4525,29798.96,4.979,29800.45,3.742,0.0,183.64
2024-01-01 00:22:20.000,BTCUSDT,BINANCE_USDT,29799.53,1.5358,29798.78,1.141,29800.27,2.214,0.0,160.90
2024-01-01 00:22:20.500,BTCUSDT,BINANCE_USDT,29800.18,1.6416,29798.69,1.632,29800.18,2.678,0.0,197.14
2024-01-01 00:22:21.000,BTCUSDT,BINANCE_USDT,29799.14,0.4607,29798.39,4.765,29799.88,3.411,0.0,109.60
2024-01-01 00:22:21.500,BTCUSDT,BINANCE_USDT,29800.71,0.5539,29799.22,0.691,29800.71,1.970,0.0,106.83
2024-01-01 00:22:22.000,BTCUSDT,BINANCE_USDT,29799.67,0.5731,29798.18,0.857,29799.67,3.967,0.0,139.53
2024-01-01 00:22:22.500,BTCUSDT,BINANCE_USDT,29799.70,0.1066,29798.95,3.672,29800.44,2.047,0.0,191.74
2024-01-01 00:22:23.000,BTCUSDT,BINANCE_USDT,29800.53,0.2472,29799.04,1.386,29800.53,0.719,0.0,130.27
2024-01-01 00:22:23.500,BTCUSDT,BINANCE_USDT,29801.22,1.2582,29799.73,4.136,29801.22,4.151,0.0,121.82
2024-01-01 00:22:24.000,BTCUSDT,BINANCE_USDT,29798.95,1.0357,29798.20,1.926,29799.69,2.269,0.0,145.86
2024-01-01 00:22:24.500,BTCUSDT,BINANCE_USDT,29798.24,1.4985,29798.24,0.785,29799.73,0.691,0.0,174.72
2024-01-01 00:22:25.000,BTCUSDT,BINANCE_USDT,29797.62,0.5661,29797.62,4.984,29799.11,3.746,0.0,186.30
2024-01-01 00:22:25.500,BTCUSDT,BINANCE_USDT,29800.14,1.5915,29798.65,2.281,29800.14,2.370,0.0,104.47
2024-01-01 00:22:26.000,BTCUSDT,BINANCE_USDT,29798.37,0.6577,29798.37,2.008,29799.86,0.999,0.0,150.87
2024-01-01 00:22:26.500,BTCUSDT,BINANCE_USDT,29797.74,1.3493,29797.74,3.718,29799.23,2.152,0.0,140.97
2024-01-01 00:22:27.000,BTCUSDT,BINANCE_USDT,29797.91,1.5034,29797.91,3.247,29799.40,1.259,0.0,162.96
2024-01-01 00:22:27.500,BTCUSDT,BINANCE_USDT,29798.56,1.2473,29798.56,4.591,29800.05,1.523,0.0,102.40
2024-01-01 00:22:28.000,BTCUSDT,BINANCE_USDT,29800.09,0.2985,29799.34,0.979,29800.83,1.327,0.0,153.63
2024-01-01 00:22:28.500,BTCUSDT,BINANCE_USDT,29801.25,1.8665,29800.50,3.527,29801.99,1.672,0.0,146.09
2024-01-01 00:22:29.000,BTCUSDT,BINANCE_USDT,29802.64,0.3382,29801.15,1.087,29802.64,4.409,0.0,109.34
2024-01-01 00:22:29.500,BTCUSDT,BINANCE_USDT,29801.87,0.1853,29800.38,3.037,29801.87,0.863,0.0,197.73
2024-01-01 00:22:30.000,BTCUSDT,BINANCE_USDT,29801.16,1.0648,29800.42,0.920,29801.91,4.839,0.0,140.49
2024-01-01 00:22:30.500,BTCUSDT,BINANCE_USDT,29801.99,0.3108,29801.24,2.622,29802.73,4.527,0.0,197.88
2024-01-01 00:22:31.000,BTCUSDT,BINANCE_USDT,29803.48,1.4328,29802.74,2.886,29804.23,3.452,0.0,173.23
2024-01-01 00:22:31.500,BTCUSDT,BINANCE_USDT,29802.72,0.3607,29801.23,1.466,29802.72,0.939,0.0,110.03
2024-01-01 00:22:32.000,BTCUSDT,BINANCE_USDT,29802.38,0.7914,29801.63,1.251,29803.12,3.080,0.0,174.51
2024-01-01 00:22:32.500,BTCUSDT,BINANCE_USDT,29805.70,1.0192,29804.95,0.543,29806.45,1.204,0.0,170.77
2024-01-01 00:22:33.000,BTCUSDT,BINANCE_USDT,29806.26,1.8127,29804.77,4.598,29806.26,3.012,0.0,161.08
2024-01-01 00:22:33.500,BTCUSDT,BINANCE_USDT,29803.68,0.7484,29802.94,4.926,29804.43,4.411,0.0,174.75
2024-01-01 00:22:34.000,BTCUSDT,BINANCE_USDT,29803.26,0.4837,29803.26,1.033,29804.75,0.758,0.0,174.31
2024-01-01 00:22:34.500,BTCUSDT,BINANCE_USDT,29803.06,0.5612,29802.31,3.938,29803.80,3.109,0.0,173.63
2024-01-01 00:22:35.000,BTCUSDT,BINANCE_USDT,29804.40,1.2881,29802.91,4.352,29804.40,4.579,0.0,195.95
2024-01-01 00:22:35.500,BTCUSDT,BINANCE_USDT,29802.29,0.7202,29802.29,1.870,29803.78,4.721,0.0,105.28
2024-01-01 00:22:36.000,BTCUSDT,BINANCE_USDT,29804.16,0.5764,29803.42,0.771,29804.91,1.257,0.0,193.60
2024-01-01 00:22:36.500,BTCUSDT,BINANCE_USDT,29804.41,0.6444,29802.92,3.771,29804.41,2.749,0.0,188.52
2024-01-01 00:22:37.000,BTCUSDT,BINANCE_USDT,29803.33,1.7510,29803.33,0.574,29804.82,2.154,0.0,107.16
2024-01-01 00:22:37.500,BTCUSDT,BINANCE_USDT,29804.89,1.9988,29803.40,0.944,29804.89,4.987,0.0,120.19
2024-01-01 00:22:38.000,BTCUSDT,BINANCE_USDT,29806.61,1.4413,29805.12,1.897,29806.61,1.766,0.0,141.51
2024-01-01 00:22:38.500,BTCUSDT,BINANCE_USDT,29807.71,1.9630,29806.97,2.797,29808.46,1.715,0.0,124.61
2024-01-01 00:22:39.000,BTCUSDT,BINANCE_USDT,29806.69,1.4093,29805.20,2.228,29806.69,1.803,0.0,100.32
2024-01-01 00:22:39.500,BTCUSDT,BINANCE_USDT,29805.35,0.1306,29805.35,1.902,29806.84,4.110,0.0,100.57
2024-01-01 00:22:40.000,BTCUSDT,BINANCE_USDT,29806.94,1.1563,29806.19,2.576,29807.68,3.997,0.0,168.72
2024-01-01 00:22:40.500,BTCUSDT,BINANCE_USDT,29808.99,1.8378,29807.50,1.099,29808.99,1.081,0.0,148.13
2024-01-01 00:22:41.000,BTCUSDT,BINANCE_USDT,29808.68,0.2027,29808.68,3.111,29810.17,1.491,0.0,112.44
2024-01-01 00:22:41.500,BTCUSDT,BINANCE_USDT,29811.34,0.7067,29810.59,4.376,29812.08,1.933,0.0,112.92
2024-01-01 00:22:42.000,BTCUSDT,BINANCE_USDT,29810.78,0.3633,29809.29,3.412,29810.78,4.708,0.0,136.83
2024-01-01 00:22:42.500,BTCUSDT,BINANCE_USDT,29809.84,0.7038,29809.09,4.271,29810.58,2.874,0.0,176.36
2024-01-01 00:22:43.000,BTCUSDT,BINANCE_USDT,29810.86,0.1687,29810.86,2.646,29812.35,0.851,0.0,136.68
2024-01-01 00:22:43.500,BTCUSDT,BINANCE_USDT,29812.30,1.3754,29810.81,4.231,29812.30,3.635,0.0,187.87
2024-01-01 00:22:44.000,BTCUSDT,BINANCE_USDT,29811.99,0.8213,29811.24,2.488,29812.73,2.335,0.0,140.95
2024-01-01 00:22:44.500,BTCUSDT,BINANCE_USDT,29812.97,1.5678,29812.22,1.946,29813.71,2.384,0.0,150.40
2024-01-01 00:22:45.000,BTCUSDT,BINANCE_USDT,29813.62,0.4580,29812.88,2.227,29814.37,2.781,0.0,135.12
2024-01-01 00:22:45.500,BTCUSDT,BINANCE_USDT,29814.91,1.5538,29814.17,1.646,29815.66,5.000,0.0,144.01
2024-01-01 00:22:46.000,BTCUSDT,BINANCE_USDT,29815.58,0.5364,29814.09,4.373,29815.58,3.349,0.0,178.25
2024-01-01 00:22:46.500,BTCUSDT,BINANCE_USDT,29816.70,0.7519,29815.95,2.831,29817.44,4.239,0.0,115.60
2024-01-01 00:22:47.000,BTCUSDT,BINANCE_USDT,29816.76,1.5813,29815.27,3.435,29816.76,1.374,0.0,154.81
2024-01-01 00:22:47.500,BTCUSDT,BINANCE_USDT,29815.31,0.2688,29814.57,3.252,29816.06,4.294,0.0,119.25
2024-01-01 00:22:48.000,BTCUSDT,BINANCE_USDT,29814.90,1.3813,29814.90,3.962,29816.39,4.821,0.0,182.72
2024-01-01 00:22:48.500,BTCUSDT,BINANCE_USDT,29815.67,1.8733,29815.67,2.698,29817.16,4.011,0.0,130.43
2024-01-01 00:22:49.000,BTCUSDT,BINANCE_USDT,29815.64,0.0141,29814.89,2.000,29816.38,3.107,0.0,167.43
2024-01-01 00:22:49.500,BTCUSDT,BINANCE_USDT,29814.00,0.9901,29814.00,4.798,29815.49,3.788,0.0,116.64
2024-01-01 00:22:50.000,BTCUSDT,BINANCE_USDT,29816.26,0.7456,29815.51,3.544,29817.01,1.325,0.0,126.02
2024-01-01 00:22:50.500,BTCUSDT,BINANCE_USDT,29817.03,1.2340,29817.03,1.735,29818.52,1.346,0.0,173.82
2024-01-01 00:22:51.000,BTCUSDT,BINANCE_USDT,29817.97,1.6625,29817.97,2.207,29819.46,1.372,0.0,176.97
2024-01-01 00:22:51.500,BTCUSDT,BINANCE_USDT,29820.30,0.1962,29818.80,2.181,29820.30,2.642,0.0,104.24
2024-01-01 00:22:52.000,BTCUSDT,BINANCE_USDT,29820.31,1.4922,29819.57,2.335,29821.06,4.458,0.0,173.81
2024-01-01 00:22:52.500,BTCUSDT,BINANCE_USDT,29819.43,0.6009,29819.43,1.709,29820.92,3.054,0.0,178.00
2024-01-01 00:22:53.000,BTCUSDT,BINANCE_USDT,29820.64,1.2380,29819.14,4.969,29820.64,1.298,0.0,123.34
2024-01-01 00:22:53.500,BTCUSDT,BINANCE_USDT,29818.22,1.5949,29817.48,4.227,29818.97,3.515,0.0,130.65
2024-01-01 00:22:54.000,BTCUSDT,BINANCE_USDT,29814.73,1.5748,29814.73,1.353,29816.22,0.883,0.0,135.27
2024-01-01 00:22:54.500,BTCUSDT,BINANCE_USDT,29816.81,1.5065,29815.32,1.840,29816.81,3.532,0.0,179.52
2024-01-01 00:22:55.000,BTCUSDT,BINANCE_USDT,29817.14,1.1753,29815.65,1.257,29817.14,1.860,0.0,197.81
2024-01-01 00:22:55.500,BTCUSDT,BINANCE_USDT,29817.90,1.7265,29817.16,4.435,29818.65,0.937,0.0,146.72
2024-01-01 00:22:56.000,BTCUSDT,BINANCE_USDT,29816.11,0.9053,29816.11,3.405,29817.60,3.039,0.0,162.01
2024-01-01 00:22:56.500,BTCUSDT,BINANCE_USDT,29818.78,1.1631,29817.29,1.143,29818.78,0.969,0.0,121.90
2024-01-01 00:22:57.000,BTCUSDT,BINANCE_USDT,29817.30,1.9189,29816.55,3.492,29818.04,3.988,0.0,176.94
2024-01-01 00:22:57.500,BTCUSDT,BINANCE_USDT,29816.14,0.1068,29814.65,3.575,29816.14,3.059,0.0,196.60
2024-01-01 00:22:58.000,BTCUSDT,BINANCE_USDT,29814.85,0.6676,29814.85,2.667,29816.34,1.295,0.0,177.00
2024-01-01 00:22:58.500,BTCUSDT,BINANCE_USDT,29817.65,1.5886,29816.16,3.272,29817.65,4.493,0.0,114.43
2024-01-01 00:22:59.000,BTCUSDT,BINANCE_USDT,29814.30,1.2551,29814.30,2.653,29815.79,1.972,0.0,191.68
2024-01-01 00:22:59.500,BTCUSDT,BINANCE_USDT,29812.85,1.0825,29812.85,2.421,29814.34,0.507,0.0,124.79
2024-01-01 00:23:00.000,BTCUSDT,BINANCE_USDT,29811.33,1.1803,29811.33,1.849,29812.82,1.138,0.0,143.27
2024-01-01 00:23:00.500,BTCUSDT,BINANCE_USDT,29814.38,1.2844,29812.88,2.856,29814.38,2.626,0.0,165.34
2024-01-01 00:23:01.000,BTCUSDT,BINANCE_USDT,29811.27,1.8997,29811.27,2.201,29812.77,1.416,0.0,100.81
2024-01-01 00:23:01.500,BTCUSDT,BINANCE_USDT,29808.76,1.9675,29808.76,3.591,29810.25,0.565,0.0,166.82
2024-01-01 00:23:02.000,BTCUSDT,BINANCE_USDT,29809.25,0.5111,29808.51,3.138,29810.00,2.444,0.0,183.62
2024-01-01 00:23:02.500,BTCUSDT,BINANCE_USDT,29810.09,0.1649,29810.09,1.693,29811.58,2.003,0.0,135.15
2024-01-01 00:23:03.000,BTCUSDT,BINANCE_USDT,29810.73,0.4388,29810.73,4.253,29812.22,4.719,0.0,100.87
2024-01-01 00:23:03.500,BTCUSDT,BINANCE_USDT,29813.20,1.7820,29811.71,4.167,29813.20,4.004,0.0,124.39
2024-01-01 00:23:04.000,BTCUSDT,BINANCE_USDT,29809.78,1.3704,29809.78,3.595,29811.27,0.683,0.0,161.15
2024-01-01 00:23:04.500,BTCUSDT,BINANCE_USDT,29809.74,0.0545,29808.99,4.964,29810.48,4.029,0.0,169.43
2024-01-01 00:23:05.000,BTCUSDT,BINANCE_USDT,29811.23,0.0060,29809.74,1.740,29811.23,3.395,0.0,140.07
2024-01-01 00:23:05.500,BTCUSDT,BINANCE_USDT,29808.84,1.6579,29808.09,0.650,29809.58,0.676,0.0,163.35
2024-01-01 00:23:06.000,BTCUSDT,BINANCE_USDT,29811.03,0.2309,29809.54,3.997,29811.03,0.531,0.0,121.26
2024-01-01 00:23:06.500,BTCUSDT,BINANCE_USDT,29809.07,0.4588,29807.58,1.820,29809.07,3.495,0.0,142.11
2024-01-01 00:23:07.000,BTCUSDT,BINANCE_USDT,29810.77,1.0482,29810.02,4.451,29811.51,4.540,0.0,150.35
2024-01-01 00:23:07.500,BTCUSDT,BINANCE_USDT,29810.32,1.3368,29808.83,2.849,29810.32,4.303,0.0,171.94
2024-01-01 00:23:08.000,BTCUSDT,BINANCE_USDT,29810.32,0.4769,29809.57,1.352,29811.06,1.508,0.0,107.03
2024-01-01 00:23:08.500,BTCUSDT,BINANCE_USDT,29808.65,1.3863,29808.65,2.762,29810.14,0.589,0.0,143.67
2024-01-01 00:23:09.000,BTCUSDT,BINANCE_USDT,29809.42,0.8166,29808.68,2.331,29810.17,0.960,0.0,164.71
2024-01-01 00:23:09.500,BTCUSDT,BINANCE_USDT,29811.59,0.4320,29810.85,2.461,29812.34,3.330,0.0,159.27
2024-01-01 00:23:10.000,BTCUSDT,BINANCE_USDT,29812.59,1.3120,29812.59,4.557,29814.09,3.911,0.0,162.90
2024-01-01 00:23:10.500,BTCUSDT,BINANCE_USDT,29816.43,0.4358,29814.94,0.823,29816.43,4.207,0.0,141.77
2024-01-01 00:23:11.000,BTCUSDT,BINANCE_USDT,29816.88,1.7236,29816.88,2.831,29818.37,1.676,0.0,142.79
2024-01-01 00:23:11.500,BTCUSDT,BINANCE_USDT,29817.87,1.5688,29817.87,2.742,29819.36,2.367,0.0,121.29
2024-01-01 00:23:12.000,BTCUSDT,BINANCE_USDT,29817.44,0.8286,29816.69,3.319,29818.18,4.492,0.0,136.74
2024-01-01 00:23:12.500,BTCUSDT,BINANCE_USDT,29818.60,0.9368,29817.85,4.403,29819.35,1.711,0.0,168.49
2024-01-01 00:23:13.000,BTCUSDT,BINANCE_USDT,29820.35,0.7098,29820.35,1.904,29821.84,0.625,0.0,134.48
2024-01-01 00:23:13.500,BTCUSDT,BINANCE_USDT,29820.40,1.9187,29820.40,1.699,29821.89,2.333,0.0,124.72
2024-01-01 00:23:14.000,BTCUSDT,BINANCE_USDT,29821.26,0.2485,29820.51,1.144,29822.00,2.941,0.0,116.32
2024-01-01 00:23:14.500,BTCUSDT,BINANCE_USDT,29823.50,1.7518,29822.00,3.242,29823.50,2.533,0.0,191.50
2024-01-01 00:23:15.000,BTCUSDT,BINANCE_USDT,29825.45,0.1273,29823.96,3.564,29825.45,4.554,0.0,132.98
2024-01-01 00:23:15.500,BTCUSDT,BINANCE_USDT,29825.64,1.0357,29825.64,1.786,29827.13,2.828,0.0,141.21
2024-01-01 00:23:16.000,BTCUSDT,BINANCE_USDT,29825.15,0.4310,29825.15,2.094,29826.64,1.665,0.0,194.30
2024-01-01 00:23:16.500,BTCUSDT,BINANCE_USDT,29826.43,0.7911,29826.43,1.825,29827.92,3.907,0.0,173.24
2024-01-01 00:23:17.000,BTCUSDT,BINANCE_USDT,29827.49,1.4483,29827.49,2.314,29828.98,4.816,0.0,197.34
2024-01-01 00:23:17.500,BTCUSDT,BINANCE_USDT,29828.06,1.5059,29828.06,1.934,29829.55,4.701,0.0,183.29
2024-01-01 00:23:18.000,BTCUSDT,BINANCE_USDT,29829.16,1.3811,29828.41,0.993,29829.90,1.467,0.0,197.90
2024-01-01 00:23:18.500,BTCUSDT,BINANCE_USDT,29830.23,1.3411,29829.49,1.731,29830.98,4.015,0.0,193.45
2024-01-01 00:23:19.000,BTCUSDT,BINANCE_USDT,29831.37,1.0973,29829.88,1.813,29831.37,0.774,0.0,157.60
2024-01-01 00:23:19.500,BTCUSDT,BINANCE_USDT,29829.32,1.4610,29829.32,1.790,29830.81,0.961,0.0,151.61
2024-01-01 00:23:20.000,BTCUSDT,BINANCE_USDT,29831.66,1.2665,29830.91,3.123,29832.40,2.220,0.0,176.68
2024-01-01 00:23:20.500,BTCUSDT,BINANCE_USDT,29833.05,1.6221,29832.30,3.944,29833.79,2.680,0.0,144.20
2024-01-01 00:23:21.000,BTCUSDT,BINANCE_USDT,29833.51,0.3440,29832.76,2.891,29834.25,1.741,0.0,131.59
2024-01-01 00:23:21.500,BTCUSDT,BINANCE_USDT,29833.30,1.0840,29833.30,4.596,29834.79,2.932,0.0,126.19
2024-01-01 00:23:22.000,BTCUSDT,BINANCE_USDT,29836.07,1.4787,29834.58,4.271,29836.07,3.850,0.0,178.14
2024-01-01 00:23:22.500,BTCUSDT,BINANCE_USDT,29834.92,1.6446,29834.17,2.138,29835.66,2.813,0.0,100.95
2024-01-01 00:23:23.000,BTCUSDT,BINANCE_USDT,29834.03,0.1744,29834.03,1.308,29835.52,0.642,0.0,145.42
2024-01-01 00:23:23.500,BTCUSDT,BINANCE_USDT,29834.39,1.8033,29833.64,0.735,29835.13,0.889,0.0,157.72
2024-01-01 00:23:24.000,BTCUSDT,BINANCE_USDT,29836.07,0.1603,29834.58,3.609,29836.07,2.915,0.0,106.22
2024-01-01 00:23:24.500,BTCUSDT,BINANCE_USDT,29834.18,1.6202,29833.44,2.849,29834.93,0.737,0.0,131.72
2024-01-01 00:23:25.000,BTCUSDT,BINANCE_USDT,29832.91,1.8565,29832.17,4.102,29833.66,2.804,0.0,127.45
2024-01-01 00:23:25.500,BTCUSDT,BINANCE_USDT,29832.85,0.7900,29832.85,4.194,29834.34,1.733,0.0,162.69
2024-01-01 00:23:26.000,BTCUSDT,BINANCE_USDT,29833.75,0.9952,29833.00,1.977,29834.50,3.621,0.0,148.63
2024-01-01 00:23:26.500,BTCUSDT,BINANCE_USDT,29834.16,1.3580,29832.67,2.333,29834.16,2.834,0.0,111.88
2024-01-01 00:23:27.000,BTCUSDT,BINANCE_USDT,29832.83,0.9601,29832.08,3.417,29833.57,1.364,0.0,185.92
2024-01-01 00:23:27.500,BTCUSDT,BINANCE_USDT,29832.31,1.5958,29830.81,3.682,29832.31,2.766,0.0,184.56
2024-01-01 00:23:28.000,BTCUSDT,BINANCE_USDT,29832.94,0.0115,29832.20,1.103,29833.69,2.651,0.0,130.40
2024-01-01 00:23:28.500,BTCUSDT,BINANCE_USDT,29832.55,0.4093,29832.55,0.807,29834.04,1.097,0.0,149.17
2024-01-01 00:23:29.000,BTCUSDT,BINANCE_USDT,29833.52,1.7421,29832.03,4.408,29833.52,1.559,0.0,177.17
2024-01-01 00:23:29.500,BTCUSDT,BINANCE_USDT,29833.85,1.6407,29833.11,1.680,29834.60,2.775,0.0,145.16
2024-01-01 00:23:30.000,BTCUSDT,BINANCE_USDT,29830.64,1.1154,29830.64,2.686,29832.13,4.023,0.0,101.66
2024-01-01 00:23:30.500,BTCUSDT,BINANCE_USDT,29832.11,1.4816,29831.36,4.864,29832.86,1.770,0.0,197.10
2024-01-01 00:23:31.000,BTCUSDT,BINANCE_USDT,29831.16,0.6894,29831.16,4.579,29832.65,2.791,0.0,145.79
2024-01-01 00:23:31.500,BTCUSDT,BINANCE_USDT,29831.02,1.9960,29831.02,2.620,29832.51,2.175,0.0,179.98
2024-01-01 00:23:32.000,BTCUSDT,BINANCE_USDT,29830.91,1.1909,29830.16,1.726,29831.65,4.819,0.0,174.96
2024-01-01 00:23:32.500,BTCUSDT,BINANCE_USDT,29830.42,1.5241,29829.68,3.234,29831.17,3.933,0.0,192.52
2024-01-01 00:23:33.000,BTCUSDT,BINANCE_USDT,29830.21,0.7112,29828.72,1.027,29830.21,4.867,0.0,133.30
2024-01-01 00:23:33.500,BTCUSDT,BINANCE_USDT,29830.59,0.3342,29830.59,3.146,29832.08,3.938,0.0,175.94
2024-01-01 00:23:34.000,BTCUSDT,BINANCE_USDT,29833.64,0.9308,29832.15,2.763,29833.64,2.316,0.0,105.63
2024-01-01 00:23:34.500,BTCUSDT,BINANCE_USDT,29831.17,0.1592,29830.42,0.798,29831.91,3.636,0.0,104.59
2024-01-01 00:23:35.000,BTCUSDT,BINANCE_USDT,29832.63,0.7231,29831.89,1.592,29833.38,0.895,0.0,198.70
2024-01-01 00:23:35.500,BTCUSDT,BINANCE_USDT,29834.98,1.8146,29833.49,0.886,29834.98,2.002,0.0,124.72
2024-01-01 00:23:36.000,BTCUSDT,BINANCE_USDT,29833.62,0.6611,29832.87,2.821,29834.36,4.085,0.0,145.02
2024-01-01 00:23:36.500,BTCUSDT,BINANCE_USDT,29834.06,0.5355,29833.31,0.973,29834.80,3.783,0.0,124.65
2024-01-01 00:23:37.000,BTCUSDT,BINANCE_USDT,29834.53,0.1970,29834.53,2.162,29836.02,4.238,0.0,189.87
2024-01-01 00:23:37.500,BTCUSDT,BINANCE_USDT,29834.55,0.0381,29833.80,1.342,29835.30,3.468,0.0,153.96
2024-01-01 00:23:38.000,BTCUSDT,BINANCE_USDT,29836.22,0.6264,29834.73,4.159,29836.22,0.731,0.0,160.38
2024-01-01 00:23:38.500,BTCUSDT,BINANCE_USDT,29833.95,1.2170,29833.95,0.598,29835.44,0.866,0.0,186.53
2024-01-01 00:23:39.000,BTCUSDT,BINANCE_USDT,29836.02,0.6430,29834.53,0.657,29836.02,4.502,0.0,101.20
2024-01-01 00:23:39.500,BTCUSDT,BINANCE_USDT,29836.07,1.1990,29835.32,1.202,29836.81,3.075,0.0,107.11
2024-01-01 00:23:40.000,BTCUSDT,BINANCE_USDT,29834.33,1.3528,29834.33,3.570,29835.82,3.149,0.0,111.73
2024-01-01 00:23:40.500,BTCUSDT,BINANCE_USDT,29835.29,1.9826,29833.80,1.035,29835.29,2.213,0.0,196.30
2024-01-01 00:23:41.000,BTCUSDT,BINANCE_USDT,29833.48,1.7906,29833.48,4.671,29834.97,4.843,0.0,132.18
2024-01-01 00:23:41.500,BTCUSDT,BINANCE_USDT,29835.11,1.1037,29834.37,4.472,29835.86,3.742,0.0,144.33
2024-01-01 00:23:42.000,BTCUSDT,BINANCE_USDT,29835.47,1.0627,29834.73,0.836,29836.22,1.952,0.0,182.62
2024-01-01 00:23:42.500,BTCUSDT,BINANCE_USDT,29837.82,0.0672,29836.33,1.425,29837.82,2.051,0.0,168.05
2024-01-01 00:23:43.000,BTCUSDT,BINANCE_USDT,29835.82,0.3997,29835.82,3.056,29837.31,0.840,0.0,140.88
2024-01-01 00:23:43.500,BTCUSDT,BINANCE_USDT,29836.91,1.8957,29836.17,2.962,29837.66,1.076,0.0,131.03
2024-01-01 00:23:44.000,BTCUSDT,BINANCE_USDT,29837.12,0.9093,29837.12,2.014,29838.61,4.590,0.0,110.88
2024-01-01 00:23:44.500,BTCUSDT,BINANCE_USDT,29838.04,1.6329,29836.54,4.031,29838.04,3.705,0.0,110.80
2024-01-01 00:23:45.000,BTCUSDT,BINANCE_USDT,29838.24,1.7208,29838.24,0.807,29839.73,3.044,0.0,103.42
2024-01-01 00:23:45.500,BTCUSDT,BINANCE_USDT,29836.63,1.6046,29836.63,2.222,29838.12,4.185,0.0,196.77
2024-01-01 00:23:46.000,BTCUSDT,BINANCE_USDT,29837.99,1.4868,29836.50,3.930,29837.99,2.820,0.0,118.62
2024-01-01 00:23:46.500,BTCUSDT,BINANCE_USDT,29837.23,0.1633,29836.48,2.679,29837.97,1.491,0.0,125.78
2024-01-01 00:23:47.000,BTCUSDT,BINANCE_USDT,29838.23,0.0397,29836.73,2.232,29838.23,3.170,0.0,191.75
2024-01-01 00:23:47.500,BTCUSDT,BINANCE_USDT,29836.55,0.5374,29835.06,1.291,29836.55,4.901,0.0,152.71
2024-01-01 00:23:48.000,BTCUSDT,BINANCE_USDT,29835.46,1.3362,29833.97,4.977,29835.46,1.523,0.0,197.33
2024-01-01 00:23:48.500,BTCUSDT,BINANCE_USDT,29833.29,1.9154,29833.29,2.266,29834.78,3.868,0.0,146.76
2024-01-01 00:23:49.000,BTCUSDT,BINANCE_USDT,29836.61,0.8990,29835.12,2.990,29836.61,0.941,0.0,191.16
2024-01-01 00:23:49.500,BTCUSDT,BINANCE_USDT,29836.57,0.4946,29835.08,4.632,29836.57,2.339,0.0,165.96
2024-01-01 00:23:50.000,BTCUSDT,BINANCE_USDT,29835.93,1.6222,29835.93,3.750,29837.43,2.143,0.0,131.51
2024-01-01 00:23:50.500,BTCUSDT,BINANCE_USDT,29836.50,0.0889,29836.50,2.138,29837.99,4.236,0.0,121.76
2024-01-01 00:23:51.000,BTCUSDT,BINANCE_USDT,29841.00,1.1687,29839.50,3.013,29841.00,4.348,0.0,111.46
2024-01-01 00:23:51.500,BTCUSDT,BINANCE_USDT,29840.05,1.7539,29840.05,0.659,29841.54,1.681,0.0,164.38
2024-01-01 00:23:52.000,BTCUSDT,BINANCE_USDT,29839.40,1.9686,29839.40,1.004,29840.89,0.830,0.0,195.39
2024-01-01 00:23:52.500,BTCUSDT,BINANCE_USDT,29838.45,1.0740,29838.45,2.079,29839.94,3.458,0.0,136.30
2024-01-01 00:23:53.000,BTCUSDT,BINANCE_USDT,29838.17,1.3260,29837.42,0.904,29838.92,3.358,0.0,172.08
2024-01-01 00:23:53.500,BTCUSDT,BINANCE_USDT,29840.73,0.2056,29839.24,0.988,29840.73,3.467,0.0,107.55
2024-01-01 00:23:54.000,BTCUSDT,BINANCE_USDT,29839.43,0.6360,29838.69,4.516,29840.18,1.561,0.0,146.98
2024-01-01 00:23:54.500,BTCUSDT,BINANCE_USDT,29839.37,1.9143,29839.37,4.214,29840.86,3.346,0.0,175.14
2024-01-01 00:23:55.000,BTCUSDT,BINANCE_USDT,29838.78,1.1946,29838.78,0.634,29840.27,0.782,0.0,155.20
2024-01-01 00:23:55.500,BTCUSDT,BINANCE_USDT,29838.56,0.9527,29838.56,0.999,29840.05,4.119,0.0,153.11
2024-01-01 00:23:56.000,BTCUSDT,BINANCE_USDT,29836.15,0.5651,29836.15,3.753,29837.65,4.910,0.0,105.99
2024-01-01 00:23:56.500,BTCUSDT,BINANCE_USDT,29836.29,1.9154,29835.55,3.620,29837.04,1.239,0.0,165.73
2024-01-01 00:23:57.000,BTCUSDT,BINANCE_USDT,29837.99,1.7441,29837.99,1.774,29839.48,2.602,0.0,153.20
2024-01-01 00:23:57.500,BTCUSDT,BINANCE_USDT,29838.42,0.0474,29837.67,1.420,29839.17,4.052,0.0,196.98
2024-01-01 00:23:58.000,BTCUSDT,BINANCE_USDT,29837.00,1.4923,29837.00,4.868,29838.50,2.136,0.0,116.53
2024-01-01 00:23:58.500,BTCUSDT,BINANCE_USDT,29835.18,0.0451,29835.18,4.371,29836.67,2.765,0.0,198.18
2024-01-01 00:23:59.000,BTCUSDT,BINANCE_USDT,29837.07,1.2558,29837.07,2.831,29838.56,3.962,0.0,107.32
2024-01-01 00:23:59.500,BTCUSDT,BINANCE_USDT,29837.70,0.8318,29837.70,3.457,29839.19,4.975,0.0,107.59
2024-01-01 00:24:00.000,BTCUSDT,BINANCE_USDT,29838.67,0.5029,29837.92,4.829,29839.41,3.597,0.0,184.53
2024-01-01 00:24:00.500,BTCUSDT,BINANCE_USDT,29837.98,0.9794,29837.24,1.679,29838.73,3.794,0.0,159.56
2024-01-01 00:24:01.000,BTCUSDT,BINANCE_USDT,29838.47,1.1537,29837.73,4.531,29839.22,0.710,0.0,182.90
2024-01-01 00:24:01.500,BTCUSDT,BINANCE_USDT,29838.14,1.6358,29837.39,2.757,29838.88,2.605,0.0,153.01
2024-01-01 00:24:02.000,BTCUSDT,BINANCE_USDT,29838.25,1.1146,29838.25,1.959,29839.74,4.516,0.0,141.15
2024-01-01 00:24:02.500,BTCUSDT,BINANCE_USDT,29839.87,0.5011,29839.13,2.553,29840.62,3.579,0.0,157.23
2024-01-01 00:24:03.000,BTCUSDT,BINANCE_USDT,29842.37,0.2989,29840.88,2.707,29842.37,1.395,0.0,101.02
2024-01-01 00:24:03.500,BTCUSDT,BINANCE_USDT,29842.67,1.6445,29841.92,3.993,29843.41,4.801,0.0,139.24
2024-01-01 00:24:04.000,BTCUSDT,BINANCE_USDT,29841.67,1.6422,29841.67,2.420,29843.16,1.797,0.0,144.81
2024-01-01 00:24:04.500,BTCUSDT,BINANCE_USDT,29842.88,1.0815,29841.39,2.399,29842.88,4.892,0.0,191.75
2024-01-01 00:24:05.000,BTCUSDT,BINANCE_USDT,29840.99,0.2324,29840.24,1.160,29841.73,1.958,0.0,153.88
2024-01-01 00:24:05.500,BTCUSDT,BINANCE_USDT,29843.53,0.6847,29843.53,2.133,29845.03,3.371,0.0,153.89
2024-01-01 00:24:06.000,BTCUSDT,BINANCE_USDT,29844.71,1.4082,29843.21,1.795,29844.71,4.252,0.0,124.41
2024-01-01 00:24:06.500,BTCUSDT,BINANCE_USDT,29843.95,0.0400,29843.21,0.623,29844.70,3.395,0.0,115.30
2024-01-01 00:24:07.000,BTCUSDT,BINANCE_USDT,29843.69,0.5234,29843.69,0.637,29845.18,3.666,0.0,161.11
2024-01-01 00:24:07.500,BTCUSDT,BINANCE_USDT,29842.01,1.1651,29842.01,4.096,29843.50,3.963,0.0,108.41
2024-01-01 00:24:08.000,BTCUSDT,BINANCE_USDT,29843.95,0.6919,29843.95,1.544,29845.44,4.668,0.0,123.54
2024-01-01 00:24:08.500,BTCUSDT,BINANCE_USDT,29842.96,1.7908,29842.22,1.702,29843.71,2.720,0.0,115.98
2024-01-01 00:24:09.000,BTCUSDT,BINANCE_USDT,29841.11,0.5351,29839.61,3.113,29841.11,0.806,0.0,118.46
2024-01-01 00:24:09.500,BTCUSDT,BINANCE_USDT,29839.55,0.1369,29839.55,2.142,29841.05,2.316,0.0,154.95
2024-01-01 00:24:10.000,BTCUSDT,BINANCE_USDT,29841.35,1.2791,29839.86,0.664,29841.35,2.638,0.0,104.51
2024-01-01 00:24:10.500,BTCUSDT,BINANCE_USDT,29840.69,0.6744,29839.95,4.670,29841.44,4.387,0.0,143.67
2024-01-01 00:24:11.000,BTCUSDT,BINANCE_USDT,29843.08,0.4321,29841.59,1.315,29843.08,2.035,0.0,104.99
2024-01-01 00:24:11.500,BTCUSDT,BINANCE_USDT,29842.41,1.7653,29840.92,3.967,29842.41,3.960,0.0,142.57
2024-01-01 00:24:12.000,BTCUSDT,BINANCE_USDT,29842.38,1.4117,29842.38,3.156,29843.87,4.738,0.0,101.19
2024-01-01 00:24:12.500,BTCUSDT,BINANCE_USDT,29843.04,0.9084,29842.29,1.252,29843.79,1.743,0.0,121.36
2024-01-01 00:24:13.000,BTCUSDT,BINANCE_USDT,29842.98,1.5676,29841.49,1.358,29842.98,4.798,0.0,134.68
2024-01-01 00:24:13.500,BTCUSDT,BINANCE_USDT,29841.60,0.0343,29841.60,3.385,29843.09,1.324,0.0,107.29
2024-01-01 00:24:14.000,BTCUSDT,BINANCE_USDT,29842.96,1.4031,29842.96,2.944,29844.45,3.459,0.0,146.70
2024-01-01 00:24:14.500,BTCUSDT,BINANCE_USDT,29843.87,1.0455,29842.37,3.586,29843.87,0.665,0.0,100.92
2024-01-01 00:24:15.000,BTCUSDT,BINANCE_USDT,29845.65,1.8469,29844.16,3.187,29845.65,1.367,0.0,138.30
2024-01-01 00:24:15.500,BTCUSDT,BINANCE_USDT,29843.51,0.9612,29842.77,0.769,29844.26,4.465,0.0,124.77
2024-01-01 00:24:16.000,BTCUSDT,BINANCE_USDT,29843.33,0.2499,29842.58,3.844,29844.07,1.329,0.0,141.12
2024-01-01 00:24:16.500,BTCUSDT,BINANCE_USDT,29841.55,1.1729,29841.55,4.024,29843.04,3.364,0.0,149.62
2024-01-01 00:24:17.000,BTCUSDT,BINANCE_USDT,29841.33,1.3260,29841.33,2.030,29842.82,3.760,0.0,158.12
2024-01-01 00:24:17.500,BTCUSDT,BINANCE_USDT,29841.23,0.0523,29841.23,2.880,29842.72,1.411,0.0,114.93
2024-01-01 00:24:18.000,BTCUSDT,BINANCE_USDT,29842.88,0.3721,29842.13,3.572,29843.62,3.476,0.0,183.30
2024-01-01 00:24:18.500,BTCUSDT,BINANCE_USDT,29840.63,1.7541,29840.63,3.473,29842.12,2.877,0.0,197.51
2024-01-01 00:24:19.000,BTCUSDT,BINANCE_USDT,29840.03,1.2783,29839.28,1.151,29840.77,2.375,0.0,121.56
2024-01-01 00:24:19.500,BTCUSDT,BINANCE_USDT,29841.90,0.3551,29841.90,2.932,29843.39,3.360,0.0,125.13
2024-01-01 00:24:20.000,BTCUSDT,BINANCE_USDT,29841.43,1.5398,29840.68,1.847,29842.17,3.082,0.0,167.38
2024-01-01 00:24:20.500,BTCUSDT,BINANCE_USDT,29840.89,0.6135,29840.89,3.242,29842.38,0.716,0.0,199.71
2024-01-01 00:24:21.000,BTCUSDT,BINANCE_USDT,29844.05,0.8368,29842.56,4.319,29844.05,2.962,0.0,106.32
2024-01-01 00:24:21.500,BTCUSDT,BINANCE_USDT,29844.65,0.0968,29844.65,3.741,29846.14,3.098,0.0,102.88
2024-01-01 00:24:22.000,BTCUSDT,BINANCE_USDT,29845.80,0.3824,29845.05,4.079,29846.55,4.525,0.0,147.53
2024-01-01 00:24:22.500,BTCUSDT,BINANCE_USDT,29846.22,1.7939,29845.47,2.436,29846.96,1.226,0.0,111.31
2024-01-01 00:24:23.000,BTCUSDT,BINANCE_USDT,29846.93,1.7255,29845.44,1.831,29846.93,1.795,0.0,184.54
2024-01-01 00:24:23.500,BTCUSDT,BINANCE_USDT,29846.22,0.1509,29844.73,0.988,29846.22,4.471,0.0,191.87
2024-01-01 00:24:24.000,BTCUSDT,BINANCE_USDT,29845.10,1.6988,29845.10,0.704,29846.59,4.582,0.0,160.07
2024-01-01 00:24:24.500,BTCUSDT,BINANCE_USDT,29843.11,1.1407,29842.36,3.996,29843.85,4.923,0.0,171.68
2024-01-01 00:24:25.000,BTCUSDT,BINANCE_USDT,29843.13,1.0607,29841.63,4.922,29843.13,4.923,0.0,165.94
2024-01-01 00:24:25.500,BTCUSDT,BINANCE_USDT,29840.14,0.0171,29840.14,3.025,29841.63,1.402,0.0,196.94
2024-01-01 00:24:26.000,BTCUSDT,BINANCE_USDT,29839.83,0.0198,29838.33,4.932,29839.83,4.379,0.0,131.84
2024-01-01 00:24:26.500,BTCUSDT,BINANCE_USDT,29837.88,1.6840,29837.88,3.151,29839.38,3.457,0.0,195.62
2024-01-01 00:24:27.000,BTCUSDT,BINANCE_USDT,29839.42,0.5539,29837.93,3.423,29839.42,0.504,0.0,167.33
2024-01-01 00:24:27.500,BTCUSDT,BINANCE_USDT,29838.58,0.6222,29837.09,0.771,29838.58,3.316,0.0,170.15
2024-01-01 00:24:28.000,BTCUSDT,BINANCE_USDT,29837.10,0.3011,29837.10,4.773,29838.59,3.081,0.0,134.84
2024-01-01 00:24:28.500,BTCUSDT,BINANCE_USDT,29838.64,0.6779,29838.64,3.382,29840.13,2.719,0.0,198.82
2024-01-01 00:24:29.000,BTCUSDT,BINANCE_USDT,29842.18,0.5791,29840.68,2.464,29842.18,3.789,0.0,185.92
2024-01-01 00:24:29.500,BTCUSDT,BINANCE_USDT,29840.96,0.4736,29840.22,2.061,29841.71,1.994,0.0,189.54
2024-01-01 00:24:30.000,BTCUSDT,BINANCE_USDT,29844.44,1.5093,29842.94,1.872,29844.44,4.024,0.0,121.70
2024-01-01 00:24:30.500,BTCUSDT,BINANCE_USDT,29843.46,0.3387,29841.97,4.948,29843.46,2.332,0.0,161.12
2024-01-01 00:24:31.000,BTCUSDT,BINANCE_USDT,29840.96,1.5807,29840.21,3.873,29841.70,2.172,0.0,168.67
2024-01-01 00:24:31.500,BTCUSDT,BINANCE_USDT,29843.25,1.9095,29841.76,2.933,29843.25,0.917,0.0,168.55
2024-01-01 00:24:32.000,BTCUSDT,BINANCE_USDT,29840.93,1.8621,29840.93,2.266,29842.42,2.733,0.0,107.46
2024-01-01 00:24:32.500,BTCUSDT,BINANCE_USDT,29845.18,0.4660,29843.69,3.192,29845.18,3.672,0.0,116.11
2024-01-01 00:24:33.000,BTCUSDT,BINANCE_USDT,29845.41,1.7702,29844.66,1.776,29846.15,0.837,0.0,113.60
2024-01-01 00:24:33.500,BTCUSDT,BINANCE_USDT,29846.53,0.9698,29845.04,4.532,29846.53,4.793,0.0,132.50
2024-01-01 00:24:34.000,BTCUSDT,BINANCE_USDT,29844.50,0.7252,29844.50,3.422,29845.99,2.914,0.0,113.28
2024-01-01 00:24:34.500,BTCUSDT,BINANCE_USDT,29843.91,0.3119,29843.91,3.263,29845.40,2.627,0.0,192.12
2024-01-01 00:24:35.000,BTCUSDT,BINANCE_USDT,29845.06,1.8183,29843.57,4.494,29845.06,2.751,0.0,192.99
2024-01-01 00:24:35.500,BTCUSDT,BINANCE_USDT,29844.30,1.0046,29843.56,3.662,29845.05,3.923,0.0,193.94
2024-01-01 00:24:36.000,BTCUSDT,BINANCE_USDT,29845.33,1.2195,29844.58,3.408,29846.07,3.557,0.0,196.22
2024-01-01 00:24:36.500,BTCUSDT,BINANCE_USDT,29843.46,0.1165,29843.46,1.709,29844.96,4.758,0.0,197.97
2024-01-01 00:24:37.000,BTCUSDT,BINANCE_USDT,29842.46,1.2425,29842.46,2.159,29843.96,0.855,0.0,144.58
2024-01-01 00:24:37.500,BTCUSDT,BINANCE_USDT,29845.43,0.9562,29843.94,4.121,29845.43,3.974,0.0,191.60
2024-01-01 00:24:38.000,BTCUSDT,BINANCE_USDT,29845.62,0.4441,29844.88,1.992,29846.37,2.561,0.0,193.30
2024-01-01 00:24:38.500,BTCUSDT,BINANCE_USDT,29844.63,0.0984,29844.63,4.222,29846.12,1.875,0.0,185.65
2024-01-01 00:24:39.000,BTCUSDT,BINANCE_USDT,29844.63,0.1542,29844.63,2.254,29846.12,1.472,0.0,140.41
2024-01-01 00:24:39.500,BTCUSDT,BINANCE_USDT,29849.82,0.6174,29848.32,4.642,29849.82,0.901,0.0,150.48
2024-01-01 00:24:40.000,BTCUSDT,BINANCE_USDT,29848.62,0.2266,29847.13,4.391,29848.62,3.234,0.0,137.21
2024-01-01 00:24:40.500,BTCUSDT,BINANCE_USDT,29849.82,1.8873,29848.33,3.947,29849.82,4.142,0.0,198.45
2024-01-01 00:24:41.000,BTCUSDT,BINANCE_USDT,29847.12,1.6509,29846.37,2.558,29847.86,3.755,0.0,147.51
2024-01-01 00:24:41.500,BTCUSDT,BINANCE_USDT,29848.10,1.5875,29846.61,1.681,29848.10,4.529,0.0,106.87
2024-01-01 00:24:42.000,BTCUSDT,BINANCE_USDT,29847.19,1.3975,29846.44,4.716,29847.93,3.376,0.0,120.71
2024-01-01 00:24:42.500,BTCUSDT,BINANCE_USDT,29846.90,0.6857,29845.41,4.707,29846.90,3.379,0.0,182.04
2024-01-01 00:24:43.000,BTCUSDT,BINANCE_USDT,29845.87,0.2298,29845.13,3.734,29846.62,2.010,0.0,177.78
2024-01-01 00:24:43.500,BTCUSDT,BINANCE_USDT,29846.33,0.5582,29844.83,3.042,29846.33,1.735,0.0,144.99
2024-01-01 00:24:44.000,BTCUSDT,BINANCE_USDT,29847.09,0.3170,29845.60,4.816,29847.09,2.625,0.0,168.43
2024-01-01 00:24:44.500,BTCUSDT,BINANCE_USDT,29845.35,1.0443,29844.60,4.583,29846.10,1.823,0.0,103.71
2024-01-01 00:24:45.000,BTCUSDT,BINANCE_USDT,29845.45,0.9085,29844.70,2.568,29846.19,2.935,0.0,173.59
2024-01-01 00:24:45.500,BTCUSDT,BINANCE_USDT,29845.24,0.8441,29844.49,2.756,29845.98,3.321,0.0,129.71
2024-01-01 00:24:46.000,BTCUSDT,BINANCE_USDT,29845.99,1.4523,29845.24,0.644,29846.73,3.052,0.0,106.99
2024-01-01 00:24:46.500,BTCUSDT,BINANCE_USDT,29847.00,0.6138,29845.51,4.087,29847.00,4.662,0.0,197.74
2024-01-01 00:24:47.000,BTCUSDT,BINANCE_USDT,29845.76,0.4398,29845.76,0.768,29847.25,1.875,0.0,115.62
2024-01-01 00:24:47.500,BTCUSDT,BINANCE_USDT,29846.37,1.7212,29846.37,4.090,29847.86,1.063,0.0,150.95
2024-01-01 00:24:48.000,BTCUSDT,BINANCE_USDT,29846.87,1.4192,29846.87,0.592,29848.36,2.021,0.0,160.62
2024-01-01 00:24:48.500,BTCUSDT,BINANCE_USDT,29848.20,1.5880,29846.71,3.852,29848.20,1.302,0.0,156.72
2024-01-01 00:24:49.000,BTCUSDT,BINANCE_USDT,29847.14,0.3964,29845.65,2.442,29847.14,3.842,0.0,124.78
2024-01-01 00:24:49.500,BTCUSDT,BINANCE_USDT,29848.49,0.5798,29847.75,2.885,29849.24,3.658,0.0,157.06
2024-01-01 00:24:50.000,BTCUSDT,BINANCE_USDT,29850.35,0.8321,29850.35,1.318,29851.85,3.783,0.0,184.21
2024-01-01 00:24:50.500,BTCUSDT,BINANCE_USDT,29851.13,0.6080,29850.38,4.295,29851.87,1.752,0.0,112.76
2024-01-01 00:24:51.000,BTCUSDT,BINANCE_USDT,29852.07,0.3123,29850.57,4.122,29852.07,0.667,0.0,169.24
2024-01-01 00:24:51.500,BTCUSDT,BINANCE_USDT,29851.50,0.6300,29850.76,2.664,29852.25,2.816,0.0,162.41
2024-01-01 00:24:52.000,BTCUSDT,BINANCE_USDT,29851.01,1.7063,29850.27,3.545,29851.76,3.945,0.0,113.31
2024-01-01 00:24:52.500,BTCUSDT,BINANCE_USDT,29849.37,1.1141,29848.62,2.565,29850.11,1.410,0.0,163.36
2024-01-01 00:24:53.000,BTCUSDT,BINANCE_USDT,29850.27,0.4351,29849.52,0.756,29851.01,3.475,0.0,124.40
2024-01-01 00:24:53.500,BTCUSDT,BINANCE_USDT,29850.70,1.3075,29849.96,3.300,29851.45,0.959,0.0,164.48
2024-01-01 00:24:54.000,BTCUSDT,BINANCE_USDT,29850.22,0.9253,29850.22,3.569,29851.72,0.648,0.0,155.45
2024-01-01 00:24:54.500,BTCUSDT,BINANCE_USDT,29850.52,1.1370,29850.52,1.441,29852.02,4.446,0.0,192.99
2024-01-01 00:24:55.000,BTCUSDT,BINANCE_USDT,29851.56,0.1162,29851.56,4.303,29853.05,3.762,0.0,142.51
2024-01-01 00:24:55.500,BTCUSDT,BINANCE_USDT,29850.19,0.7269,29849.44,3.125,29850.94,4.582,0.0,165.05
2024-01-01 00:24:56.000,BTCUSDT,BINANCE_USDT,29849.91,1.3966,29849.16,3.309,29850.65,0.926,0.0,107.08
2024-01-01 00:24:56.500,BTCUSDT,BINANCE_USDT,29848.80,0.9495,29848.80,0.899,29850.29,2.141,0.0,193.89
2024-01-01 00:24:57.000,BTCUSDT,BINANCE_USDT,29850.61,1.1060,29849.86,4.872,29851.36,3.536,0.0,155.47
2024-01-01 00:24:57.500,BTCUSDT,BINANCE_USDT,29849.97,0.8579,29849.97,1.503,29851.46,3.076,0.0,196.93
2024-01-01 00:24:58.000,BTCUSDT,BINANCE_USDT,29850.73,1.6418,29849.98,0.660,29851.47,3.840,0.0,107.01
2024-01-01 00:24:58.500,BTCUSDT,BINANCE_USDT,29852.42,0.8373,29850.93,1.417,29852.42,3.080,0.0,149.01
2024-01-01 00:24:59.000,BTCUSDT,BINANCE_USDT,29853.08,0.0745,29852.33,2.455,29853.82,3.506,0.0,165.54
2024-01-01 00:24:59.500,BTCUSDT,BINANCE_USDT,29853.38,0.5237,29851.88,2.655,29853.38,4.686,0.0,178.75
2024-01-01 00:25:00.000,BTCUSDT,BINANCE_USDT,29852.85,0.9882,29852.11,0.638,29853.60,1.443,0.0,117.37
2024-01-01 00:25:00.500,BTCUSDT,BINANCE_USDT,29853.98,0.9786,29852.49,3.864,29853.98,1.899,0.0,180.87
2024-01-01 00:25:01.000,BTCUSDT,BINANCE_USDT,29853.88,0.6968,29853.13,4.443,29854.62,3.093,0.0,107.74
2024-01-01 00:25:01.500,BTCUSDT,BINANCE_USDT,29852.21,1.8947,29852.21,0.658,29853.70,2.087,0.0,179.82
2024-01-01 00:25:02.000,BTCUSDT,BINANCE_USDT,29852.26,1.6781,29852.26,1.214,29853.75,3.219,0.0,176.43
2024-01-01 00:25:02.500,BTCUSDT,BINANCE_USDT,29853.56,0.2679,29852.07,4.677,29853.56,0.620,0.0,199.78
2024-01-01 00:25:03.000,BTCUSDT,BINANCE_USDT,29853.60,1.2402,29852.10,3.254,29853.60,2.752,0.0,183.42
2024-01-01 00:25:03.500,BTCUSDT,BINANCE_USDT,29852.82,1.1011,29852.82,2.987,29854.32,0.826,0.0,133.70
2024-01-01 00:25:04.000,BTCUSDT,BINANCE_USDT,29854.93,1.3364,29854.18,2.529,29855.67,1.154,0.0,146.19
2024-01-01 00:25:04.500,BTCUSDT,BINANCE_USDT,29855.03,1.2087,29855.03,2.547,29856.53,1.175,0.0,194.84
2024-01-01 00:25:05.000,BTCUSDT,BINANCE_USDT,29854.91,1.0033,29853.42,4.450,29854.91,2.940,0.0,135.56
2024-01-01 00:25:05.500,BTCUSDT,BINANCE_USDT,29855.91,0.5351,29854.42,2.678,29855.91,4.706,0.0,176.44
2024-01-01 00:25:06.000,BTCUSDT,BINANCE_USDT,29856.95,0.0709,29855.46,2.093,29856.95,1.019,0.0,110.11
2024-01-01 00:25:06.500,BTCUSDT,BINANCE_USDT,29855.92,0.9264,29855.17,4.786,29856.67,4.714,0.0,131.77
2024-01-01 00:25:07.000,BTCUSDT,BINANCE_USDT,29854.73,0.2686,29854.73,1.995,29856.23,3.820,0.0,154.94
2024-01-01 00:25:07.500,BTCUSDT,BINANCE_USDT,29856.82,0.7903,29856.07,3.617,29857.57,2.579,0.0,127.74
2024-01-01 00:25:08.000,BTCUSDT,BINANCE_USDT,29857.42,1.1306,29855.93,4.147,29857.42,0.617,0.0,125.60
2024-01-01 00:25:08.500,BTCUSDT,BINANCE_USDT,29855.95,1.8844,29854.45,1.125,29855.95,4.241,0.0,175.15
2024-01-01 00:25:09.000,BTCUSDT,BINANCE_USDT,29858.67,1.5829,29857.93,2.475,29859.42,2.884,0.0,194.42
2024-01-01 00:25:09.500,BTCUSDT,BINANCE_USDT,29857.72,0.5659,29856.23,1.141,29857.72,0.733,0.0,198.02
2024-01-01 00:25:10.000,BTCUSDT,BINANCE_USDT,29857.75,1.0920,29857.01,0.862,29858.50,2.230,0.0,172.09
2024-01-01 00:25:10.500,BTCUSDT,BINANCE_USDT,29854.92,1.3178,29854.18,0.707,29855.67,2.739,0.0,120.65
2024-01-01 00:25:11.000,BTCUSDT,BINANCE_USDT,29854.33,1.9601,29854.33,3.003,29855.82,2.103,0.0,103.01
2024-01-01 00:25:11.500,BTCUSDT,BINANCE_USDT,29855.75,0.1153,29855.75,2.921,29857.24,3.471,0.0,175.36
2024-01-01 00:25:12.000,BTCUSDT,BINANCE_USDT,29858.40,0.3860,29857.65,3.719,29859.15,3.933,0.0,129.32
2024-01-01 00:25:12.500,BTCUSDT,BINANCE_USDT,29858.63,0.7651,29857.14,2.749,29858.63,4.613,0.0,110.06
2024-01-01 00:25:13.000,BTCUSDT,BINANCE_USDT,29857.69,0.1534,29856.94,1.316,29858.44,3.314,0.0,169.53
2024-01-01 00:25:13.500,BTCUSDT,BINANCE_USDT,29858.81,1.5067,29857.32,2.855,29858.81,4.735,0.0,117.32
2024-01-01 00:25:14.000,BTCUSDT,BINANCE_USDT,29857.51,1.9828,29856.77,4.111,29858.26,3.427,0.0,186.07
2024-01-01 00:25:14.500,BTCUSDT,BINANCE_USDT,29858.16,1.8503,29857.41,2.884,29858.91,4.843,0.0,181.72
2024-01-01 00:25:15.000,BTCUSDT,BINANCE_USDT,29857.01,1.7184,29856.26,2.140,29857.75,0.830,0.0,126.96
2024-01-01 00:25:15.500,BTCUSDT,BINANCE_USDT,29857.64,0.6909,29857.64,3.837,29859.14,0.911,0.0,124.11
2024-01-01 00:25:16.000,BTCUSDT,BINANCE_USDT,29860.98,1.4825,29860.23,3.915,29861.73,1.347,0.0,127.63
2024-01-01 00:25:16.500,BTCUSDT,BINANCE_USDT,29863.19,1.8633,29862.44,4.193,29863.94,0.596,0.0,141.53
2024-01-01 00:25:17.000,BTCUSDT,BINANCE_USDT,29862.23,0.4364,29862.23,2.679,29863.72,4.356,0.0,167.94
2024-01-01 00:25:17.500,BTCUSDT,BINANCE_USDT,29863.67,0.4138,29863.67,4.452,29865.17,3.588,0.0,189.81
2024-01-01 00:25:18.000,BTCUSDT,BINANCE_USDT,29866.64,0.7692,29865.15,0.611,29866.64,0.891,0.0,123.05
2024-01-01 00:25:18.500,BTCUSDT,BINANCE_USDT,29867.62,0.2988,29866.13,2.699,29867.62,3.274,0.0,153.65
2024-01-01 00:25:19.000,BTCUSDT,BINANCE_USDT,29867.43,0.7744,29867.43,4.627,29868.92,0.549,0.0,125.23
2024-01-01 00:25:19.500,BTCUSDT,BINANCE_USDT,29867.59,0.5269,29866.10,4.992,29867.59,4.801,0.0,193.10
2024-01-01 00:25:20.000,BTCUSDT,BINANCE_USDT,29869.97,0.5853,29868.48,3.110,29869.97,3.950,0.0,175.10
2024-01-01 00:25:20.500,BTCUSDT,BINANCE_USDT,29868.58,1.1691,29867.83,1.713,29869.32,1.567,0.0,193.38
2024-01-01 00:25:21.000,BTCUSDT,BINANCE_USDT,29867.39,1.4514,29866.65,0.948,29868.14,0.897,0.0,167.06
2024-01-01 00:25:21.500,BTCUSDT,BINANCE_USDT,29866.13,0.3376,29865.38,2.789,29866.88,4.259,0.0,109.09
2024-01-01 00:25:22.000,BTCUSDT,BINANCE_USDT,29864.72,1.4932,29863.98,2.383,29865.47,4.278,0.0,179.01
2024-01-01 00:25:22.500,BTCUSDT,BINANCE_USDT,29864.17,1.0934,29863.43,2.311,29864.92,2.209,0.0,163.37
2024-01-01 00:25:23.000,BTCUSDT,BINANCE_USDT,29863.44,1.1835,29863.44,1.693,29864.93,4.125,0.0,124.81
2024-01-01 00:25:23.500,BTCUSDT,BINANCE_USDT,29863.51,1.7878,29862.02,4.467,29863.51,4.457,0.0,191.90
2024-01-01 00:25:24.000,BTCUSDT,BINANCE_USDT,29863.31,0.9553,29862.56,4.539,29864.06,2.088,0.0,123.86
2024-01-01 00:25:24.500,BTCUSDT,BINANCE_USDT,29863.48,1.1070,29863.48,4.610,29864.97,1.967,0.0,197.02
2024-01-01 00:25:25.000,BTCUSDT,BINANCE_USDT,29866.51,1.6244,29865.01,4.294,29866.51,3.166,0.0,168.07
2024-01-01 00:25:25.500,BTCUSDT,BINANCE_USDT,29864.50,0.6275,29864.50,2.836,29866.00,3.168,0.0,172.86
2024-01-01 00:25:26.000,BTCUSDT,BINANCE_USDT,29865.54,0.1587,29865.54,2.656,29867.04,4.511,0.0,120.33
2024-01-01 00:25:26.500,BTCUSDT,BINANCE_USDT,29866.56,0.1881,29865.81,3.280,29867.31,4.615,0.0,159.82
2024-01-01 00:25:27.000,BTCUSDT,BINANCE_USDT,29866.24,1.0638,29864.75,4.821,29866.24,4.898,0.0,131.68
2024-01-01 00:25:27.500,BTCUSDT,BINANCE_USDT,29865.33,1.9383,29863.84,2.963,29865.33,2.032,0.0,119.04
2024-01-01 00:25:28.000,BTCUSDT,BINANCE_USDT,29864.62,1.8646,29863.88,4.406,29865.37,1.686,0.0,116.05
2024-01-01 00:25:28.500,BTCUSDT,BINANCE_USDT,29867.36,0.6522,29865.87,3.378,29867.36,0.527,0.0,136.77
2024-01-01 00:25:29.000,BTCUSDT,BINANCE_USDT,29865.05,0.5872,29865.05,3.265,29866.54,1.828,0.0,135.33
2024-01-01 00:25:29.500,BTCUSDT,BINANCE_USDT,29866.59,1.4657,29865.10,3.008,29866.59,1.787,0.0,116.96
2024-01-01 00:25:30.000,BTCUSDT,BINANCE_USDT,29866.28,0.4725,29866.28,1.711,29867.77,1.158,0.0,139.55
2024-01-01 00:25:30.500,BTCUSDT,BINANCE_USDT,29866.45,1.5473,29864.95,1.536,29866.45,4.901,0.0,168.42
2024-01-01 00:25:31.000,BTCUSDT,BINANCE_USDT,29865.05,1.6013,29863.55,1.550,29865.05,3.737,0.0,184.20
2024-01-01 00:25:31.500,BTCUSDT,BINANCE_USDT,29865.22,1.2356,29865.22,1.167,29866.72,3.590,0.0,144.73
2024-01-01 00:25:32.000,BTCUSDT,BINANCE_USDT,29868.38,0.3187,29867.63,4.917,29869.13,2.888,0.0,149.67
2024-01-01 00:25:32.500,BTCUSDT,BINANCE_USDT,29866.82,1.8943,29866.82,2.512,29868.32,0.530,0.0,190.09
2024-01-01 00:25:33.000,BTCUSDT,BINANCE_USDT,29869.25,1.6041,29867.76,4.509,29869.25,4.835,0.0,150.09
2024-01-01 00:25:33.500,BTCUSDT,BINANCE_USDT,29869.10,1.3344,29869.10,3.187,29870.59,4.082,0.0,176.47
2024-01-01 00:25:34.000,BTCUSDT,BINANCE_USDT,29869.59,0.2004,29868.09,2.346,29869.59,4.896,0.0,115.72
2024-01-01 00:25:34.500,BTCUSDT,BINANCE_USDT,29869.54,1.1025,29869.54,3.594,29871.04,1.410,0.0,180.91
2024-01-01 00:25:35.000,BTCUSDT,BINANCE_USDT,29871.20,0.4872,29869.70,1.182,29871.20,0.921,0.0,105.11
2024-01-01 00:25:35.500,BTCUSDT,BINANCE_USDT,29869.75,1.0161,29869.00,4.304,29870.50,0.577,0.0,175.94
2024-01-01 00:25:36.000,BTCUSDT,BINANCE_USDT,29870.84,0.1604,29870.84,0.927,29872.33,3.944,0.0,143.91
2024-01-01 00:25:36.500,BTCUSDT,BINANCE_USDT,29871.24,1.5506,29870.49,0.873,29871.98,0.792,0.0,136.11
2024-01-01 00:25:37.000,BTCUSDT,BINANCE_USDT,29871.47,0.8187,29871.47,2.113,29872.96,2.811,0.0,197.81
2024-01-01 00:25:37.500,BTCUSDT,BINANCE_USDT,29872.58,1.1603,29872.58,2.971,29874.07,4.038,0.0,180.08
2024-01-01 00:25:38.000,BTCUSDT,BINANCE_USDT,29871.13,1.9495,29870.38,4.309,29871.88,2.308,0.0,108.52
2024-01-01 00:25:38.500,BTCUSDT,BINANCE_USDT,29871.58,0.9579,29870.08,0.554,29871.58,2.538,0.0,168.91
2024-01-01 00:25:39.000,BTCUSDT,BINANCE_USDT,29870.51,1.8484,29870.51,3.938,29872.00,0.636,0.0,145.07
2024-01-01 00:25:39.500,BTCUSDT,BINANCE_USDT,29871.90,1.2216,29870.41,2.830,29871.90,2.346,0.0,185.26
2024-01-01 00:25:40.000,BTCUSDT,BINANCE_USDT,29871.79,0.1766,29871.04,4.018,29872.53,1.542,0.0,145.66
2024-01-01 00:25:40.500,BTCUSDT,BINANCE_USDT,29872.23,1.2301,29872.23,4.631,29873.73,1.133,0.0,187.28
2024-01-01 00:25:41.000,BTCUSDT,BINANCE_USDT,29875.06,1.0179,29873.57,4.047,29875.06,1.377,0.0,129.10
2024-01-01 00:25:41.500,BTCUSDT,BINANCE_USDT,29876.43,0.4179,29874.93,4.977,29876.43,1.008,0.0,141.46
2024-01-01 00:25:42.000,BTCUSDT,BINANCE_USDT,29876.26,0.8014,29874.76,3.455,29876.26,2.012,0.0,122.84
2024-01-01 00:25:42.500,BTCUSDT,BINANCE_USDT,29876.34,0.1057,29875.59,4.219,29877.09,2.378,0.0,104.97
2024-01-01 00:25:43.000,BTCUSDT,BINANCE_USDT,29876.35,0.6088,29874.86,3.081,29876.35,0.723,0.0,183.40
2024-01-01 00:25:43.500,BTCUSDT,BINANCE_USDT,29874.91,1.4131,29874.17,2.474,29875.66,0.894,0.0,186.43
2024-01-01 00:25:44.000,BTCUSDT,BINANCE_USDT,29876.64,0.2157,29875.89,3.422,29877.38,2.598,0.0,122.93
2024-01-01 00:25:44.500,BTCUSDT,BINANCE_USDT,29876.38,0.0505,29874.89,3.933,29876.38,4.190,0.0,180.41
2024-01-01 00:25:45.000,BTCUSDT,BINANCE_USDT,29877.06,1.2732,29875.56,1.523,29877.06,3.620,0.0,138.93
2024-01-01 00:25:45.500,BTCUSDT,BINANCE_USDT,29878.82,1.3170,29877.32,0.574,29878.82,4.318,0.0,153.60
2024-01-01 00:25:46.000,BTCUSDT,BINANCE_USDT,29877.96,0.1288,29876.47,4.632,29877.96,3.841,0.0,111.23
2024-01-01 00:25:46.500,BTCUSDT,BINANCE_USDT,29875.57,1.5584,29875.57,1.469,29877.06,2.470,0.0,110.20
2024-01-01 00:25:47.000,BTCUSDT,BINANCE_USDT,29876.44,0.6564,29875.70,3.157,29877.19,1.195,0.0,164.54
2024-01-01 00:25:47.500,BTCUSDT,BINANCE_USDT,29876.96,0.5938,29876.21,2.231,29877.70,2.336,0.0,168.89
2024-01-01 00:25:48.000,BTCUSDT,BINANCE_USDT,29876.47,0.8789,29876.47,3.150,29877.97,0.532,0.0,125.83
2024-01-01 00:25:48.500,BTCUSDT,BINANCE_USDT,29877.69,1.5877,29876.19,3.076,29877.69,4.644,0.0,128.62
2024-01-01 00:25:49.000,BTCUSDT,BINANCE_USDT,29877.01,0.1657,29875.52,0.977,29877.01,1.321,0.0,185.18
2024-01-01 00:25:49.500,BTCUSDT,BINANCE_USDT,29877.36,1.6638,29875.87,0.946,29877.36,3.754,0.0,117.03
2024-01-01 00:25:50.000,BTCUSDT,BINANCE_USDT,29875.38,0.6537,29875.38,2.860,29876.88,1.919,0.0,142.16
2024-01-01 00:25:50.500,BTCUSDT,BINANCE_USDT,29877.07,1.4277,29875.58,4.872,29877.07,2.078,0.0,139.22
2024-01-01 00:25:51.000,BTCUSDT,BINANCE_USDT,29874.93,0.6962,29874.93,1.011,29876.43,1.873,0.0,100.35
2024-01-01 00:25:51.500,BTCUSDT,BINANCE_USDT,29876.61,0.5879,29875.86,4.629,29877.35,2.356,0.0,177.38
2024-01-01 00:25:52.000,BTCUSDT,BINANCE_USDT,29877.39,1.9119,29875.89,4.184,29877.39,3.111,0.0,121.72
2024-01-01 00:25:52.500,BTCUSDT,BINANCE_USDT,29875.28,1.8675,29874.53,4.617,29876.02,0.511,0.0,167.52
2024-01-01 00:25:53.000,BTCUSDT,BINANCE_USDT,29878.49,0.0017,29876.99,1.049,29878.49,1.472,0.0,187.55
2024-01-01 00:25:53.500,BTCUSDT,BINANCE_USDT,29881.42,1.7018,29879.92,0.715,29881.42,2.041,0.0,121.29
2024-01-01 00:25:54.000,BTCUSDT,BINANCE_USDT,29878.35,1.3802,29878.35,3.611,29879.84,3.500,0.0,130.88
2024-01-01 00:25:54.500,BTCUSDT,BINANCE_USDT,29878.72,1.7709,29877.97,4.209,29879.46,4.658,0.0,182.94
2024-01-01 00:25:55.000,BTCUSDT,BINANCE_USDT,29878.84,0.6216,29877.35,4.450,29878.84,3.569,0.0,188.53
2024-01-01 00:25:55.500,BTCUSDT,BINANCE_USDT,29877.97,0.8958,29876.47,3.334,29877.97,0.858,0.0,102.94
2024-01-01 00:25:56.000,BTCUSDT,BINANCE_USDT,29878.92,0.8806,29877.42,3.239,29878.92,3.835,0.0,125.11
2024-01-01 00:25:56.500,BTCUSDT,BINANCE_USDT,29878.23,0.4882,29878.23,3.318,29879.72,1.131,0.0,187.64
2024-01-01 00:25:57.000,BTCUSDT,BINANCE_USDT,29879.68,0.6621,29878.93,3.626,29880.42,4.168,0.0,187.56
2024-01-01 00:25:57.500,BTCUSDT,BINANCE_USDT,29881.96,0.7116,29881.96,2.303,29883.46,3.847,0.0,148.48
2024-01-01 00:25:58.000,BTCUSDT,BINANCE_USDT,29881.70,1.2156,29881.70,1.279,29883.19,0.839,0.0,167.12
2024-01-01 00:25:58.500,BTCUSDT,BINANCE_USDT,29882.50,1.6139,29882.50,0.553,29883.99,0.805,0.0,164.97
2024-01-01 00:25:59.000,BTCUSDT,BINANCE_USDT,29883.70,0.2889,29882.95,4.402,29884.45,1.066,0.0,175.23
2024-01-01 00:25:59.500,BTCUSDT,BINANCE_USDT,29883.80,0.8243,29883.80,2.685,29885.29,2.196,0.0,146.99
2024-01-01 00:26:00.000,BTCUSDT,BINANCE_USDT,29882.45,1.9727,29882.45,4.683,29883.94,1.201,0.0,130.70
2024-01-01 00:26:00.500,BTCUSDT,BINANCE_USDT,29884.37,0.5806,29884.37,1.385,29885.86,4.516,0.0,149.79
2024-01-01 00:26:01.000,BTCUSDT,BINANCE_USDT,29885.58,1.1423,29884.83,2.782,29886.32,2.703,0.0,193.27
2024-01-01 00:26:01.500,BTCUSDT,BINANCE_USDT,29887.12,1.3713,29886.37,3.554,29887.86,0.801,0.0,174.56
2024-01-01 00:26:02.000,BTCUSDT,BINANCE_USDT,29890.05,0.2021,29888.55,3.331,29890.05,4.837,0.0,151.75
2024-01-01 00:26:02.500,BTCUSDT,BINANCE_USDT,29889.23,1.4288,29888.48,2.144,29889.98,2.281,0.0,165.39
2024-01-01 00:26:03.000,BTCUSDT,BINANCE_USDT,29889.23,0.2235,29889.23,3.215,29890.73,1.015,0.0,163.18
2024-01-01 00:26:03.500,BTCUSDT,BINANCE_USDT,29891.45,1.7803,29890.70,4.625,29892.19,4.669,0.0,151.14
2024-01-01 00:26:04.000,BTCUSDT,BINANCE_USDT,29891.63,0.9299,29890.88,4.785,29892.37,0.527,0.0,190.34
2024-01-01 00:26:04.500,BTCUSDT,BINANCE_USDT,29891.10,1.8994,29890.36,0.899,29891.85,2.154,0.0,196.23
2024-01-01 00:26:05.000,BTCUSDT,BINANCE_USDT,29891.22,0.3675,29889.72,0.878,29891.22,2.825,0.0,137.28
2024-01-01 00:26:05.500,BTCUSDT,BINANCE_USDT,29892.29,0.5830,29890.80,4.365,29892.29,1.801,0.0,148.40
2024-01-01 00:26:06.000,BTCUSDT,BINANCE_USDT,29891.33,0.8367,29890.58,1.030,29892.08,2.863,0.0,107.50
2024-01-01 00:26:06.500,BTCUSDT,BINANCE_USDT,29890.80,1.7359,29889.30,4.772,29890.80,4.310,0.0,187.24
2024-01-01 00:26:07.000,BTCUSDT,BINANCE_USDT,29891.21,0.1396,29889.72,2.995,29891.21,3.357,0.0,103.92
2024-01-01 00:26:07.500,BTCUSDT,BINANCE_USDT,29888.82,0.3596,29888.07,3.962,29889.57,3.910,0.0,158.11
2024-01-01 00:26:08.000,BTCUSDT,BINANCE_USDT,29887.87,0.0994,29887.13,0.509,29888.62,1.311,0.0,154.43
2024-01-01 00:26:08.500,BTCUSDT,BINANCE_USDT,29888.17,0.1749,29888.17,3.246,29889.67,2.220,0.0,110.52
2024-01-01 00:26:09.000,BTCUSDT,BINANCE_USDT,29889.16,1.0139,29889.16,3.609,29890.66,4.403,0.0,113.65
2024-01-01 00:26:09.500,BTCUSDT,BINANCE_USDT,29888.93,0.9591,29888.93,1.498,29890.42,2.492,0.0,171.40
2024-01-01 00:26:10.000,BTCUSDT,BINANCE_USDT,29888.57,0.5652,29888.57,3.616,29890.07,4.460,0.0,133.94
2024-01-01 00:26:10.500,BTCUSDT,BINANCE_USDT,29890.53,1.5460,29889.78,1.769,29891.27,4.380,0.0,199.26
2024-01-01 00:26:11.000,BTCUSDT,BINANCE_USDT,29889.55,0.6232,29889.55,4.519,29891.04,3.658,0.0,140.77
2024-01-01 00:26:11.500,BTCUSDT,BINANCE_USDT,29891.29,0.7737,29890.54,3.472,29892.03,2.122,0.0,194.69
2024-01-01 00:26:12.000,BTCUSDT,BINANCE_USDT,29892.37,1.4803,29891.62,1.820,29893.11,0.785,0.0,165.58
2024-01-01 00:26:12.500,BTCUSDT,BINANCE_USDT,29890.89,1.6712,29890.14,4.366,29891.63,4.886,0.0,153.79
2024-01-01 00:26:13.000,BTCUSDT,BINANCE_USDT,29892.41,0.6132,29890.91,4.314,29892.41,1.118,0.0,124.73
2024-01-01 00:26:13.500,BTCUSDT,BINANCE_USDT,29892.38,1.0230,29891.63,2.311,29893.13,0.745,0.0,147.58
2024-01-01 00:26:14.000,BTCUSDT,BINANCE_USDT,29891.45,0.3819,29890.70,4.188,29892.19,3.096,0.0,199.04
2024-01-01 00:26:14.500,BTCUSDT,BINANCE_USDT,29890.86,0.7530,29890.86,1.303,29892.36,1.826,0.0,143.28
2024-01-01 00:26:15.000,BTCUSDT,BINANCE_USDT,29892.75,1.8405,29892.00,2.090,29893.50,0.769,0.0,108.23
2024-01-01 00:26:15.500,BTCUSDT,BINANCE_USDT,29892.20,1.6133,29891.45,1.068,29892.95,1.466,0.0,135.66
2024-01-01 00:26:16.000,BTCUSDT,BINANCE_USDT,29892.72,0.4506,29891.98,3.624,29893.47,3.758,0.0,129.57
2024-01-01 00:26:16.500,BTCUSDT,BINANCE_USDT,29894.01,0.5489,29893.26,3.386,29894.75,2.257,0.0,175.77
2024-01-01 00:26:17.000,BTCUSDT,BINANCE_USDT,29894.49,0.5484,29892.99,0.986,29894.49,4.551,0.0,143.98
2024-01-01 00:26:17.500,BTCUSDT,BINANCE_USDT,29894.15,1.1605,29892.65,3.097,29894.15,2.865,0.0,100.54
2024-01-01 00:26:18.000,BTCUSDT,BINANCE_USDT,29892.50,0.6698,29891.75,2.696,29893.25,1.291,0.0,124.47
2024-01-01 00:26:18.500,BTCUSDT,BINANCE_USDT,29890.47,1.7675,29889.72,1.213,29891.22,4.692,0.0,100.31
2024-01-01 00:26:19.000,BTCUSDT,BINANCE_USDT,29892.96,1.7568,29892.21,4.921,29893.71,4.623,0.0,124.59
2024-01-01 00:26:19.500,BTCUSDT,BINANCE_USDT,29890.64,1.8406,29890.64,3.457,29892.14,4.277,0.0,194.07
2024-01-01 00:26:20.000,BTCUSDT,BINANCE_USDT,29891.72,0.5090,29891.72,1.698,29893.22,3.657,0.0,153.74
2024-01-01 00:26:20.500,BTCUSDT,BINANCE_USDT,29891.80,1.7364,29891.06,1.141,29892.55,2.443,0.0,101.66
2024-01-01 00:26:21.000,BTCUSDT,BINANCE_USDT,29891.65,0.1876,29890.90,3.860,29892.40,1.522,0.0,178.52
2024-01-01 00:26:21.500,BTCUSDT,BINANCE_USDT,29890.66,0.2501,29890.66,4.642,29892.15,4.716,0.0,124.50
2024-01-01 00:26:22.000,BTCUSDT,BINANCE_USDT,29891.02,1.8336,29891.02,0.505,29892.51,2.420,0.0,103.63
2024-01-01 00:26:22.500,BTCUSDT,BINANCE_USDT,29890.51,0.7605,29889.76,0.895,29891.25,2.231,0.0,198.05
2024-01-01 00:26:23.000,BTCUSDT,BINANCE_USDT,29888.81,0.9584,29888.81,2.585,29890.30,1.757,0.0,128.86
2024-01-01 00:26:23.500,BTCUSDT,BINANCE_USDT,29890.88,1.9155,29890.13,2.198,29891.62,2.558,0.0,191.38
2024-01-01 00:26:24.000,BTCUSDT,BINANCE_USDT,29891.81,1.8976,29890.31,1.650,29891.81,2.803,0.0,160.17
2024-01-01 00:26:24.500,BTCUSDT,BINANCE_USDT,29892.99,0.7596,29891.49,1.918,29892.99,2.754,0.0,152.37
2024-01-01 00:26:25.000,BTCUSDT,BINANCE_USDT,29894.17,1.1557,29894.17,3.201,29895.66,2.233,0.0,181.03
2024-01-01 00:26:25.500,BTCUSDT,BINANCE_USDT,29894.81,1.1285,29893.31,4.437,29894.81,4.271,0.0,130.71
2024-01-01 00:26:26.000,BTCUSDT,BINANCE_USDT,29893.24,1.7289,29892.49,3.666,29893.99,0.939,0.0,107.97
2024-01-01 00:26:26.500,BTCUSDT,BINANCE_USDT,29891.82,1.8970,29891.82,3.135,29893.32,4.978,0.0,169.02
2024-01-01 00:26:27.000,BTCUSDT,BINANCE_USDT,29889.73,1.1780,29889.73,3.989,29891.22,2.305,0.0,161.91
2024-01-01 00:26:27.500,BTCUSDT,BINANCE_USDT,29889.40,1.7732,29888.65,2.300,29890.15,0.989,0.0,193.91
2024-01-01 00:26:28.000,BTCUSDT,BINANCE_USDT,29891.65,1.7815,29890.90,4.504,29892.40,2.735,0.0,155.32
2024-01-01 00:26:28.500,BTCUSDT,BINANCE_USDT,29890.77,0.5161,29890.03,2.471,29891.52,2.930,0.0,197.89
2024-01-01 00:26:29.000,BTCUSDT,BINANCE_USDT,29893.02,1.3109,29891.53,2.600,29893.02,0.726,0.0,171.11
2024-01-01 00:26:29.500,BTCUSDT,BINANCE_USDT,29893.55,1.6330,29892.05,1.530,29893.55,2.651,0.0,197.36
2024-01-01 00:26:30.000,BTCUSDT,BINANCE_USDT,29892.91,1.7289,29892.16,3.467,29893.65,3.091,0.0,121.90
2024-01-01 00:26:30.500,BTCUSDT,BINANCE_USDT,29892.10,0.1058,29890.60,2.321,29892.10,4.586,0.0,158.66
2024-01-01 00:26:31.000,BTCUSDT,BINANCE_USDT,29891.03,1.7115,29891.03,4.395,29892.52,0.835,0.0,124.85
2024-01-01 00:26:31.500,BTCUSDT,BINANCE_USDT,29892.95,1.4805,29891.46,1.752,29892.95,2.475,0.0,157.98
2024-01-01 00:26:32.000,BTCUSDT,BINANCE_USDT,29891.97,0.9166,29891.22,2.699,29892.71,3.169,0.0,137.46
2024-01-01 00:26:32.500,BTCUSDT,BINANCE_USDT,29892.20,0.1400,29891.45,3.393,29892.94,4.567,0.0,184.41
2024-01-01 00:26:33.000,BTCUSDT,BINANCE_USDT,29892.98,0.4841,29892.98,2.113,29894.48,2.710,0.0,150.50
2024-01-01 00:26:33.500,BTCUSDT,BINANCE_USDT,29892.84,0.2274,29892.09,3.398,29893.59,1.407,0.0,137.95
2024-01-01 00:26:34.000,BTCUSDT,BINANCE_USDT,29891.96,0.6446,29890.47,1.621,29891.96,1.560,0.0,183.45
2024-01-01 00:26:34.500,BTCUSDT,BINANCE_USDT,29891.43,1.1164,29890.68,3.641,29892.18,3.572,0.0,135.01
2024-01-01 00:26:35.000,BTCUSDT,BINANCE_USDT,29892.60,0.2598,29891.85,0.547,29893.34,4.776,0.0,121.69
2024-01-01 00:26:35.500,BTCUSDT,BINANCE_USDT,29892.21,1.5280,29892.21,2.240,29893.70,2.185,0.0,153.47
2024-01-01 00:26:36.000,BTCUSDT,BINANCE_USDT,29891.78,0.0572,29891.03,1.323,29892.52,1.398,0.0,151.91
2024-01-01 00:26:36.500,BTCUSDT,BINANCE_USDT,29890.84,0.1864,29890.10,2.121,29891.59,1.722,0.0,186.35
2024-01-01 00:26:37.000,BTCUSDT,BINANCE_USDT,29891.66,0.8097,29891.66,3.000,29893.16,4.947,0.0,168.57
2024-01-01 00:26:37.500,BTCUSDT,BINANCE_USDT,29891.92,1.4387,29890.43,3.409,29891.92,4.806,0.0,157.02
2024-01-01 00:26:38.000,BTCUSDT,BINANCE_USDT,29890.15,1.2211,29890.15,2.221,29891.65,2.855,0.0,164.13
2024-01-01 00:26:38.500,BTCUSDT,BINANCE_USDT,29887.79,0.2931,29887.79,3.591,29889.28,4.159,0.0,138.83
2024-01-01 00:26:39.000,BTCUSDT,BINANCE_USDT,29887.00,1.4676,29886.25,3.198,29887.75,1.822,0.0,109.17
2024-01-01 00:26:39.500,BTCUSDT,BINANCE_USDT,29886.23,1.3211,29885.48,1.191,29886.97,0.822,0.0,196.83
2024-01-01 00:26:40.000,BTCUSDT,BINANCE_USDT,29885.74,1.2835,29885.74,0.749,29887.23,0.521,0.0,144.03
2024-01-01 00:26:40.500,BTCUSDT,BINANCE_USDT,29888.73,1.0442,29887.23,1.337,29888.73,1.719,0.0,140.35
2024-01-01 00:26:41.000,BTCUSDT,BINANCE_USDT,29889.36,1.9442,29889.36,3.960,29890.85,4.628,0.0,146.85
2024-01-01 00:26:41.500,BTCUSDT,BINANCE_USDT,29890.85,0.6465,29889.36,0.504,29890.85,3.311,0.0,161.14
2024-01-01 00:26:42.000,BTCUSDT,BINANCE_USDT,29890.10,1.9234,29890.10,4.505,29891.59,3.527,0.0,141.18
2024-01-01 00:26:42.500,BTCUSDT,BINANCE_USDT,29890.85,1.4554,29890.11,1.839,29891.60,1.395,0.0,189.49
2024-01-01 00:26:43.000,BTCUSDT,BINANCE_USDT,29890.74,0.9219,29890.74,1.453,29892.24,2.700,0.0,164.79
2024-01-01 00:26:43.500,BTCUSDT,BINANCE_USDT,29892.37,0.3920,29891.63,2.173,29893.12,3.557,0.0,178.38
2024-01-01 00:26:44.000,BTCUSDT,BINANCE_USDT,29891.09,0.8529,29889.59,3.727,29891.09,1.478,0.0,183.12
2024-01-01 00:26:44.500,BTCUSDT,BINANCE_USDT,29888.14,1.9009,29887.40,2.384,29888.89,2.974,0.0,141.24
2024-01-01 00:26:45.000,BTCUSDT,BINANCE_USDT,29888.50,1.3625,29888.50,1.159,29889.99,4.988,0.0,192.41
2024-01-01 00:26:45.500,BTCUSDT,BINANCE_USDT,29888.61,1.7185,29888.61,3.970,29890.10,1.002,0.0,159.02
2024-01-01 00:26:46.000,BTCUSDT,BINANCE_USDT,29890.29,1.5749,29888.79,3.945,29890.29,0.948,0.0,144.08
2024-01-01 00:26:46.500,BTCUSDT,BINANCE_USDT,29890.00,1.1211,29890.00,4.386,29891.49,1.212,0.0,108.76
2024-01-01 00:26:47.000,BTCUSDT,BINANCE_USDT,29890.92,1.5137,29889.43,4.535,29890.92,2.473,0.0,171.75
2024-01-01 00:26:47.500,BTCUSDT,BINANCE_USDT,29890.99,0.6325,29890.25,3.752,29891.74,3.142,0.0,180.42
2024-01-01 00:26:48.000,BTCUSDT,BINANCE_USDT,29891.96,1.0274,29890.46,3.690,29891.96,1.311,0.0,154.68
2024-01-01 00:26:48.500,BTCUSDT,BINANCE_USDT,29893.30,0.4750,29892.55,3.074,29894.05,1.904,0.0,186.39
2024-01-01 00:26:49.000,BTCUSDT,BINANCE_USDT,29893.17,1.9450,29893.17,0.985,29894.66,2.401,0.0,141.35
2024-01-01 00:26:49.500,BTCUSDT,BINANCE_USDT,29892.94,1.2849,29892.20,3.137,29893.69,3.042,0.0,159.03
2024-01-01 00:26:50.000,BTCUSDT,BINANCE_USDT,29891.02,0.8603,29890.27,4.996,29891.76,3.458,0.0,133.16
2024-01-01 00:26:50.500,BTCUSDT,BINANCE_USDT,29892.17,1.1089,29890.67,1.814,29892.17,4.039,0.0,106.57
2024-01-01 00:26:51.000,BTCUSDT,BINANCE_USDT,29893.24,1.2632,29891.74,4.492,29893.24,1.627,0.0,104.68
2024-01-01 00:26:51.500,BTCUSDT,BINANCE_USDT,29891.54,1.6877,29891.54,4.625,29893.03,2.392,0.0,137.71
2024-01-01 00:26:52.000,BTCUSDT,BINANCE_USDT,29893.03,1.8502,29893.03,0.633,29894.53,3.247,0.0,169.27
2024-01-01 00:26:52.500,BTCUSDT,BINANCE_USDT,29893.16,1.5525,29892.41,0.905,29893.91,1.048,0.0,158.84
2024-01-01 00:26:53.000,BTCUSDT,BINANCE_USDT,29896.44,0.9972,29894.95,4.013,29896.44,2.131,0.0,127.56
2024-01-01 00:26:53.500,BTCUSDT,BINANCE_USDT,29893.82,0.7747,29893.08,1.486,29894.57,1.724,0.0,180.43
2024-01-01 00:26:54.000,BTCUSDT,BINANCE_USDT,29889.96,1.2327,29889.96,3.701,29891.45,4.693,0.0,138.84
2024-01-01 00:26:54.500,BTCUSDT,BINANCE_USDT,29889.73,0.9764,29889.73,0.546,29891.22,1.161,0.0,109.72
2024-01-01 00:26:55.000,BTCUSDT,BINANCE_USDT,29890.76,0.6032,29889.26,3.539,29890.76,4.034,0.0,157.83
2024-01-01 00:26:55.500,BTCUSDT,BINANCE_USDT,29889.80,0.5853,29889.05,2.797,29890.54,4.400,0.0,103.06
2024-01-01 00:26:56.000,BTCUSDT,BINANCE_USDT,29890.88,1.4583,29890.13,2.880,29891.63,1.945,0.0,187.77
2024-01-01 00:26:56.500,BTCUSDT,BINANCE_USDT,29888.73,1.1765,29888.73,4.514,29890.22,3.448,0.0,124.69
2024-01-01 00:26:57.000,BTCUSDT,BINANCE_USDT,29890.56,1.0269,29889.81,2.802,29891.31,4.082,0.0,190.79
2024-01-01 00:26:57.500,BTCUSDT,BINANCE_USDT,29891.75,0.4879,29890.25,0.503,29891.75,1.773,0.0,182.38
2024-01-01 00:26:58.000,BTCUSDT,BINANCE_USDT,29890.03,0.3263,29888.53,1.611,29890.03,2.251,0.0,152.22
2024-01-01 00:26:58.500,BTCUSDT,BINANCE_USDT,29891.35,0.8787,29889.86,1.693,29891.35,1.560,0.0,180.88
2024-01-01 00:26:59.000,BTCUSDT,BINANCE_USDT,29890.80,0.0576,29889.30,3.585,29890.80,1.463,0.0,114.04
2024-01-01 00:26:59.500,BTCUSDT,BINANCE_USDT,29892.83,1.6968,29892.08,3.672,29893.58,3.171,0.0,131.48
2024-01-01 00:27:00.000,BTCUSDT,BINANCE_USDT,29892.36,1.0297,29892.36,1.659,29893.85,4.353,0.0,196.91
2024-01-01 00:27:00.500,BTCUSDT,BINANCE_USDT,29895.17,1.1610,29893.68,4.342,29895.17,3.349,0.0,103.10
2024-01-01 00:27:01.000,BTCUSDT,BINANCE_USDT,29894.00,0.3297,29893.25,4.318,29894.74,1.985,0.0,189.83
2024-01-01 00:27:01.500,BTCUSDT,BINANCE_USDT,29894.83,1.2310,29894.08,3.943,29895.58,4.203,0.0,118.49
2024-01-01 00:27:02.000,BTCUSDT,BINANCE_USDT,29893.68,1.5347,29893.68,3.370,29895.18,2.107,0.0,119.53
2024-01-01 00:27:02.500,BTCUSDT,BINANCE_USDT,29896.35,0.3548,29894.85,1.631,29896.35,4.162,0.0,147.07
2024-01-01 00:27:03.000,BTCUSDT,BINANCE_USDT,29893.56,1.9849,29893.56,4.731,29895.05,1.807,0.0,126.25
2024-01-01 00:27:03.500,BTCUSDT,BINANCE_USDT,29896.27,1.0335,29894.77,1.882,29896.27,0.675,0.0,169.70
2024-01-01 00:27:04.000,BTCUSDT,BINANCE_USDT,29896.61,1.7030,29895.86,3.346,29897.36,4.255,0.0,112.44
2024-01-01 00:27:04.500,BTCUSDT,BINANCE_USDT,29896.30,0.5781,29896.30,0.581,29897.80,1.465,0.0,163.28
2024-01-01 00:27:05.000,BTCUSDT,BINANCE_USDT,29896.11,0.7895,29895.37,2.109,29896.86,4.655,0.0,183.90
2024-01-01 00:27:05.500,BTCUSDT,BINANCE_USDT,29895.65,1.4360,29894.90,4.636,29896.39,2.995,0.0,180.81
2024-01-01 00:27:06.000,BTCUSDT,BINANCE_USDT,29896.03,1.1599,29895.28,3.020,29896.77,3.065,0.0,174.88
2024-01-01 00:27:06.500,BTCUSDT,BINANCE_USDT,29897.99,1.5518,29897.24,1.350,29898.73,1.345,0.0,140.25
2024-01-01 00:27:07.000,BTCUSDT,BINANCE_USDT,29899.84,1.3311,29899.09,1.620,29900.59,2.906,0.0,127.94
2024-01-01 00:27:07.500,BTCUSDT,BINANCE_USDT,29899.40,0.9419,29899.40,2.909,29900.90,0.823,0.0,107.99
2024-01-01 00:27:08.000,BTCUSDT,BINANCE_USDT,29900.11,0.7521,29898.62,1.765,29900.11,1.718,0.0,185.27
2024-01-01 00:27:08.500,BTCUSDT,BINANCE_USDT,29897.69,0.0046,29896.19,1.075,29897.69,2.078,0.0,105.61
2024-01-01 00:27:09.000,BTCUSDT,BINANCE_USDT,29897.31,1.5067,29895.81,2.281,29897.31,1.225,0.0,155.81
2024-01-01 00:27:09.500,BTCUSDT,BINANCE_USDT,29897.81,0.0975,29896.31,2.391,29897.81,3.588,0.0,140.94
2024-01-01 00:27:10.000,BTCUSDT,BINANCE_USDT,29897.11,0.7446,29895.62,2.851,29897.11,2.018,0.0,170.63
2024-01-01 00:27:10.500,BTCUSDT,BINANCE_USDT,29897.54,1.2536,29896.04,1.894,29897.54,4.066,0.0,127.99
2024-01-01 00:27:11.000,BTCUSDT,BINANCE_USDT,29895.43,1.8478,29895.43,0.859,29896.92,1.845,0.0,153.35
2024-01-01 00:27:11.500,BTCUSDT,BINANCE_USDT,29895.51,0.7509,29894.76,2.162,29896.26,4.372,0.0,112.32
2024-01-01 00:27:12.000,BTCUSDT,BINANCE_USDT,29898.07,1.3905,29896.58,0.530,29898.07,2.802,0.0,173.32
2024-01-01 00:27:12.500,BTCUSDT,BINANCE_USDT,29897.03,1.0321,29896.28,4.491,29897.78,2.752,0.0,194.99
2024-01-01 00:27:13.000,BTCUSDT,BINANCE_USDT,29895.72,1.9062,29895.72,2.950,29897.22,3.042,0.0,195.66
2024-01-01 00:27:13.500,BTCUSDT,BINANCE_USDT,29895.11,1.7361,29895.11,2.258,29896.60,1.213,0.0,182.74
2024-01-01 00:27:14.000,BTCUSDT,BINANCE_USDT,29897.93,1.3391,29896.44,4.667,29897.93,0.663,0.0,108.59
2024-01-01 00:27:14.500,BTCUSDT,BINANCE_USDT,29895.22,0.8720,29894.47,0.843,29895.96,1.584,0.0,131.78
2024-01-01 00:27:15.000,BTCUSDT,BINANCE_USDT,29895.16,0.6827,29893.66,4.771,29895.16,2.067,0.0,178.98
2024-01-01 00:27:15.500,BTCUSDT,BINANCE_USDT,29896.06,1.7327,29894.56,0.890,29896.06,4.623,0.0,147.06
2024-01-01 00:27:16.000,BTCUSDT,BINANCE_USDT,29895.48,0.1247,29894.73,3.759,29896.23,0.690,0.0,150.17
2024-01-01 00:27:16.500,BTCUSDT,BINANCE_USDT,29896.48,0.1021,29894.98,2.062,29896.48,2.346,0.0,190.80
2024-01-01 00:27:17.000,BTCUSDT,BINANCE_USDT,29896.53,1.1816,29895.78,4.656,29897.28,0.959,0.0,143.54
2024-01-01 00:27:17.500,BTCUSDT,BINANCE_USDT,29894.26,0.8719,29892.76,4.216,29894.26,4.587,0.0,198.79
2024-01-01 00:27:18.000,BTCUSDT,BINANCE_USDT,29891.52,1.1557,29891.52,0.782,29893.01,2.980,0.0,180.18
2024-01-01 00:27:18.500,BTCUSDT,BINANCE_USDT,29890.96,0.2767,29890.96,1.453,29892.46,3.579,0.0,151.77
2024-01-01 00:27:19.000,BTCUSDT,BINANCE_USDT,29891.23,1.8825,29891.23,3.362,29892.72,1.457,0.0,105.07
2024-01-01 00:27:19.500,BTCUSDT,BINANCE_USDT,29892.35,1.5947,29892.35,3.669,29893.84,3.866,0.0,190.31
2024-01-01 00:27:20.000,BTCUSDT,BINANCE_USDT,29890.19,0.3379,29890.19,0.812,29891.68,1.740,0.0,118.39
2024-01-01 00:27:20.500,BTCUSDT,BINANCE_USDT,29889.59,0.9648,29888.84,1.490,29890.34,3.690,0.0,120.99
2024-01-01 00:27:21.000,BTCUSDT,BINANCE_USDT,29888.16,1.8159,29888.16,1.321,29889.65,0.797,0.0,131.00
2024-01-01 00:27:21.500,BTCUSDT,BINANCE_USDT,29888.54,1.0150,29887.05,1.414,29888.54,1.679,0.0,197.97
2024-01-01 00:27:22.000,BTCUSDT,BINANCE_USDT,29887.14,0.4644,29887.14,4.221,29888.63,3.784,0.0,178.91
2024-01-01 00:27:22.500,BTCUSDT,BINANCE_USDT,29887.61,1.0740,29886.86,4.295,29888.35,2.719,0.0,106.53
2024-01-01 00:27:23.000,BTCUSDT,BINANCE_USDT,29888.24,0.3573,29887.49,1.048,29888.99,2.296,0.0,157.34
2024-01-01 00:27:23.500,BTCUSDT,BINANCE_USDT,29887.58,1.3900,29887.58,2.878,29889.07,0.775,0.0,114.39
2024-01-01 00:27:24.000,BTCUSDT,BINANCE_USDT,29888.94,0.8404,29888.19,2.488,29889.68,2.963,0.0,130.50
2024-01-01 00:27:24.500,BTCUSDT,BINANCE_USDT,29890.81,0.9266,29889.31,1.979,29890.81,3.650,0.0,190.34
2024-01-01 00:27:25.000,BTCUSDT,BINANCE_USDT,29892.37,0.3964,29890.88,1.330,29892.37,2.992,0.0,193.15
2024-01-01 00:27:25.500,BTCUSDT,BINANCE_USDT,29891.73,0.0918,29890.24,3.596,29891.73,2.494,0.0,112.81
2024-01-01 00:27:26.000,BTCUSDT,BINANCE_USDT,29889.64,1.9918,29889.64,4.242,29891.13,1.995,0.0,140.81
2024-01-01 00:27:26.500,BTCUSDT,BINANCE_USDT,29888.67,1.7265,29888.67,0.639,29890.17,1.382,0.0,174.91
2024-01-01 00:27:27.000,BTCUSDT,BINANCE_USDT,29888.89,0.2894,29888.89,4.405,29890.39,0.682,0.0,187.21
2024-01-01 00:27:27.500,BTCUSDT,BINANCE_USDT,29889.30,1.5985,29887.80,0.919,29889.30,4.436,0.0,153.32
2024-01-01 00:27:28.000,BTCUSDT,BINANCE_USDT,29886.67,0.7360,29886.67,3.484,29888.16,2.993,0.0,199.74
2024-01-01 00:27:28.500,BTCUSDT,BINANCE_USDT,29888.06,0.2962,29888.06,2.706,29889.55,4.568,0.0,110.72
2024-01-01 00:27:29.000,BTCUSDT,BINANCE_USDT,29887.80,0.1857,29887.05,3.285,29888.55,3.554,0.0,196.60
2024-01-01 00:27:29.500,BTCUSDT,BINANCE_USDT,29884.53,0.9345,29884.53,3.146,29886.02,2.374,0.0,176.72
2024-01-01 00:27:30.000,BTCUSDT,BINANCE_USDT,29885.61,0.7080,29884.11,3.519,29885.61,2.218,0.0,127.35
2024-01-01 00:27:30.500,BTCUSDT,BINANCE_USDT,29886.31,1.2256,29884.81,1.493,29886.31,3.088,0.0,131.99
2024-01-01 00:27:31.000,BTCUSDT,BINANCE_USDT,29887.33,0.2437,29885.83,4.990,29887.33,2.063,0.0,130.77
2024-01-01 00:27:31.500,BTCUSDT,BINANCE_USDT,29884.88,1.7966,29884.88,0.653,29886.37,0.568,0.0,175.39
2024-01-01 00:27:32.000,BTCUSDT,BINANCE_USDT,29884.89,0.4382,29884.14,1.217,29885.64,1.385,0.0,116.65
2024-01-01 00:27:32.500,BTCUSDT,BINANCE_USDT,29882.83,1.7542,29882.83,1.355,29884.32,3.077,0.0,166.18
2024-01-01 00:27:33.000,BTCUSDT,BINANCE_USDT,29885.03,0.8219,29883.54,4.856,29885.03,3.199,0.0,133.56
2024-01-01 00:27:33.500,BTCUSDT,BINANCE_USDT,29883.88,1.7635,29883.14,1.933,29884.63,1.063,0.0,105.54
2024-01-01 00:27:34.000,BTCUSDT,BINANCE_USDT,29884.21,0.1261,29884.21,3.947,29885.70,4.472,0.0,183.28
2024-01-01 00:27:34.500,BTCUSDT,BINANCE_USDT,29884.15,1.6970,29884.15,3.065,29885.65,2.218,0.0,145.79
2024-01-01 00:27:35.000,BTCUSDT,BINANCE_USDT,29885.00,1.5649,29884.26,1.738,29885.75,1.847,0.0,173.70
2024-01-01 00:27:35.500,BTCUSDT,BINANCE_USDT,29887.41,0.8795,29885.91,2.351,29887.41,3.139,0.0,128.64
2024-01-01 00:27:36.000,BTCUSDT,BINANCE_USDT,29884.40,1.4872,29884.40,1.374,29885.90,0.999,0.0,186.11
2024-01-01 00:27:36.500,BTCUSDT,BINANCE_USDT,29884.75,0.8949,29884.75,1.751,29886.24,1.459,0.0,160.64
2024-01-01 00:27:37.000,BTCUSDT,BINANCE_USDT,29886.86,1.0004,29885.37,2.587,29886.86,1.242,0.0,199.22
2024-01-01 00:27:37.500,BTCUSDT,BINANCE_USDT,29886.32,0.0795,29884.82,4.493,29886.32,3.981,0.0,198.03
2024-01-01 00:27:38.000,BTCUSDT,BINANCE_USDT,29884.79,0.5935,29884.05,3.096,29885.54,2.331,0.0,168.86
2024-01-01 00:27:38.500,BTCUSDT,BINANCE_USDT,29883.50,0.4309,29882.75,1.472,29884.25,4.654,0.0,186.32
2024-01-01 00:27:39.000,BTCUSDT,BINANCE_USDT,29883.77,0.6985,29882.28,1.602,29883.77,2.944,0.0,111.66
2024-01-01 00:27:39.500,BTCUSDT,BINANCE_USDT,29883.81,0.9317,29883.07,3.437,29884.56,2.275,0.0,194.81
2024-01-01 00:27:40.000,BTCUSDT,BINANCE_USDT,29882.78,0.5325,29882.04,2.010,29883.53,3.512,0.0,124.12
2024-01-01 00:27:40.500,BTCUSDT,BINANCE_USDT,29884.57,0.9276,29883.83,0.857,29885.32,3.389,0.0,162.51
2024-01-01 00:27:41.000,BTCUSDT,BINANCE_USDT,29884.70,0.5061,29883.95,4.588,29885.44,3.089,0.0,134.61
2024-01-01 00:27:41.500,BTCUSDT,BINANCE_USDT,29883.21,0.5655,29883.21,3.172,29884.70,2.206,0.0,111.91
2024-01-01 00:27:42.000,BTCUSDT,BINANCE_USDT,29884.31,1.7044,29883.56,2.999,29885.05,4.071,0.0,143.17
2024-01-01 00:27:42.500,BTCUSDT,BINANCE_USDT,29883.04,0.1358,29883.04,3.091,29884.53,2.449,0.0,196.69
2024-01-01 00:27:43.000,BTCUSDT,BINANCE_USDT,29884.07,1.7687,29882.58,0.894,29884.07,1.715,0.0,124.41
2024-01-01 00:27:43.500,BTCUSDT,BINANCE_USDT,29881.99,0.4298,29881.99,3.149,29883.49,2.807,0.0,189.61
2024-01-01 00:27:44.000,BTCUSDT,BINANCE_USDT,29885.15,0.1581,29884.40,4.225,29885.90,4.347,0.0,102.64
2024-01-01 00:27:44.500,BTCUSDT,BINANCE_USDT,29883.57,1.7260,29883.57,2.609,29885.06,4.411,0.0,127.59
2024-01-01 00:27:45.000,BTCUSDT,BINANCE_USDT,29883.26,0.3816,29881.77,3.730,29883.26,2.591,0.0,124.05
2024-01-01 00:27:45.500,BTCUSDT,BINANCE_USDT,29882.07,1.7217,29882.07,1.912,29883.57,3.756,0.0,154.32
2024-01-01 00:27:46.000,BTCUSDT,BINANCE_USDT,29883.44,0.1275,29883.44,4.024,29884.94,1.632,0.0,189.29
2024-01-01 00:27:46.500,BTCUSDT,BINANCE_USDT,29884.53,1.7726,29883.79,4.185,29885.28,2.799,0.0,146.71
2024-01-01 00:27:47.000,BTCUSDT,BINANCE_USDT,29885.87,0.5786,29885.12,4.581,29886.62,0.760,0.0,101.91
2024-01-01 00:27:47.500,BTCUSDT,BINANCE_USDT,29886.33,1.2543,29884.83,3.607,29886.33,4.934,0.0,170.21
2024-01-01 00:27:48.000,BTCUSDT,BINANCE_USDT,29885.04,0.5446,29885.04,1.935,29886.54,4.121,0.0,143.23
2024-01-01 00:27:48.500,BTCUSDT,BINANCE_USDT,29882.75,1.4223,29882.75,3.120,29884.24,1.866,0.0,136.05
2024-01-01 00:27:49.000,BTCUSDT,BINANCE_USDT,29884.00,1.6685,29884.00,4.349,29885.49,3.407,0.0,137.62
2024-01-01 00:27:49.500,BTCUSDT,BINANCE_USDT,29885.13,1.9435,29883.63,2.971,29885.13,2.800,0.0,124.83
2024-01-01 00:27:50.000,BTCUSDT,BINANCE_USDT,29886.97,0.3416,29885.48,1.353,29886.97,0.706,0.0,165.18
2024-01-01 00:27:50.500,BTCUSDT,BINANCE_USDT,29885.26,1.9800,29885.26,2.577,29886.76,4.328,0.0,118.52
2024-01-01 00:27:51.000,BTCUSDT,BINANCE_USDT,29885.88,1.9257,29885.13,3.647,29886.63,3.663,0.0,186.01
2024-01-01 00:27:51.500,BTCUSDT,BINANCE_USDT,29883.38,0.4287,29882.64,3.392,29884.13,1.321,0.0,101.44
2024-01-01 00:27:52.000,BTCUSDT,BINANCE_USDT,29883.48,0.6279,29882.73,1.491,29884.23,4.161,0.0,147.22
2024-01-01 00:27:52.500,BTCUSDT,BINANCE_USDT,29880.81,0.3236,29880.06,4.673,29881.56,1.734,0.0,128.58
2024-01-01 00:27:53.000,BTCUSDT,BINANCE_USDT,29880.94,1.4109,29879.45,4.608,29880.94,4.993,0.0,132.67
2024-01-01 00:27:53.500,BTCUSDT,BINANCE_USDT,29880.70,1.5441,29880.70,1.389,29882.20,2.243,0.0,103.99
2024-01-01 00:27:54.000,BTCUSDT,BINANCE_USDT,29880.32,0.3399,29880.32,0.771,29881.81,1.634,0.0,169.37
2024-01-01 00:27:54.500,BTCUSDT,BINANCE_USDT,29880.69,0.4794,29879.94,4.446,29881.44,3.153,0.0,185.32
2024-01-01 00:27:55.000,BTCUSDT,BINANCE_USDT,29880.34,0.3744,29880.34,0.970,29881.84,4.621,0.0,172.30
2024-01-01 00:27:55.500,BTCUSDT,BINANCE_USDT,29881.03,0.1326,29880.28,2.546,29881.78,4.687,0.0,127.40
2024-01-01 00:27:56.000,BTCUSDT,BINANCE_USDT,29883.70,0.3540,29882.20,2.055,29883.70,3.077,0.0,196.37
2024-01-01 00:27:56.500,BTCUSDT,BINANCE_USDT,29882.44,0.6598,29882.44,4.212,29883.93,3.514,0.0,200.00
2024-01-01 00:27:57.000,BTCUSDT,BINANCE_USDT,29884.26,1.6356,29884.26,3.587,29885.75,2.861,0.0,170.39
2024-01-01 00:27:57.500,BTCUSDT,BINANCE_USDT,29886.11,1.0777,29884.62,1.204,29886.11,1.970,0.0,139.32
2024-01-01 00:27:58.000,BTCUSDT,BINANCE_USDT,29885.40,0.1686,29884.65,2.479,29886.15,4.914,0.0,140.32
2024-01-01 00:27:58.500,BTCUSDT,BINANCE_USDT,29884.34,1.8271,29884.34,1.480,29885.83,4.605,0.0,130.05
2024-01-01 00:27:59.000,BTCUSDT,BINANCE_USDT,29886.29,0.6793,29884.80,1.166,29886.29,0.769,0.0,164.10
2024-01-01 00:27:59.500,BTCUSDT,BINANCE_USDT,29887.81,0.2848,29886.31,2.137,29887.81,2.965,0.0,144.66
2024-01-01 00:28:00.000,BTCUSDT,BINANCE_USDT,29887.79,1.5871,29887.04,1.639,29888.54,4.074,0.0,151.95
2024-01-01 00:28:00.500,BTCUSDT,BINANCE_USDT,29888.59,0.4012,29888.59,3.924,29890.08,4.304,0.0,108.73
2024-01-01 00:28:01.000,BTCUSDT,BINANCE_USDT,29890.12,0.6005,29890.12,1.700,29891.61,3.770,0.0,112.84
2024-01-01 00:28:01.500,BTCUSDT,BINANCE_USDT,29891.30,1.5943,29891.30,4.432,29892.79,0.978,0.0,137.13
2024-01-01 00:28:02.000,BTCUSDT,BINANCE_USDT,29891.98,0.3578,29890.49,1.628,29891.98,4.383,0.0,137.25
2024-01-01 00:28:02.500,BTCUSDT,BINANCE_USDT,29889.35,0.4813,29888.60,2.863,29890.09,2.564,0.0,111.37
2024-01-01 00:28:03.000,BTCUSDT,BINANCE_USDT,29889.01,1.1487,29887.52,3.787,29889.01,1.440,0.0,178.74
2024-01-01 00:28:03.500,BTCUSDT,BINANCE_USDT,29888.31,1.6029,29887.56,2.521,29889.06,1.885,0.0,172.53
2024-01-01 00:28:04.000,BTCUSDT,BINANCE_USDT,29886.42,0.0479,29886.42,3.713,29887.92,2.368,0.0,169.58
2024-01-01 00:28:04.500,BTCUSDT,BINANCE_USDT,29887.84,1.1964,29886.35,2.873,29887.84,1.224,0.0,133.52
2024-01-01 00:28:05.000,BTCUSDT,BINANCE_USDT,29887.90,1.1351,29886.41,4.959,29887.90,1.959,0.0,163.07
2024-01-01 00:28:05.500,BTCUSDT,BINANCE_USDT,29889.86,1.4647,29889.12,2.704,29890.61,1.904,0.0,147.04
2024-01-01 00:28:06.000,BTCUSDT,BINANCE_USDT,29887.97,0.1879,29887.97,1.751,29889.47,2.830,0.0,196.05
2024-01-01 00:28:06.500,BTCUSDT,BINANCE_USDT,29888.69,1.7815,29887.94,1.573,29889.43,4.365,0.0,165.99
2024-01-01 00:28:07.000,BTCUSDT,BINANCE_USDT,29889.87,0.6799,29889.12,4.414,29890.61,3.786,0.0,157.05
2024-01-01 00:28:07.500,BTCUSDT,BINANCE_USDT,29890.83,1.7283,29890.08,1.491,29891.57,4.264,0.0,185.95
2024-01-01 00:28:08.000,BTCUSDT,BINANCE_USDT,29890.00,0.7623,29889.25,3.847,29890.74,1.324,0.0,162.73
2024-01-01 00:28:08.500,BTCUSDT,BINANCE_USDT,29891.52,0.7700,29890.77,2.919,29892.27,2.448,0.0,181.04
2024-01-01 00:28:09.000,BTCUSDT,BINANCE_USDT,29892.02,1.7781,29891.27,2.066,29892.77,4.116,0.0,140.48
2024-01-01 00:28:09.500,BTCUSDT,BINANCE_USDT,29893.08,1.8158,29891.58,3.963,29893.08,1.569,0.0,148.31
2024-01-01 00:28:10.000,BTCUSDT,BINANCE_USDT,29892.55,0.0289,29891.80,4.875,29893.29,3.198,0.0,111.77
2024-01-01 00:28:10.500,BTCUSDT,BINANCE_USDT,29892.15,0.9597,29891.40,3.521,29892.90,3.192,0.0,108.47
2024-01-01 00:28:11.000,BTCUSDT,BINANCE_USDT,29888.51,1.6663,29888.51,2.218,29890.00,1.502,0.0,128.81
2024-01-01 00:28:11.500,BTCUSDT,BINANCE_USDT,29890.90,0.4461,29889.40,1.207,29890.90,3.809,0.0,136.78
2024-01-01 00:28:12.000,BTCUSDT,BINANCE_USDT,29890.66,1.6770,29889.17,3.943,29890.66,0.885,0.0,197.84
2024-01-01 00:28:12.500,BTCUSDT,BINANCE_USDT,29888.40,1.7973,29888.40,4.050,29889.90,4.658,0.0,163.83
2024-01-01 00:28:13.000,BTCUSDT,BINANCE_USDT,29888.87,0.4871,29888.12,4.463,29889.61,2.876,0.0,120.57
2024-01-01 00:28:13.500,BTCUSDT,BINANCE_USDT,29888.79,1.5164,29888.04,4.368,29889.54,3.225,0.0,113.41
2024-01-01 00:28:14.000,BTCUSDT,BINANCE_USDT,29886.68,1.4373,29886.68,3.352,29888.18,4.843,0.0,167.05
2024-01-01 00:28:14.500,BTCUSDT,BINANCE_USDT,29887.62,0.9488,29886.13,4.085,29887.62,0.609,0.0,107.85
2024-01-01 00:28:15.000,BTCUSDT,BINANCE_USDT,29883.03,0.3389,29883.03,2.973,29884.52,2.197,0.0,155.73
2024-01-01 00:28:15.500,BTCUSDT,BINANCE_USDT,29884.17,0.6574,29883.43,3.648,29884.92,0.602,0.0,120.16
2024-01-01 00:28:16.000,BTCUSDT,BINANCE_USDT,29884.45,0.7835,29884.45,2.626,29885.94,2.238,0.0,180.68
2024-01-01 00:28:16.500,BTCUSDT,BINANCE_USDT,29883.83,0.0894,29883.83,4.704,29885.33,0.671,0.0,186.30
2024-01-01 00:28:17.000,BTCUSDT,BINANCE_USDT,29882.56,1.6312,29882.56,1.130,29884.05,2.751,0.0,167.14
2024-01-01 00:28:17.500,BTCUSDT,BINANCE_USDT,29883.59,0.5508,29882.09,4.145,29883.59,3.918,0.0,165.63
2024-01-01 00:28:18.000,BTCUSDT,BINANCE_USDT,29882.12,1.1047,29881.37,3.404,29882.87,3.919,0.0,167.53
2024-01-01 00:28:18.500,BTCUSDT,BINANCE_USDT,29882.73,0.6598,29881.99,3.522,29883.48,1.719,0.0,109.46
2024-01-01 00:28:19.000,BTCUSDT,BINANCE_USDT,29882.32,0.1028,29880.83,4.495,29882.32,0.977,0.0,148.24
2024-01-01 00:28:19.500,BTCUSDT,BINANCE_USDT,29882.89,0.1850,29881.40,1.617,29882.89,2.366,0.0,185.21
2024-01-01 00:28:20.000,BTCUSDT,BINANCE_USDT,29880.49,1.1503,29880.49,2.100,29881.98,2.765,0.0,143.30
2024-01-01 00:28:20.500,BTCUSDT,BINANCE_USDT,29878.35,1.3625,29878.35,2.255,29879.85,0.781,0.0,161.78
2024-01-01 00:28:21.000,BTCUSDT,BINANCE_USDT,29880.06,0.9960,29879.31,3.273,29880.80,2.308,0.0,181.08
2024-01-01 00:28:21.500,BTCUSDT,BINANCE_USDT,29879.96,1.0954,29879.21,2.805,29880.71,2.992,0.0,174.78
2024-01-01 00:28:22.000,BTCUSDT,BINANCE_USDT,29880.53,0.9770,29880.53,3.436,29882.03,4.230,0.0,149.65
2024-01-01 00:28:22.500,BTCUSDT,BINANCE_USDT,29882.59,0.2753,29881.09,2.093,29882.59,1.609,0.0,108.68
2024-01-01 00:28:23.000,BTCUSDT,BINANCE_USDT,29880.99,1.7836,29880.24,4.493,29881.74,3.089,0.0,194.08
2024-01-01 00:28:23.500,BTCUSDT,BINANCE_USDT,29879.02,1.3012,29878.27,0.947,29879.77,2.219,0.0,130.27
2024-01-01 00:28:24.000,BTCUSDT,BINANCE_USDT,29882.16,1.0903,29880.66,4.092,29882.16,2.605,0.0,167.15
2024-01-01 00:28:24.500,BTCUSDT,BINANCE_USDT,29881.51,0.5619,29880.76,3.681,29882.26,4.570,0.0,113.23
2024-01-01 00:28:25.000,BTCUSDT,BINANCE_USDT,29881.46,0.4333,29881.46,4.539,29882.95,2.407,0.0,116.90
2024-01-01 00:28:25.500,BTCUSDT,BINANCE_USDT,29881.33,1.1895,29880.58,4.150,29882.08,4.692,0.0,149.05
2024-01-01 00:28:26.000,BTCUSDT,BINANCE_USDT,29882.66,0.5189,29881.16,4.746,29882.66,4.452,0.0,171.31
2024-01-01 00:28:26.500,BTCUSDT,BINANCE_USDT,29882.32,1.7788,29880.83,4.888,29882.32,3.901,0.0,108.91
2024-01-01 00:28:27.000,BTCUSDT,BINANCE_USDT,29881.83,0.5446,29880.34,1.309,29881.83,3.010,0.0,198.61
2024-01-01 00:28:27.500,BTCUSDT,BINANCE_USDT,29880.76,1.1138,29880.76,3.770,29882.26,0.950,0.0,144.76
2024-01-01 00:28:28.000,BTCUSDT,BINANCE_USDT,29881.07,1.6474,29880.33,3.509,29881.82,2.317,0.0,139.15
2024-01-01 00:28:28.500,BTCUSDT,BINANCE_USDT,29880.55,0.9742,29880.55,2.475,29882.05,1.194,0.0,157.42
2024-01-01 00:28:29.000,BTCUSDT,BINANCE_USDT,29880.67,1.5750,29880.67,2.839,29882.17,2.991,0.0,190.56
2024-01-01 00:28:29.500,BTCUSDT,BINANCE_USDT,29880.11,1.9346,29880.11,4.624,29881.61,1.401,0.0,137.24
2024-01-01 00:28:30.000,BTCUSDT,BINANCE_USDT,29881.42,0.2148,29880.67,2.831,29882.16,4.370,0.0,137.47
2024-01-01 00:28:30.500,BTCUSDT,BINANCE_USDT,29883.54,1.2118,29882.05,2.283,29883.54,2.756,0.0,114.52
2024-01-01 00:28:31.000,BTCUSDT,BINANCE_USDT,29884.22,0.1436,29883.47,4.632,29884.97,4.645,0.0,102.61
2024-01-01 00:28:31.500,BTCUSDT,BINANCE_USDT,29885.98,1.2587,29884.49,1.860,29885.98,1.692,0.0,141.96
2024-01-01 00:28:32.000,BTCUSDT,BINANCE_USDT,29886.00,1.6521,29886.00,4.479,29887.50,4.914,0.0,116.34
2024-01-01 00:28:32.500,BTCUSDT,BINANCE_USDT,29886.77,1.4310,29885.28,4.440,29886.77,2.625,0.0,124.40
2024-01-01 00:28:33.000,BTCUSDT,BINANCE_USDT,29887.05,0.1727,29885.55,3.246,29887.05,1.005,0.0,111.22
2024-01-01 00:28:33.500,BTCUSDT,BINANCE_USDT,29888.61,0.3184,29887.86,0.565,29889.36,3.532,0.0,183.61
2024-01-01 00:28:34.000,BTCUSDT,BINANCE_USDT,29885.32,1.0919,29885.32,4.533,29886.82,4.068,0.0,101.44
2024-01-01 00:28:34.500,BTCUSDT,BINANCE_USDT,29885.17,0.7108,29885.17,1.861,29886.67,3.248,0.0,192.51
2024-01-01 00:28:35.000,BTCUSDT,BINANCE_USDT,29883.00,0.2109,29882.25,1.593,29883.75,1.852,0.0,168.63
2024-01-01 00:28:35.500,BTCUSDT,BINANCE_USDT,29882.96,0.3573,29881.47,3.741,29882.96,1.504,0.0,137.33
2024-01-01 00:28:36.000,BTCUSDT,BINANCE_USDT,29881.18,0.3167,29881.18,0.898,29882.67,4.816,0.0,166.61
2024-01-01 00:28:36.500,BTCUSDT,BINANCE_USDT,29881.67,0.9089,29881.67,4.219,29883.16,2.469,0.0,182.12
2024-01-01 00:28:37.000,BTCUSDT,BINANCE_USDT,29882.68,0.2990,29882.68,4.437,29884.17,3.194,0.0,182.44
2024-01-01 00:28:37.500,BTCUSDT,BINANCE_USDT,29881.98,1.0472,29881.23,3.051,29882.72,4.021,0.0,172.12
2024-01-01 00:28:38.000,BTCUSDT,BINANCE_USDT,29880.53,1.8850,29880.53,1.965,29882.02,0.712,0.0,190.23
2024-01-01 00:28:38.500,BTCUSDT,BINANCE_USDT,29881.44,1.6131,29879.94,1.772,29881.44,3.026,0.0,158.18
2024-01-01 00:28:39.000,BTCUSDT,BINANCE_USDT,29882.44,0.9044,29880.94,1.376,29882.44,4.773,0.0,163.73
2024-01-01 00:28:39.500,BTCUSDT,BINANCE_USDT,29879.95,0.3890,29879.20,4.308,29880.70,2.071,0.0,122.03
2024-01-01 00:28:40.000,BTCUSDT,BINANCE_USDT,29879.26,0.6726,29878.51,3.117,29880.01,1.024,0.0,176.94
2024-01-01 00:28:40.500,BTCUSDT,BINANCE_USDT,29880.06,0.7983,29878.57,1.007,29880.06,1.103,0.0,154.59
2024-01-01 00:28:41.000,BTCUSDT,BINANCE_USDT,29880.47,1.2832,29879.73,2.876,29881.22,1.247,0.0,117.28
2024-01-01 00:28:41.500,BTCUSDT,BINANCE_USDT,29878.56,1.2915,29878.56,4.479,29880.06,3.736,0.0,166.98
2024-01-01 00:28:42.000,BTCUSDT,BINANCE_USDT,29880.34,1.1976,29879.59,0.634,29881.08,3.695,0.0,192.40
2024-01-01 00:28:42.500,BTCUSDT,BINANCE_USDT,29877.76,0.5490,29877.76,2.445,29879.26,3.244,0.0,132.63
2024-01-01 00:28:43.000,BTCUSDT,BINANCE_USDT,29880.61,1.6073,29879.12,4.899,29880.61,1.711,0.0,105.75
2024-01-01 00:28:43.500,BTCUSDT,BINANCE_USDT,29880.06,1.2979,29878.56,1.610,29880.06,1.603,0.0,159.98
2024-01-01 00:28:44.000,BTCUSDT,BINANCE_USDT,29879.38,0.6350,29878.64,3.479,29880.13,0.576,0.0,191.26
2024-01-01 00:28:44.500,BTCUSDT,BINANCE_USDT,29880.48,1.7501,29879.74,0.562,29881.23,0.962,0.0,158.64
2024-01-01 00:28:45.000,BTCUSDT,BINANCE_USDT,29877.20,1.7726,29877.20,2.884,29878.69,1.827,0.0,128.40
2024-01-01 00:28:45.500,BTCUSDT,BINANCE_USDT,29877.79,1.2595,29877.79,4.157,29879.28,1.249,0.0,148.47
2024-01-01 00:28:46.000,BTCUSDT,BINANCE_USDT,29879.10,1.8258,29877.60,1.043,29879.10,4.542,0.0,172.78
2024-01-01 00:28:46.500,BTCUSDT,BINANCE_USDT,29879.24,1.0475,29877.75,1.766,29879.24,3.345,0.0,162.43
2024-01-01 00:28:47.000,BTCUSDT,BINANCE_USDT,29881.15,1.2910,29879.66,2.594,29881.15,1.675,0.0,159.80
2024-01-01 00:28:47.500,BTCUSDT,BINANCE_USDT,29879.87,1.7215,29879.12,2.536,29880.62,0.842,0.0,153.98
2024-01-01 00:28:48.000,BTCUSDT,BINANCE_USDT,29881.35,0.3481,29879.86,1.713,29881.35,2.039,0.0,133.34
2024-01-01 00:28:48.500,BTCUSDT,BINANCE_USDT,29882.88,1.4645,29882.14,1.741,29883.63,4.590,0.0,175.85
2024-01-01 00:28:49.000,BTCUSDT,BINANCE_USDT,29882.29,0.7645,29882.29,1.022,29883.79,1.282,0.0,137.10
2024-01-01 00:28:49.500,BTCUSDT,BINANCE_USDT,29883.23,0.2526,29881.73,0.568,29883.23,2.568,0.0,118.67
2024-01-01 00:28:50.000,BTCUSDT,BINANCE_USDT,29882.44,0.9122,29881.69,4.265,29883.19,2.944,0.0,123.53
2024-01-01 00:28:50.500,BTCUSDT,BINANCE_USDT,29883.89,1.6617,29882.39,4.037,29883.89,2.071,0.0,126.09
2024-01-01 00:28:51.000,BTCUSDT,BINANCE_USDT,29882.35,0.9923,29882.35,2.809,29883.85,3.362,0.0,167.40
2024-01-01 00:28:51.500,BTCUSDT,BINANCE_USDT,29883.20,0.4202,29883.20,1.413,29884.69,0.859,0.0,149.01
2024-01-01 00:28:52.000,BTCUSDT,BINANCE_USDT,29883.42,1.8744,29883.42,3.684,29884.92,4.062,0.0,119.72
2024-01-01 00:28:52.500,BTCUSDT,BINANCE_USDT,29883.25,0.6573,29882.50,2.193,29883.99,4.120,0.0,112.82
2024-01-01 00:28:53.000,BTCUSDT,BINANCE_USDT,29884.63,0.0706,29884.63,2.083,29886.12,2.256,0.0,173.31
2024-01-01 00:28:53.500,BTCUSDT,BINANCE_USDT,29885.76,1.9134,29885.76,3.250,29887.25,2.913,0.0,188.09
2024-01-01 00:28:54.000,BTCUSDT,BINANCE_USDT,29886.00,1.2520,29885.25,1.176,29886.75,4.188,0.0,148.24
2024-01-01 00:28:54.500,BTCUSDT,BINANCE_USDT,29885.73,1.5283,29884.98,3.698,29886.48,1.500,0.0,185.15
2024-01-01 00:28:55.000,BTCUSDT,BINANCE_USDT,29883.95,0.9757,29883.20,0.659,29884.70,0.896,0.0,152.77
2024-01-01 00:28:55.500,BTCUSDT,BINANCE_USDT,29884.38,1.6284,29882.89,4.134,29884.38,1.058,0.0,126.61
2024-01-01 00:28:56.000,BTCUSDT,BINANCE_USDT,29885.13,1.9748,29885.13,0.606,29886.62,4.705,0.0,153.09
2024-01-01 00:28:56.500,BTCUSDT,BINANCE_USDT,29885.99,0.7681,29884.50,2.111,29885.99,1.526,0.0,136.15
2024-01-01 00:28:57.000,BTCUSDT,BINANCE_USDT,29885.00,0.4795,29884.25,1.147,29885.75,4.089,0.0,147.11
2024-01-01 00:28:57.500,BTCUSDT,BINANCE_USDT,29885.56,1.3323,29884.07,2.797,29885.56,4.482,0.0,196.22
2024-01-01 00:28:58.000,BTCUSDT,BINANCE_USDT,29883.55,0.1410,29882.80,3.389,29884.30,3.631,0.0,188.92
2024-01-01 00:28:58.500,BTCUSDT,BINANCE_USDT,29883.03,1.6456,29883.03,0.516,29884.52,0.844,0.0,167.06
2024-01-01 00:28:59.000,BTCUSDT,BINANCE_USDT,29881.91,0.6659,29881.91,4.148,29883.41,1.864,0.0,170.37
2024-01-01 00:28:59.500,BTCUSDT,BINANCE_USDT,29885.14,0.2032,29883.65,3.540,29885.14,4.352,0.0,119.26
2024-01-01 00:29:00.000,BTCUSDT,BINANCE_USDT,29884.78,0.7245,29883.29,1.964,29884.78,0.550,0.0,120.35
2024-01-01 00:29:00.500,BTCUSDT,BINANCE_USDT,29883.43,0.5686,29882.68,1.210,29884.18,0.762,0.0,101.24
2024-01-01 00:29:01.000,BTCUSDT,BINANCE_USDT,29882.45,1.8894,29881.71,2.268,29883.20,0.564,0.0,176.20
2024-01-01 00:29:01.500,BTCUSDT,BINANCE_USDT,29881.49,0.6361,29880.74,3.216,29882.24,1.147,0.0,198.01
2024-01-01 00:29:02.000,BTCUSDT,BINANCE_USDT,29880.73,1.2644,29880.73,2.485,29882.22,0.773,0.0,101.31
2024-01-01 00:29:02.500,BTCUSDT,BINANCE_USDT,29880.97,0.4805,29880.23,4.447,29881.72,0.921,0.0,102.87
2024-01-01 00:29:03.000,BTCUSDT,BINANCE_USDT,29880.29,0.7075,29880.29,1.270,29881.79,1.087,0.0,193.18
2024-01-01 00:29:03.500,BTCUSDT,BINANCE_USDT,29882.54,0.6505,29881.79,0.654,29883.29,0.599,0.0,131.88
2024-01-01 00:29:04.000,BTCUSDT,BINANCE_USDT,29880.18,1.6240,29880.18,4.083,29881.68,0.556,0.0,136.65
2024-01-01 00:29:04.500,BTCUSDT,BINANCE_USDT,29880.27,0.4672,29880.27,2.869,29881.76,3.655,0.0,195.75
2024-01-01 00:29:05.000,BTCUSDT,BINANCE_USDT,29881.67,0.5501,29881.67,3.819,29883.17,4.700,0.0,186.24
2024-01-01 00:29:05.500,BTCUSDT,BINANCE_USDT,29881.90,0.9633,29881.15,4.474,29882.65,4.111,0.0,194.81
2024-01-01 00:29:06.000,BTCUSDT,BINANCE_USDT,29880.16,0.3665,29880.16,3.841,29881.66,2.166,0.0,171.18
2024-01-01 00:29:06.500,BTCUSDT,BINANCE_USDT,29880.48,1.0013,29879.74,1.243,29881.23,3.906,0.0,142.80
2024-01-01 00:29:07.000,BTCUSDT,BINANCE_USDT,29878.92,1.6366,29878.18,3.361,29879.67,2.966,0.0,113.39
2024-01-01 00:29:07.500,BTCUSDT,BINANCE_USDT,29880.32,0.4621,29879.58,1.623,29881.07,2.045,0.0,152.36
2024-01-01 00:29:08.000,BTCUSDT,BINANCE_USDT,29879.66,1.9705,29878.17,2.161,29879.66,1.818,0.0,197.09
2024-01-01 00:29:08.500,BTCUSDT,BINANCE_USDT,29879.71,1.2918,29878.21,2.415,29879.71,1.258,0.0,167.40
2024-01-01 00:29:09.000,BTCUSDT,BINANCE_USDT,29876.93,1.1268,29876.93,1.407,29878.42,2.318,0.0,111.31
2024-01-01 00:29:09.500,BTCUSDT,BINANCE_USDT,29878.03,1.0790,29877.29,2.110,29878.78,3.137,0.0,192.04
2024-01-01 00:29:10.000,BTCUSDT,BINANCE_USDT,29877.93,1.0806,29876.44,3.249,29877.93,4.037,0.0,150.04
2024-01-01 00:29:10.500,BTCUSDT,BINANCE_USDT,29874.77,1.7275,29874.77,3.475,29876.26,1.928,0.0,178.98
2024-01-01 00:29:11.000,BTCUSDT,BINANCE_USDT,29873.37,1.9968,29873.37,3.023,29874.86,4.428,0.0,187.55
2024-01-01 00:29:11.500,BTCUSDT,BINANCE_USDT,29875.36,0.6347,29873.86,4.532,29875.36,1.016,0.0,144.90
2024-01-01 00:29:12.000,BTCUSDT,BINANCE_USDT,29875.44,1.0742,29873.95,1.943,29875.44,0.917,0.0,185.80
2024-01-01 00:29:12.500,BTCUSDT,BINANCE_USDT,29875.06,1.9044,29873.57,4.139,29875.06,0.506,0.0,124.81
2024-01-01 00:29:13.000,BTCUSDT,BINANCE_USDT,29876.51,1.4035,29875.01,3.133,29876.51,3.765,0.0,107.60
2024-01-01 00:29:13.500,BTCUSDT,BINANCE_USDT,29874.41,1.4696,29873.66,1.330,29875.15,1.075,0.0,182.21
2024-01-01 00:29:14.000,BTCUSDT,BINANCE_USDT,29871.96,0.6096,29871.96,2.191,29873.45,4.793,0.0,177.37
2024-01-01 00:29:14.500,BTCUSDT,BINANCE_USDT,29871.12,1.2407,29871.12,3.100,29872.62,1.603,0.0,181.92
2024-01-01 00:29:15.000,BTCUSDT,BINANCE_USDT,29873.90,1.8025,29872.41,4.961,29873.90,2.713,0.0,194.36
2024-01-01 00:29:15.500,BTCUSDT,BINANCE_USDT,29872.22,1.1235,29871.48,3.404,29872.97,4.964,0.0,135.65
2024-01-01 00:29:16.000,BTCUSDT,BINANCE_USDT,29871.59,1.4042,29870.09,2.103,29871.59,0.533,0.0,121.99
2024-01-01 00:29:16.500,BTCUSDT,BINANCE_USDT,29869.80,1.6273,29869.05,3.217,29870.54,3.524,0.0,154.71
2024-01-01 00:29:17.000,BTCUSDT,BINANCE_USDT,29870.96,0.4212,29869.47,0.951,29870.96,3.067,0.0,170.75
2024-01-01 00:29:17.500,BTCUSDT,BINANCE_USDT,29870.44,1.6523,29868.94,2.352,29870.44,4.874,0.0,198.93
2024-01-01 00:29:18.000,BTCUSDT,BINANCE_USDT,29868.99,0.1729,29867.49,4.809,29868.99,4.661,0.0,189.72
2024-01-01 00:29:18.500,BTCUSDT,BINANCE_USDT,29868.29,0.0053,29868.29,4.417,29869.79,0.519,0.0,189.72
2024-01-01 00:29:19.000,BTCUSDT,BINANCE_USDT,29868.24,0.9014,29867.49,2.579,29868.99,1.547,0.0,161.90
2024-01-01 00:29:19.500,BTCUSDT,BINANCE_USDT,29867.07,0.6802,29867.07,1.051,29868.56,4.513,0.0,187.39
2024-01-01 00:29:20.000,BTCUSDT,BINANCE_USDT,29864.83,1.5666,29864.83,3.214,29866.32,4.669,0.0,151.85
2024-01-01 00:29:20.500,BTCUSDT,BINANCE_USDT,29867.06,1.6473,29865.57,3.555,29867.06,4.621,0.0,161.80
2024-01-01 00:29:21.000,BTCUSDT,BINANCE_USDT,29865.75,0.6026,29865.75,3.100,29867.25,2.808,0.0,129.66
2024-01-01 00:29:21.500,BTCUSDT,BINANCE_USDT,29866.11,1.5489,29866.11,1.659,29867.61,4.321,0.0,183.13
2024-01-01 00:29:22.000,BTCUSDT,BINANCE_USDT,29867.48,0.6574,29867.48,4.248,29868.97,4.448,0.0,130.25
2024-01-01 00:29:22.500,BTCUSDT,BINANCE_USDT,29867.09,0.2297,29866.34,2.172,29867.84,4.690,0.0,170.94
2024-01-01 00:29:23.000,BTCUSDT,BINANCE_USDT,29867.53,1.6810,29866.04,4.948,29867.53,3.265,0.0,163.08
2024-01-01 00:29:23.500,BTCUSDT,BINANCE_USDT,29865.11,0.8893,29865.11,3.034,29866.60,3.158,0.0,123.50
2024-01-01 00:29:24.000,BTCUSDT,BINANCE_USDT,29864.53,1.2428,29863.78,3.973,29865.28,4.690,0.0,152.11
2024-01-01 00:29:24.500,BTCUSDT,BINANCE_USDT,29865.04,1.2781,29863.55,3.288,29865.04,1.807,0.0,133.20
2024-01-01 00:29:25.000,BTCUSDT,BINANCE_USDT,29865.99,0.2030,29865.99,4.488,29867.49,0.708,0.0,153.58
2024-01-01 00:29:25.500,BTCUSDT,BINANCE_USDT,29866.92,0.4486,29865.43,0.813,29866.92,1.663,0.0,155.45
2024-01-01 00:29:26.000,BTCUSDT,BINANCE_USDT,29868.44,0.4690,29867.69,2.910,29869.18,3.211,0.0,184.36
2024-01-01 00:29:26.500,BTCUSDT,BINANCE_USDT,29866.45,0.5891,29866.45,3.691,29867.94,3.879,0.0,130.30
2024-01-01 00:29:27.000,BTCUSDT,BINANCE_USDT,29868.54,1.3051,29867.80,4.933,29869.29,2.350,0.0,100.93
2024-01-01 00:29:27.500,BTCUSDT,BINANCE_USDT,29868.29,1.0221,29868.29,3.538,29869.78,2.340,0.0,112.68
2024-01-01 00:29:28.000,BTCUSDT,BINANCE_USDT,29869.60,0.7189,29869.60,1.487,29871.09,0.897,0.0,151.78
2024-01-01 00:29:28.500,BTCUSDT,BINANCE_USDT,29870.99,1.2351,29869.49,4.630,29870.99,1.408,0.0,145.35
2024-01-01 00:29:29.000,BTCUSDT,BINANCE_USDT,29872.31,0.6669,29870.82,4.600,29872.31,2.341,0.0,147.76
2024-01-01 00:29:29.500,BTCUSDT,BINANCE_USDT,29872.08,0.3527,29871.33,0.732,29872.82,4.139,0.0,180.07
2024-01-01 00:29:30.000,BTCUSDT,BINANCE_USDT,29872.60,0.2575,29871.10,1.947,29872.60,4.009,0.0,136.44
2024-01-01 00:29:30.500,BTCUSDT,BINANCE_USDT,29870.90,1.2914,29870.16,0.735,29871.65,4.274,0.0,182.20
2024-01-01 00:29:31.000,BTCUSDT,BINANCE_USDT,29870.69,1.2712,29870.69,4.306,29872.18,4.011,0.0,105.43
2024-01-01 00:29:31.500,BTCUSDT,BINANCE_USDT,29873.55,0.8462,29872.06,4.652,29873.55,4.892,0.0,143.22
2024-01-01 00:29:32.000,BTCUSDT,BINANCE_USDT,29872.59,1.8112,29871.84,3.238,29873.34,2.796,0.0,128.58
2024-01-01 00:29:32.500,BTCUSDT,BINANCE_USDT,29872.49,1.7872,29870.99,2.260,29872.49,2.350,0.0,115.10
2024-01-01 00:29:33.000,BTCUSDT,BINANCE_USDT,29868.90,0.2710,29868.90,1.606,29870.39,3.521,0.0,107.79
2024-01-01 00:29:33.500,BTCUSDT,BINANCE_USDT,29869.35,1.2482,29868.61,2.241,29870.10,4.954,0.0,130.00
2024-01-01 00:29:34.000,BTCUSDT,BINANCE_USDT,29870.45,0.6655,29869.70,3.540,29871.19,4.694,0.0,122.22
2024-01-01 00:29:34.500,BTCUSDT,BINANCE_USDT,29868.43,1.7783,29868.43,4.958,29869.92,4.378,0.0,146.36
2024-01-01 00:29:35.000,BTCUSDT,BINANCE_USDT,29870.79,1.0503,29869.29,1.848,29870.79,2.998,0.0,168.67
2024-01-01 00:29:35.500,BTCUSDT,BINANCE_USDT,29867.99,1.1621,29867.99,4.319,29869.48,1.620,0.0,154.00
2024-01-01 00:29:36.000,BTCUSDT,BINANCE_USDT,29867.60,1.7348,29866.10,3.779,29867.60,1.615,0.0,111.05
2024-01-01 00:29:36.500,BTCUSDT,BINANCE_USDT,29867.49,0.4877,29867.49,1.286,29868.99,3.640,0.0,145.62
2024-01-01 00:29:37.000,BTCUSDT,BINANCE_USDT,29867.98,1.0916,29867.23,1.490,29868.73,3.991,0.0,119.68
2024-01-01 00:29:37.500,BTCUSDT,BINANCE_USDT,29868.16,0.1878,29868.16,4.461,29869.65,3.636,0.0,174.30
2024-01-01 00:29:38.000,BTCUSDT,BINANCE_USDT,29865.04,1.1274,29865.04,3.617,29866.53,0.564,0.0,191.18
2024-01-01 00:29:38.500,BTCUSDT,BINANCE_USDT,29865.09,0.1475,29865.09,0.926,29866.58,2.675,0.0,150.93
2024-01-01 00:29:39.000,BTCUSDT,BINANCE_USDT,29866.95,1.5162,29865.46,2.088,29866.95,4.179,0.0,144.73
2024-01-01 00:29:39.500,BTCUSDT,BINANCE_USDT,29867.13,0.7709,29865.63,2.719,29867.13,2.489,0.0,100.88
2024-01-01 00:29:40.000,BTCUSDT,BINANCE_USDT,29866.53,0.6845,29865.79,3.505,29867.28,3.180,0.0,126.20
2024-01-01 00:29:40.500,BTCUSDT,BINANCE_USDT,29864.82,1.2571,29863.32,0.814,29864.82,1.375,0.0,199.58
2024-01-01 00:29:41.000,BTCUSDT,BINANCE_USDT,29864.79,0.6626,29864.79,3.580,29866.28,1.365,0.0,148.28
2024-01-01 00:29:41.500,BTCUSDT,BINANCE_USDT,29866.65,0.3381,29865.90,3.544,29867.39,1.578,0.0,134.79
2024-01-01 00:29:42.000,BTCUSDT,BINANCE_USDT,29866.32,1.9718,29865.57,2.415,29867.07,4.818,0.0,192.40
2024-01-01 00:29:42.500,BTCUSDT,BINANCE_USDT,29866.93,1.1882,29866.18,2.957,29867.68,2.886,0.0,136.81
2024-01-01 00:29:43.000,BTCUSDT,BINANCE_USDT,29869.21,1.4071,29867.71,3.907,29869.21,3.194,0.0,138.38
2024-01-01 00:29:43.500,BTCUSDT,BINANCE_USDT,29868.34,0.3094,29868.34,2.806,29869.84,2.300,0.0,179.59
2024-01-01 00:29:44.000,BTCUSDT,BINANCE_USDT,29867.66,0.0739,29866.17,2.879,29867.66,4.797,0.0,101.96
2024-01-01 00:29:44.500,BTCUSDT,BINANCE_USDT,29869.24,1.5762,29867.75,1.503,29869.24,1.424,0.0,141.56
2024-01-01 00:29:45.000,BTCUSDT,BINANCE_USDT,29867.91,1.0523,29866.42,1.159,29867.91,4.145,0.0,109.93
2024-01-01 00:29:45.500,BTCUSDT,BINANCE_USDT,29866.37,0.4860,29866.37,1.364,29867.86,1.187,0.0,174.40
2024-01-01 00:29:46.000,BTCUSDT,BINANCE_USDT,29867.19,1.3981,29867.19,3.299,29868.69,2.536,0.0,139.78
2024-01-01 00:29:46.500,BTCUSDT,BINANCE_USDT,29869.85,1.9579,29869.11,1.854,29870.60,3.506,0.0,164.60
2024-01-01 00:29:47.000,BTCUSDT,BINANCE_USDT,29868.75,1.0398,29868.75,4.056,29870.25,3.242,0.0,177.97
2024-01-01 00:29:47.500,BTCUSDT,BINANCE_USDT,29870.68,1.8847,29870.68,2.701,29872.17,3.397,0.0,139.34
2024-01-01 00:29:48.000,BTCUSDT,BINANCE_USDT,29872.71,0.3356,29871.96,4.571,29873.45,2.541,0.0,166.85
2024-01-01 00:29:48.500,BTCUSDT,BINANCE_USDT,29870.73,1.6925,29870.73,1.023,29872.22,0.960,0.0,115.93
2024-01-01 00:29:49.000,BTCUSDT,BINANCE_USDT,29871.42,1.4671,29870.68,3.446,29872.17,3.482,0.0,174.15
2024-01-01 00:29:49.500,BTCUSDT,BINANCE_USDT,29874.23,1.6264,29872.74,4.352,29874.23,1.400,0.0,149.89
2024-01-01 00:29:50.000,BTCUSDT,BINANCE_USDT,29872.58,1.6346,29871.84,3.270,29873.33,3.170,0.0,178.18
2024-01-01 00:29:50.500,BTCUSDT,BINANCE_USDT,29873.15,1.4652,29872.40,3.621,29873.89,1.907,0.0,113.93
2024-01-01 00:29:51.000,BTCUSDT,BINANCE_USDT,29873.39,0.8267,29871.90,4.917,29873.39,3.225,0.0,156.76
2024-01-01 00:29:51.500,BTCUSDT,BINANCE_USDT,29869.95,0.6779,29869.95,1.074,29871.45,1.521,0.0,103.07
2024-01-01 00:29:52.000,BTCUSDT,BINANCE_USDT,29870.94,0.8078,29869.44,3.654,29870.94,2.865,0.0,103.43
2024-01-01 00:29:52.500,BTCUSDT,BINANCE_USDT,29871.18,0.4416,29870.44,0.681,29871.93,3.560,0.0,191.39
2024-01-01 00:29:53.000,BTCUSDT,BINANCE_USDT,29868.66,0.2494,29867.91,3.179,29869.41,4.824,0.0,122.12
2024-01-01 00:29:53.500,BTCUSDT,BINANCE_USDT,29870.35,1.2148,29868.86,1.971,29870.35,1.271,0.0,112.52
2024-01-01 00:29:54.000,BTCUSDT,BINANCE_USDT,29871.40,1.8165,29869.91,2.324,29871.40,1.758,0.0,115.24
2024-01-01 00:29:54.500,BTCUSDT,BINANCE_USDT,29871.19,1.5711,29869.70,3.387,29871.19,3.748,0.0,189.36
2024-01-01 00:29:55.000,BTCUSDT,BINANCE_USDT,29869.80,0.4305,29869.80,3.684,29871.30,0.634,0.0,164.99
2024-01-01 00:29:55.500,BTCUSDT,BINANCE_USDT,29871.99,0.1084,29870.49,4.018,29871.99,4.925,0.0,181.94
2024-01-01 00:29:56.000,BTCUSDT,BINANCE_USDT,29871.23,0.7805,29870.49,1.870,29871.98,1.510,0.0,140.79
2024-01-01 00:29:56.500,BTCUSDT,BINANCE_USDT,29873.92,0.6269,29872.43,2.099,29873.92,3.011,0.0,145.91
2024-01-01 00:29:57.000,BTCUSDT,BINANCE_USDT,29874.32,1.2063,29873.57,1.197,29875.07,1.188,0.0,120.26
2024-01-01 00:29:57.500,BTCUSDT,BINANCE_USDT,29874.10,1.0200,29873.35,4.411,29874.84,3.776,0.0,174.12
2024-01-01 00:29:58.000,BTCUSDT,BINANCE_USDT,29873.92,0.6395,29872.43,3.310,29873.92,3.859,0.0,116.37
2024-01-01 00:29:58.500,BTCUSDT,BINANCE_USDT,29870.08,0.0084,29870.08,2.101,29871.58,0.647,0.0,139.85
2024-01-01 00:29:59.000,BTCUSDT,BINANCE_USDT,29871.06,1.5494,29871.06,1.192,29872.55,4.469,0.0,158.94
2024-01-01 00:29:59.500,BTCUSDT,BINANCE_USDT,29871.52,1.3605,29870.77,4.722,29872.26,5.000,0.0,157.99
2024-01-01 00:30:00.000,BTCUSDT,BINANCE_USDT,29871.34,1.2285,29869.84,4.915,29871.34,3.733,0.0,178.29
2024-01-01 00:30:00.500,BTCUSDT,BINANCE_USDT,29870.04,1.7056,29869.29,3.669,29870.78,3.978,0.0,130.68
2024-01-01 00:30:01.000,BTCUSDT,BINANCE_USDT,29869.69,1.4786,29868.94,4.484,29870.43,1.462,0.0,163.34
2024-01-01 00:30:01.500,BTCUSDT,BINANCE_USDT,29872.13,1.3252,29871.38,2.364,29872.87,2.770,0.0,151.51
2024-01-01 00:30:02.000,BTCUSDT,BINANCE_USDT,29872.60,0.0335,29871.10,3.254,29872.60,4.146,0.0,172.80
2024-01-01 00:30:02.500,BTCUSDT,BINANCE_USDT,29873.01,0.9515,29872.26,2.299,29873.75,2.823,0.0,163.25
2024-01-01 00:30:03.000,BTCUSDT,BINANCE_USDT,29873.66,0.6636,29872.91,3.546,29874.41,2.725,0.0,167.58
2024-01-01 00:30:03.500,BTCUSDT,BINANCE_USDT,29875.08,1.5641,29874.34,4.416,29875.83,2.397,0.0,167.40
2024-01-01 00:30:04.000,BTCUSDT,BINANCE_USDT,29877.07,0.2128,29876.33,2.043,29877.82,0.726,0.0,183.52
2024-01-01 00:30:04.500,BTCUSDT,BINANCE_USDT,29876.64,1.5373,29875.14,1.570,29876.64,1.343,0.0,133.75
2024-01-01 00:30:05.000,BTCUSDT,BINANCE_USDT,29874.75,0.8755,29874.75,2.852,29876.25,4.196,0.0,196.79
2024-01-01 00:30:05.500,BTCUSDT,BINANCE_USDT,29876.03,0.0465,29875.28,0.698,29876.78,2.111,0.0,143.76
2024-01-01 00:30:06.000,BTCUSDT,BINANCE_USDT,29873.89,0.1763,29873.14,0.600,29874.64,4.796,0.0,126.07
2024-01-01 00:30:06.500,BTCUSDT,BINANCE_USDT,29872.83,1.9040,29871.34,2.500,29872.83,3.860,0.0,100.41
2024-01-01 00:30:07.000,BTCUSDT,BINANCE_USDT,29871.76,0.1961,29871.01,4.655,29872.51,1.780,0.0,132.24
2024-01-01 00:30:07.500,BTCUSDT,BINANCE_USDT,29871.69,1.6164,29870.94,2.429,29872.43,0.610,0.0,126.41
2024-01-01 00:30:08.000,BTCUSDT,BINANCE_USDT,29873.96,1.4776,29872.47,1.787,29873.96,4.027,0.0,132.57
2024-01-01 00:30:08.500,BTCUSDT,BINANCE_USDT,29871.16,0.9900,29870.42,1.081,29871.91,4.546,0.0,159.50
2024-01-01 00:30:09.000,BTCUSDT,BINANCE_USDT,29871.81,1.3308,29870.32,0.839,29871.81,2.801,0.0,131.53
2024-01-01 00:30:09.500,BTCUSDT,BINANCE_USDT,29873.45,1.9640,29871.96,4.512,29873.45,3.250,0.0,183.59
2024-01-01 00:30:10.000,BTCUSDT,BINANCE_USDT,29873.48,0.6130,29871.98,4.864,29873.48,1.540,0.0,107.37
2024-01-01 00:30:10.500,BTCUSDT,BINANCE_USDT,29870.63,0.0439,29870.63,4.395,29872.13,4.704,0.0,199.43
2024-01-01 00:30:11.000,BTCUSDT,BINANCE_USDT,29871.45,0.0065,29871.45,0.555,29872.95,4.332,0.0,199.63
2024-01-01 00:30:11.500,BTCUSDT,BINANCE_USDT,29871.66,0.0447,29871.66,2.897,29873.15,1.201,0.0,145.04
2024-01-01 00:30:12.000,BTCUSDT,BINANCE_USDT,29874.45,0.7113,29872.96,2.506,29874.45,2.308,0.0,143.26
2024-01-01 00:30:12.500,BTCUSDT,BINANCE_USDT,29872.15,0.5820,29871.40,4.129,29872.89,4.255,0.0,131.22
2024-01-01 00:30:13.000,BTCUSDT,BINANCE_USDT,29871.07,0.4160,29870.32,3.158,29871.82,4.511,0.0,109.90
2024-01-01 00:30:13.500,BTCUSDT,BINANCE_USDT,29868.49,1.8938,29868.49,0.617,29869.98,4.662,0.0,150.64
2024-01-01 00:30:14.000,BTCUSDT,BINANCE_USDT,29869.15,1.5302,29867.65,4.759,29869.15,2.744,0.0,184.60
2024-01-01 00:30:14.500,BTCUSDT,BINANCE_USDT,29867.13,1.6267,29867.13,4.317,29868.63,2.277,0.0,191.65
2024-01-01 00:30:15.000,BTCUSDT,BINANCE_USDT,29866.69,1.4119,29866.69,2.023,29868.18,2.895,0.0,174.81
2024-01-01 00:30:15.500,BTCUSDT,BINANCE_USDT,29868.88,1.9278,29868.14,2.208,29869.63,4.003,0.0,135.41
2024-01-01 00:30:16.000,BTCUSDT,BINANCE_USDT,29870.22,0.3845,29868.73,2.904,29870.22,2.641,0.0,180.27
2024-01-01 00:30:16.500,BTCUSDT,BINANCE_USDT,29869.31,0.8891,29868.56,3.295,29870.05,1.478,0.0,156.89
2024-01-01 00:30:17.000,BTCUSDT,BINANCE_USDT,29869.17,0.2552,29868.42,3.229,29869.91,3.406,0.0,173.74
2024-01-01 00:30:17.500,BTCUSDT,BINANCE_USDT,29869.64,1.8870,29868.15,1.726,29869.64,3.937,0.0,175.26
2024-01-01 00:30:18.000,BTCUSDT,BINANCE_USDT,29867.56,0.2716,29866.82,1.452,29868.31,2.682,0.0,180.86
2024-01-01 00:30:18.500,BTCUSDT,BINANCE_USDT,29867.51,1.1650,29866.76,1.427,29868.25,4.293,0.0,125.33
2024-01-01 00:30:19.000,BTCUSDT,BINANCE_USDT,29867.05,1.8610,29867.05,1.334,29868.54,3.824,0.0,134.60
2024-01-01 00:30:19.500,BTCUSDT,BINANCE_USDT,29869.91,0.1864,29868.42,3.397,29869.91,2.761,0.0,123.47
2024-01-01 00:30:20.000,BTCUSDT,BINANCE_USDT,29868.00,0.3935,29868.00,1.475,29869.50,1.498,0.0,133.68
2024-01-01 00:30:20.500,BTCUSDT,BINANCE_USDT,29866.88,0.6156,29866.13,4.742,29867.62,1.254,0.0,159.14
2024-01-01 00:30:21.000,BTCUSDT,BINANCE_USDT,29868.79,0.3107,29867.30,3.005,29868.79,1.895,0.0,145.15
2024-01-01 00:30:21.500,BTCUSDT,BINANCE_USDT,29868.59,0.5849,29867.09,2.052,29868.59,0.698,0.0,178.12
2024-01-01 00:30:22.000,BTCUSDT,BINANCE_USDT,29866.10,0.6575,29866.10,4.347,29867.59,1.206,0.0,113.53
2024-01-01 00:30:22.500,BTCUSDT,BINANCE_USDT,29866.82,0.2289,29866.07,4.080,29867.57,1.750,0.0,199.46
2024-01-01 00:30:23.000,BTCUSDT,BINANCE_USDT,29866.82,0.6171,29866.07,1.033,29867.56,3.282,0.0,135.20
2024-01-01 00:30:23.500,BTCUSDT,BINANCE_USDT,29868.41,0.9018,29867.66,1.377,29869.15,3.797,0.0,129.10
2024-01-01 00:30:24.000,BTCUSDT,BINANCE_USDT,29868.50,0.5582,29867.76,4.967,29869.25,2.788,0.0,100.16
2024-01-01 00:30:24.500,BTCUSDT,BINANCE_USDT,29868.02,0.9479,29868.02,2.120,29869.52,4.503,0.0,164.46
2024-01-01 00:30:25.000,BTCUSDT,BINANCE_USDT,29866.71,1.2140,29865.97,1.977,29867.46,0.700,0.0,139.04
2024-01-01 00:30:25.500,BTCUSDT,BINANCE_USDT,29866.58,0.9187,29866.58,0.625,29868.08,1.012,0.0,157.99
2024-01-01 00:30:26.000,BTCUSDT,BINANCE_USDT,29868.15,1.7673,29866.65,1.184,29868.15,1.007,0.0,102.89
2024-01-01 00:30:26.500,BTCUSDT,BINANCE_USDT,29868.26,1.0438,29867.51,4.125,29869.01,2.258,0.0,161.51
2024-01-01 00:30:27.000,BTCUSDT,BINANCE_USDT,29869.50,0.0287,29868.01,2.074,29869.50,4.992,0.0,179.97
2024-01-01 00:30:27.500,BTCUSDT,BINANCE_USDT,29866.60,1.3630,29866.60,2.940,29868.10,4.592,0.0,113.69
2024-01-01 00:30:28.000,BTCUSDT,BINANCE_USDT,29866.51,1.2212,29866.51,2.549,29868.00,1.693,0.0,150.55
2024-01-01 00:30:28.500,BTCUSDT,BINANCE_USDT,29868.56,1.5753,29867.07,0.866,29868.56,2.153,0.0,114.32
2024-01-01 00:30:29.000,BTCUSDT,BINANCE_USDT,29869.45,1.9232,29867.95,3.079,29869.45,4.927,0.0,192.58
2024-01-01 00:30:29.500,BTCUSDT,BINANCE_USDT,29869.04,0.1127,29867.55,3.523,29869.04,0.751,0.0,102.34
2024-01-01 00:30:30.000,BTCUSDT,BINANCE_USDT,29867.39,0.5873,29867.39,0.799,29868.88,3.292,0.0,109.85
2024-01-01 00:30:30.500,BTCUSDT,BINANCE_USDT,29868.85,1.3579,29867.36,1.447,29868.85,1.146,0.0,162.83
2024-01-01 00:30:31.000,BTCUSDT,BINANCE_USDT,29869.21,0.0440,29869.21,2.770,29870.71,2.239,0.0,150.44
2024-01-01 00:30:31.500,BTCUSDT,BINANCE_USDT,29869.45,1.3854,29868.70,1.386,29870.20,3.920,0.0,115.36
2024-01-01 00:30:32.000,BTCUSDT,BINANCE_USDT,29869.43,0.9359,29867.93,2.418,29869.43,3.524,0.0,109.49
2024-01-01 00:30:32.500,BTCUSDT,BINANCE_USDT,29869.69,0.6276,29868.19,3.063,29869.69,1.739,0.0,154.33
2024-01-01 00:30:33.000,BTCUSDT,BINANCE_USDT,29870.19,0.0073,29868.70,2.859,29870.19,0.855,0.0,166.82
2024-01-01 00:30:33.500,BTCUSDT,BINANCE_USDT,29870.37,1.7683,29868.88,1.603,29870.37,2.855,0.0,155.73
2024-01-01 00:30:34.000,BTCUSDT,BINANCE_USDT,29869.70,0.6307,29868.96,0.609,29870.45,2.343,0.0,170.87
2024-01-01 00:30:34.500,BTCUSDT,BINANCE_USDT,29869.02,0.9915,29867.53,2.909,29869.02,4.762,0.0,191.23
2024-01-01 00:30:35.000,BTCUSDT,BINANCE_USDT,29868.57,0.1397,29867.07,4.086,29868.57,3.763,0.0,188.02
2024-01-01 00:30:35.500,BTCUSDT,BINANCE_USDT,29870.20,1.5582,29868.71,0.600,29870.20,2.162,0.0,176.84
2024-01-01 00:30:36.000,BTCUSDT,BINANCE_USDT,29870.08,1.1163,29869.34,1.528,29870.83,0.711,0.0,107.70
2024-01-01 00:30:36.500,BTCUSDT,BINANCE_USDT,29868.84,0.8973,29868.84,2.433,29870.34,3.670,0.0,197.29
2024-01-01 00:30:37.000,BTCUSDT,BINANCE_USDT,29867.65,1.0392,29867.65,3.755,29869.14,1.308,0.0,102.37
2024-01-01 00:30:37.500,BTCUSDT,BINANCE_USDT,29869.34,1.2627,29867.84,3.094,29869.34,3.083,0.0,182.62
2024-01-01 00:30:38.000,BTCUSDT,BINANCE_USDT,29866.38,1.6357,29865.63,4.615,29867.13,4.364,0.0,113.00
2024-01-01 00:30:38.500,BTCUSDT,BINANCE_USDT,29866.05,0.9629,29865.30,4.473,29866.80,4.481,0.0,189.54
2024-01-01 00:30:39.000,BTCUSDT,BINANCE_USDT,29866.47,0.4920,29864.98,1.639,29866.47,2.757,0.0,152.23
2024-01-01 00:30:39.500,BTCUSDT,BINANCE_USDT,29865.86,0.6852,29865.86,3.538,29867.36,0.963,0.0,116.76
2024-01-01 00:30:40.000,BTCUSDT,BINANCE_USDT,29867.02,1.2903,29866.27,2.162,29867.76,4.125,0.0,198.40
2024-01-01 00:30:40.500,BTCUSDT,BINANCE_USDT,29867.19,0.5399,29865.70,3.514,29867.19,0.774,0.0,178.33
2024-01-01 00:30:41.000,BTCUSDT,BINANCE_USDT,29863.58,1.1439,29862.09,0.541,29863.58,2.601,0.0,179.70
2024-01-01 00:30:41.500,BTCUSDT,BINANCE_USDT,29860.40,1.7556,29860.40,1.182,29861.89,4.866,0.0,188.21
2024-01-01 00:30:42.000,BTCUSDT,BINANCE_USDT,29860.76,0.1617,29859.27,4.744,29860.76,2.249,0.0,199.32
2024-01-01 00:30:42.500,BTCUSDT,BINANCE_USDT,29862.23,1.2861,29860.74,4.149,29862.23,1.379,0.0,185.32
2024-01-01 00:30:43.000,BTCUSDT,BINANCE_USDT,29861.97,1.8228,29861.22,0.503,29862.72,2.865,0.0,120.08
2024-01-01 00:30:43.500,BTCUSDT,BINANCE_USDT,29861.59,1.8047,29860.84,3.009,29862.34,2.723,0.0,162.97
2024-01-01 00:30:44.000,BTCUSDT,BINANCE_USDT,29859.89,0.0819,29859.89,3.768,29861.39,3.057,0.0,166.19
2024-01-01 00:30:44.500,BTCUSDT,BINANCE_USDT,29861.81,1.8268,29860.32,0.549,29861.81,2.230,0.0,100.31
2024-01-01 00:30:45.000,BTCUSDT,BINANCE_USDT,29860.76,0.3718,29860.76,1.197,29862.25,2.747,0.0,176.75
2024-01-01 00:30:45.500,BTCUSDT,BINANCE_USDT,29863.49,1.3637,29862.00,2.835,29863.49,2.193,0.0,191.76
2024-01-01 00:30:46.000,BTCUSDT,BINANCE_USDT,29861.39,1.4052,29861.39,2.458,29862.88,4.348,0.0,150.85
2024-01-01 00:30:46.500,BTCUSDT,BINANCE_USDT,29866.41,1.6251,29864.92,2.452,29866.41,3.059,0.0,192.63
2024-01-01 00:30:47.000,BTCUSDT,BINANCE_USDT,29866.69,0.9865,29865.95,3.228,29867.44,2.367,0.0,122.83
2024-01-01 00:30:47.500,BTCUSDT,BINANCE_USDT,29864.59,0.6881,29864.59,3.223,29866.08,1.332,0.0,127.24
2024-01-01 00:30:48.000,BTCUSDT,BINANCE_USDT,29864.37,0.5535,29864.37,1.535,29865.86,2.745,0.0,132.01
2024-01-01 00:30:48.500,BTCUSDT,BINANCE_USDT,29864.54,1.9651,29863.05,1.799,29864.54,1.378,0.0,134.99
2024-01-01 00:30:49.000,BTCUSDT,BINANCE_USDT,29862.64,0.8591,29861.89,3.228,29863.38,0.582,0.0,149.32
2024-01-01 00:30:49.500,BTCUSDT,BINANCE_USDT,29861.19,1.0182,29860.44,2.018,29861.94,3.343,0.0,114.15
2024-01-01 00:30:50.000,BTCUSDT,BINANCE_USDT,29860.52,0.5014,29859.78,4.443,29861.27,0.790,0.0,108.07
2024-01-01 00:30:50.500,BTCUSDT,BINANCE_USDT,29860.63,1.9740,29859.14,3.445,29860.63,2.197,0.0,124.05
2024-01-01 00:30:51.000,BTCUSDT,BINANCE_USDT,29857.43,1.1537,29856.68,3.421,29858.18,2.731,0.0,186.29
2024-01-01 00:30:51.500,BTCUSDT,BINANCE_USDT,29856.06,1.2711,29856.06,3.114,29857.55,1.952,0.0,164.24
2024-01-01 00:30:52.000,BTCUSDT,BINANCE_USDT,29856.40,1.9856,29856.40,4.905,29857.89,0.670,0.0,153.66
2024-01-01 00:30:52.500,BTCUSDT,BINANCE_USDT,29857.29,1.1803,29856.54,3.811,29858.04,3.545,0.0,174.14
2024-01-01 00:30:53.000,BTCUSDT,BINANCE_USDT,29859.05,1.6188,29857.55,4.796,29859.05,2.075,0.0,167.17
2024-01-01 00:30:53.500,BTCUSDT,BINANCE_USDT,29859.12,1.8435,29858.37,2.663,29859.87,1.517,0.0,196.46
2024-01-01 00:30:54.000,BTCUSDT,BINANCE_USDT,29858.59,0.5451,29857.84,4.860,29859.33,2.622,0.0,106.70
2024-01-01 00:30:54.500,BTCUSDT,BINANCE_USDT,29858.76,1.2321,29857.27,2.068,29858.76,4.575,0.0,181.40
2024-01-01 00:30:55.000,BTCUSDT,BINANCE_USDT,29857.33,0.3767,29857.33,1.100,29858.82,4.921,0.0,141.52
2024-01-01 00:30:55.500,BTCUSDT,BINANCE_USDT,29857.89,0.4908,29856.39,4.555,29857.89,2.406,0.0,169.49
2024-01-01 00:30:56.000,BTCUSDT,BINANCE_USDT,29857.36,0.4311,29856.61,0.742,29858.10,2.083,0.0,190.04
2024-01-01 00:30:56.500,BTCUSDT,BINANCE_USDT,29860.13,1.8985,29858.63,3.477,29860.13,3.860,0.0,114.07
2024-01-01 00:30:57.000,BTCUSDT,BINANCE_USDT,29860.08,1.6812,29859.33,2.814,29860.82,0.815,0.0,184.52
2024-01-01 00:30:57.500,BTCUSDT,BINANCE_USDT,29861.76,1.4025,29860.27,1.267,29861.76,2.554,0.0,191.26
2024-01-01 00:30:58.000,BTCUSDT,BINANCE_USDT,29860.74,0.0018,29859.24,0.626,29860.74,3.886,0.0,103.58
2024-01-01 00:30:58.500,BTCUSDT,BINANCE_USDT,29859.29,1.5437,29859.29,4.352,29860.79,2.178,0.0,111.15
2024-01-01 00:30:59.000,BTCUSDT,BINANCE_USDT,29858.59,1.9490,29858.59,0.842,29860.08,0.856,0.0,160.87
2024-01-01 00:30:59.500,BTCUSDT,BINANCE_USDT,29861.56,0.4698,29860.07,2.192,29861.56,3.891,0.0,160.02
2024-01-01 00:31:00.000,BTCUSDT,BINANCE_USDT,29860.18,1.1590,29858.69,2.934,29860.18,4.971,0.0,125.40
2024-01-01 00:31:00.500,BTCUSDT,BINANCE_USDT,29861.74,0.2297,29860.99,1.861,29862.48,3.043,0.0,159.10
2024-01-01 00:31:01.000,BTCUSDT,BINANCE_USDT,29862.03,1.3945,29860.53,1.341,29862.03,0.575,0.0,175.24
2024-01-01 00:31:01.500,BTCUSDT,BINANCE_USDT,29861.06,0.6125,29861.06,2.411,29862.55,3.376,0.0,109.96
2024-01-01 00:31:02.000,BTCUSDT,BINANCE_USDT,29861.93,0.6284,29860.44,2.134,29861.93,0.946,0.0,117.98
2024-01-01 00:31:02.500,BTCUSDT,BINANCE_USDT,29862.61,1.5474,29861.87,0.668,29863.36,1.770,0.0,105.55
2024-01-01 00:31:03.000,BTCUSDT,BINANCE_USDT,29860.53,1.7808,29860.53,1.092,29862.02,1.573,0.0,143.67
2024-01-01 00:31:03.500,BTCUSDT,BINANCE_USDT,29862.30,1.7023,29860.81,3.412,29862.30,4.813,0.0,170.05
2024-01-01 00:31:04.000,BTCUSDT,BINANCE_USDT,29863.36,0.8704,29861.86,0.558,29863.36,2.710,0.0,133.43
2024-01-01 00:31:04.500,BTCUSDT,BINANCE_USDT,29863.37,0.7124,29861.88,2.133,29863.37,2.691,0.0,185.58
2024-01-01 00:31:05.000,BTCUSDT,BINANCE_USDT,29862.12,1.8536,29861.37,1.012,29862.86,0.820,0.0,171.89
2024-01-01 00:31:05.500,BTCUSDT,BINANCE_USDT,29859.35,1.3585,29858.60,3.875,29860.09,4.916,0.0,144.29
2024-01-01 00:31:06.000,BTCUSDT,BINANCE_USDT,29859.52,0.2551,29858.78,4.571,29860.27,3.833,0.0,140.65
2024-01-01 00:31:06.500,BTCUSDT,BINANCE_USDT,29858.38,1.2237,29858.38,1.776,29859.87,0.575,0.0,177.33
2024-01-01 00:31:07.000,BTCUSDT,BINANCE_USDT,29858.64,0.3298,29857.89,1.276,29859.38,4.617,0.0,154.69
2024-01-01 00:31:07.500,BTCUSDT,BINANCE_USDT,29860.61,1.9626,29860.61,1.728,29862.10,1.030,0.0,110.91
2024-01-01 00:31:08.000,BTCUSDT,BINANCE_USDT,29860.70,0.4998,29859.21,1.720,29860.70,1.308,0.0,111.18
2024-01-01 00:31:08.500,BTCUSDT,BINANCE_USDT,29858.44,1.0211,29858.44,0.762,29859.93,1.505,0.0,100.69
2024-01-01 00:31:09.000,BTCUSDT,BINANCE_USDT,29860.06,1.1061,29858.57,1.018,29860.06,3.257,0.0,160.85
2024-01-01 00:31:09.500,BTCUSDT,BINANCE_USDT,29859.17,0.5810,29857.68,2.195,29859.17,3.474,0.0,142.03
2024-01-01 00:31:10.000,BTCUSDT,BINANCE_USDT,29858.08,0.8166,29858.08,2.753,29859.57,3.762,0.0,130.77
2024-01-01 00:31:10.500,BTCUSDT,BINANCE_USDT,29858.08,1.2111,29858.08,0.687,29859.57,3.820,0.0,109.47
2024-01-01 00:31:11.000,BTCUSDT,BINANCE_USDT,29857.27,1.7460,29856.52,3.017,29858.01,2.756,0.0,128.48
2024-01-01 00:31:11.500,BTCUSDT,BINANCE_USDT,29857.42,0.4149,29855.93,1.316,29857.42,3.570,0.0,142.18
2024-01-01 00:31:12.000,BTCUSDT,BINANCE_USDT,29857.50,1.6723,29856.01,0.685,29857.50,4.677,0.0,134.66
2024-01-01 00:31:12.500,BTCUSDT,BINANCE_USDT,29854.81,0.1919,29854.06,4.828,29855.56,1.679,0.0,172.69
2024-01-01 00:31:13.000,BTCUSDT,BINANCE_USDT,29855.75,0.5730,29855.01,2.431,29856.50,1.215,0.0,186.88
2024-01-01 00:31:13.500,BTCUSDT,BINANCE_USDT,29855.31,0.9957,29855.31,3.901,29856.80,4.412,0.0,187.54
2024-01-01 00:31:14.000,BTCUSDT,BINANCE_USDT,29855.85,1.1098,29854.35,4.406,29855.85,4.311,0.0,119.36
2024-01-01 00:31:14.500,BTCUSDT,BINANCE_USDT,29854.74,0.7529,29853.24,0.874,29854.74,4.896,0.0,170.35
2024-01-01 00:31:15.000,BTCUSDT,BINANCE_USDT,29855.60,0.9583,29854.85,4.536,29856.34,4.460,0.0,131.66
2024-01-01 00:31:15.500,BTCUSDT,BINANCE_USDT,29855.98,0.2380,29855.23,4.339,29856.73,3.238,0.0,131.81
2024-01-01 00:31:16.000,BTCUSDT,BINANCE_USDT,29856.54,1.5953,29856.54,3.140,29858.04,2.106,0.0,137.29
2024-01-01 00:31:16.500,BTCUSDT,BINANCE_USDT,29857.31,0.9295,29856.56,3.977,29858.06,1.816,0.0,197.85
2024-01-01 00:31:17.000,BTCUSDT,BINANCE_USDT,29856.71,0.1262,29855.96,3.394,29857.46,1.981,0.0,195.28
2024-01-01 00:31:17.500,BTCUSDT,BINANCE_USDT,29858.06,0.5276,29856.56,1.884,29858.06,4.409,0.0,156.92
2024-01-01 00:31:18.000,BTCUSDT,BINANCE_USDT,29860.11,0.3205,29859.36,2.663,29860.86,2.835,0.0,130.17
2024-01-01 00:31:18.500,BTCUSDT,BINANCE_USDT,29858.73,1.3999,29858.73,0.654,29860.22,2.750,0.0,191.52
2024-01-01 00:31:19.000,BTCUSDT,BINANCE_USDT,29858.45,0.8101,29858.45,0.828,29859.95,4.942,0.0,133.27
2024-01-01 00:31:19.500,BTCUSDT,BINANCE_USDT,29859.05,0.7481,29858.30,2.505,29859.79,4.652,0.0,164.74
2024-01-01 00:31:20.000,BTCUSDT,BINANCE_USDT,29859.13,1.4108,29857.64,4.280,29859.13,0.539,0.0,144.00
2024-01-01 00:31:20.500,BTCUSDT,BINANCE_USDT,29858.20,1.9698,29858.20,3.539,29859.69,2.828,0.0,176.72
2024-01-01 00:31:21.000,BTCUSDT,BINANCE_USDT,29856.70,1.0962,29855.95,2.879,29857.45,2.566,0.0,132.66
2024-01-01 00:31:21.500,BTCUSDT,BINANCE_USDT,29856.85,0.0274,29855.35,3.231,29856.85,1.326,0.0,135.58
2024-01-01 00:31:22.000,BTCUSDT,BINANCE_USDT,29857.01,1.0084,29855.52,2.224,29857.01,4.711,0.0,199.24
2024-01-01 00:31:22.500,BTCUSDT,BINANCE_USDT,29857.80,1.4553,29856.31,3.965,29857.80,2.767,0.0,198.14
2024-01-01 00:31:23.000,BTCUSDT,BINANCE_USDT,29856.68,0.8173,29856.68,1.211,29858.17,0.823,0.0,164.95
2024-01-01 00:31:23.500,BTCUSDT,BINANCE_USDT,29857.66,1.3776,29856.17,0.683,29857.66,0.997,0.0,167.91
2024-01-01 00:31:24.000,BTCUSDT,BINANCE_USDT,29856.29,0.8143,29855.54,3.013,29857.03,2.252,0.0,176.64
2024-01-01 00:31:24.500,BTCUSDT,BINANCE_USDT,29856.89,0.6062,29855.40,1.869,29856.89,3.436,0.0,199.09
2024-01-01 00:31:25.000,BTCUSDT,BINANCE_USDT,29856.44,0.6701,29856.44,3.325,29857.93,2.487,0.0,106.15
2024-01-01 00:31:25.500,BTCUSDT,BINANCE_USDT,29856.25,0.3963,29855.50,1.065,29856.99,1.917,0.0,100.52
2024-01-01 00:31:26.000,BTCUSDT,BINANCE_USDT,29854.71,1.5440,29853.97,2.806,29855.46,3.522,0.0,106.24
2024-01-01 00:31:26.500,BTCUSDT,BINANCE_USDT,29853.45,0.9607,29853.45,2.582,29854.95,3.899,0.0,107.77
2024-01-01 00:31:27.000,BTCUSDT,BINANCE_USDT,29855.06,1.4995,29853.56,0.712,29855.06,4.469,0.0,144.63
2024-01-01 00:31:27.500,BTCUSDT,BINANCE_USDT,29852.81,0.9759,29852.81,1.042,29854.30,2.304,0.0,173.16
2024-01-01 00:31:28.000,BTCUSDT,BINANCE_USDT,29854.31,1.6543,29853.57,1.356,29855.06,0.857,0.0,131.45
2024-01-01 00:31:28.500,BTCUSDT,BINANCE_USDT,29856.88,0.2709,29856.13,4.802,29857.62,4.490,0.0,103.96
2024-01-01 00:31:29.000,BTCUSDT,BINANCE_USDT,29856.23,1.6690,29854.74,1.895,29856.23,4.467,0.0,100.37
2024-01-01 00:31:29.500,BTCUSDT,BINANCE_USDT,29854.43,1.1671,29854.43,2.971,29855.92,0.949,0.0,165.49
2024-01-01 00:31:30.000,BTCUSDT,BINANCE_USDT,29852.23,1.2439,29851.48,3.966,29852.98,2.027,0.0,179.07
2024-01-01 00:31:30.500,BTCUSDT,BINANCE_USDT,29852.36,1.4125,29852.36,1.116,29853.85,1.272,0.0,168.93
2024-01-01 00:31:31.000,BTCUSDT,BINANCE_USDT,29854.58,1.5364,29853.83,2.998,29855.32,2.799,0.0,106.79
2024-01-01 00:31:31.500,BTCUSDT,BINANCE_USDT,29855.37,1.7242,29853.88,1.282,29855.37,2.916,0.0,186.70
2024-01-01 00:31:32.000,BTCUSDT,BINANCE_USDT,29856.07,1.5197,29855.33,0.925,29856.82,2.835,0.0,149.70
2024-01-01 00:31:32.500,BTCUSDT,BINANCE_USDT,29858.66,1.8170,29857.91,3.512,29859.41,1.105,0.0,162.76
2024-01-01 00:31:33.000,BTCUSDT,BINANCE_USDT,29858.24,0.5124,29858.24,3.892,29859.74,3.910,0.0,115.67
2024-01-01 00:31:33.500,BTCUSDT,BINANCE_USDT,29860.21,0.9131,29860.21,2.609,29861.70,0.801,0.0,153.99
2024-01-01 00:31:34.000,BTCUSDT,BINANCE_USDT,29861.35,1.4853,29861.35,1.972,29862.84,2.177,0.0,140.69
2024-01-01 00:31:34.500,BTCUSDT,BINANCE_USDT,29860.97,0.7740,29860.22,3.870,29861.71,0.661,0.0,179.32
2024-01-01 00:31:35.000,BTCUSDT,BINANCE_USDT,29860.38,0.7505,29860.38,4.471,29861.87,2.686,0.0,145.26
2024-01-01 00:31:35.500,BTCUSDT,BINANCE_USDT,29859.88,1.0597,29859.88,4.698,29861.37,2.494,0.0,187.75
2024-01-01 00:31:36.000,BTCUSDT,BINANCE_USDT,29860.71,0.3642,29859.97,1.861,29861.46,2.913,0.0,168.55
2024-01-01 00:31:36.500,BTCUSDT,BINANCE_USDT,29862.45,0.1611,29860.96,2.999,29862.45,4.469,0.0,161.37
2024-01-01 00:31:37.000,BTCUSDT,BINANCE_USDT,29862.13,0.3284,29861.38,2.973,29862.87,2.284,0.0,193.42
2024-01-01 00:31:37.500,BTCUSDT,BINANCE_USDT,29863.67,0.4407,29862.92,4.868,29864.41,4.520,0.0,163.96
2024-01-01 00:31:38.000,BTCUSDT,BINANCE_USDT,29864.81,0.8593,29863.32,4.055,29864.81,1.431,0.0,179.94
2024-01-01 00:31:38.500,BTCUSDT,BINANCE_USDT,29863.26,1.8130,29863.26,3.047,29864.75,2.526,0.0,148.42
2024-01-01 00:31:39.000,BTCUSDT,BINANCE_USDT,29863.87,0.2277,29863.13,1.355,29864.62,1.897,0.0,181.08
2024-01-01 00:31:39.500,BTCUSDT,BINANCE_USDT,29865.49,0.5206,29863.99,0.652,29865.49,1.798,0.0,168.51
2024-01-01 00:31:40.000,BTCUSDT,BINANCE_USDT,29862.91,1.7497,29862.16,4.536,29863.65,4.357,0.0,120.71
2024-01-01 00:31:40.500,BTCUSDT,BINANCE_USDT,29861.97,1.6745,29861.97,1.310,29863.46,4.212,0.0,139.16
2024-01-01 00:31:41.000,BTCUSDT,BINANCE_USDT,29862.82,1.1989,29862.82,4.034,29864.32,2.098,0.0,186.84
2024-01-01 00:31:41.500,BTCUSDT,BINANCE_USDT,29864.07,0.3630,29863.32,0.944,29864.82,2.031,0.0,164.68
2024-01-01 00:31:42.000,BTCUSDT,BINANCE_USDT,29865.02,0.3533,29864.27,4.735,29865.77,3.222,0.0,194.61
2024-01-01 00:31:42.500,BTCUSDT,BINANCE_USDT,29867.40,1.1963,29865.91,3.115,29867.40,1.230,0.0,100.65
2024-01-01 00:31:43.000,BTCUSDT,BINANCE_USDT,29866.78,0.6151,29866.78,0.702,29868.27,2.483,0.0,179.32
2024-01-01 00:31:43.500,BTCUSDT,BINANCE_USDT,29869.96,1.9629,29869.21,3.682,29870.71,1.320,0.0,128.74
2024-01-01 00:31:44.000,BTCUSDT,BINANCE_USDT,29867.83,1.8972,29867.08,4.353,29868.57,0.933,0.0,149.54
2024-01-01 00:31:44.500,BTCUSDT,BINANCE_USDT,29867.82,0.6616,29866.32,2.457,29867.82,4.604,0.0,184.24
2024-01-01 00:31:45.000,BTCUSDT,BINANCE_USDT,29865.27,1.7170,29865.27,3.412,29866.76,1.672,0.0,158.27
2024-01-01 00:31:45.500,BTCUSDT,BINANCE_USDT,29865.80,0.8774,29865.80,3.655,29867.29,1.316,0.0,176.48
2024-01-01 00:31:46.000,BTCUSDT,BINANCE_USDT,29869.11,0.1737,29867.62,1.799,29869.11,2.970,0.0,119.33
2024-01-01 00:31:46.500,BTCUSDT,BINANCE_USDT,29866.44,0.8169,29864.94,3.899,29866.44,4.096,0.0,184.62
2024-01-01 00:31:47.000,BTCUSDT,BINANCE_USDT,29864.85,0.3599,29864.10,1.520,29865.59,2.257,0.0,140.44
2024-01-01 00:31:47.500,BTCUSDT,BINANCE_USDT,29866.24,0.6290,29864.75,3.502,29866.24,1.845,0.0,180.63
2024-01-01 00:31:48.000,BTCUSDT,BINANCE_USDT,29866.22,0.3243,29866.22,3.008,29867.71,1.194,0.0,176.96
2024-01-01 00:31:48.500,BTCUSDT,BINANCE_USDT,29867.43,1.8112,29866.69,3.017,29868.18,3.141,0.0,160.38
2024-01-01 00:31:49.000,BTCUSDT,BINANCE_USDT,29868.43,1.9694,29866.93,1.619,29868.43,0.972,0.0,156.81
2024-01-01 00:31:49.500,BTCUSDT,BINANCE_USDT,29867.77,0.5191,29867.77,4.159,29869.27,1.064,0.0,188.08
2024-01-01 00:31:50.000,BTCUSDT,BINANCE_USDT,29868.88,1.8153,29868.88,4.741,29870.37,4.592,0.0,129.88
2024-01-01 00:31:50.500,BTCUSDT,BINANCE_USDT,29869.14,1.3109,29868.40,3.213,29869.89,2.158,0.0,159.08
2024-01-01 00:31:51.000,BTCUSDT,BINANCE_USDT,29868.46,0.3130,29866.97,2.289,29868.46,3.036,0.0,167.70
2024-01-01 00:31:51.500,BTCUSDT,BINANCE_USDT,29866.54,1.5272,29865.79,4.067,29867.28,3.196,0.0,140.95
2024-01-01 00:31:52.000,BTCUSDT,BINANCE_USDT,29867.34,1.1010,29866.60,4.818,29868.09,4.243,0.0,133.45
2024-01-01 00:31:52.500,BTCUSDT,BINANCE_USDT,29865.69,0.8922,29864.94,3.794,29866.44,4.580,0.0,108.35
2024-01-01 00:31:53.000,BTCUSDT,BINANCE_USDT,29863.42,0.0413,29862.68,4.379,29864.17,4.620,0.0,148.86
2024-01-01 00:31:53.500,BTCUSDT,BINANCE_USDT,29864.60,0.5706,29864.60,1.699,29866.09,1.147,0.0,193.98
2024-01-01 00:31:54.000,BTCUSDT,BINANCE_USDT,29866.55,0.2786,29865.05,4.806,29866.55,0.990,0.0,177.69
2024-01-01 00:31:54.500,BTCUSDT,BINANCE_USDT,29867.30,0.6054,29865.80,2.758,29867.30,2.102,0.0,132.68
2024-01-01 00:31:55.000,BTCUSDT,BINANCE_USDT,29862.81,1.9074,29862.81,4.269,29864.30,4.782,0.0,142.81
2024-01-01 00:31:55.500,BTCUSDT,BINANCE_USDT,29864.11,1.4214,29863.37,1.101,29864.86,1.876,0.0,106.99
2024-01-01 00:31:56.000,BTCUSDT,BINANCE_USDT,29865.05,0.0684,29864.31,1.553,29865.80,2.749,0.0,132.45
2024-01-01 00:31:56.500,BTCUSDT,BINANCE_USDT,29865.25,1.2730,29865.25,1.952,29866.74,2.232,0.0,152.04
2024-01-01 00:31:57.000,BTCUSDT,BINANCE_USDT,29865.54,0.0129,29865.54,4.578,29867.04,3.431,0.0,101.29
2024-01-01 00:31:57.500,BTCUSDT,BINANCE_USDT,29864.92,0.3393,29864.18,4.217,29865.67,3.137,0.0,101.82
2024-01-01 00:31:58.000,BTCUSDT,BINANCE_USDT,29862.67,1.8967,29861.93,4.625,29863.42,0.919,0.0,188.26
2024-01-01 00:31:58.500,BTCUSDT,BINANCE_USDT,29862.66,1.8469,29861.17,2.166,29862.66,2.811,0.0,142.91
2024-01-01 00:31:59.000,BTCUSDT,BINANCE_USDT,29862.23,1.8762,29861.48,4.603,29862.98,0.559,0.0,166.82
2024-01-01 00:31:59.500,BTCUSDT,BINANCE_USDT,29864.45,0.2123,29862.95,3.498,29864.45,4.862,0.0,123.43
2024-01-01 00:32:00.000,BTCUSDT,BINANCE_USDT,29865.73,0.6525,29864.24,3.140,29865.73,4.445,0.0,186.78
2024-01-01 00:32:00.500,BTCUSDT,BINANCE_USDT,29865.37,1.9173,29863.88,2.819,29865.37,4.250,0.0,119.99
2024-01-01 00:32:01.000,BTCUSDT,BINANCE_USDT,29863.26,1.5917,29863.26,0.732,29864.76,3.761,0.0,155.76
2024-01-01 00:32:01.500,BTCUSDT,BINANCE_USDT,29867.09,1.6779,29865.60,4.988,29867.09,2.264,0.0,191.33
2024-01-01 00:32:02.000,BTCUSDT,BINANCE_USDT,29867.33,1.6050,29866.59,4.339,29868.08,2.736,0.0,162.74
2024-01-01 00:32:02.500,BTCUSDT,BINANCE_USDT,29868.13,1.6161,29868.13,3.068,29869.62,1.454,0.0,122.44
2024-01-01 00:32:03.000,BTCUSDT,BINANCE_USDT,29868.82,0.4911,29868.08,3.326,29869.57,1.308,0.0,122.29
2024-01-01 00:32:03.500,BTCUSDT,BINANCE_USDT,29866.67,0.0458,29866.67,3.095,29868.16,3.343,0.0,178.30
2024-01-01 00:32:04.000,BTCUSDT,BINANCE_USDT,29868.91,1.3290,29867.42,3.291,29868.91,4.369,0.0,192.34
2024-01-01 00:32:04.500,BTCUSDT,BINANCE_USDT,29866.35,1.1590,29865.61,2.924,29867.10,2.494,0.0,105.87
2024-01-01 00:32:05.000,BTCUSDT,BINANCE_USDT,29865.30,1.1248,29865.30,1.260,29866.80,2.457,0.0,155.64
2024-01-01 00:32:05.500,BTCUSDT,BINANCE_USDT,29865.00,1.4722,29864.25,3.592,29865.74,4.898,0.0,108.93
2024-01-01 00:32:06.000,BTCUSDT,BINANCE_USDT,29866.32,1.4289,29864.83,2.139,29866.32,3.909,0.0,179.62
2024-01-01 00:32:06.500,BTCUSDT,BINANCE_USDT,29865.87,0.5893,29865.87,1.481,29867.37,1.609,0.0,178.85
2024-01-01 00:32:07.000,BTCUSDT,BINANCE_USDT,29864.12,1.7359,29864.12,3.858,29865.61,3.139,0.0,139.60
2024-01-01 00:32:07.500,BTCUSDT,BINANCE_USDT,29863.68,1.9554,29863.68,3.071,29865.17,3.816,0.0,127.02
2024-01-01 00:32:08.000,BTCUSDT,BINANCE_USDT,29866.51,0.1469,29865.76,3.261,29867.25,3.640,0.0,124.26
2024-01-01 00:32:08.500,BTCUSDT,BINANCE_USDT,29866.43,1.7680,29866.43,1.404,29867.92,0.570,0.0,164.42
2024-01-01 00:32:09.000,BTCUSDT,BINANCE_USDT,29865.88,1.1561,29865.14,2.301,29866.63,1.454,0.0,159.60
2024-01-01 00:32:09.500,BTCUSDT,BINANCE_USDT,29865.96,1.5469,29865.96,1.293,29867.45,4.067,0.0,190.19
2024-01-01 00:32:10.000,BTCUSDT,BINANCE_USDT,29868.27,1.3536,29866.78,2.574,29868.27,3.991,0.0,143.64
2024-01-01 00:32:10.500,BTCUSDT,BINANCE_USDT,29866.91,1.5375,29866.91,3.986,29868.40,2.761,0.0,161.90
2024-01-01 00:32:11.000,BTCUSDT,BINANCE_USDT,29868.62,1.6661,29867.88,0.728,29869.37,2.670,0.0,132.68
2024-01-01 00:32:11.500,BTCUSDT,BINANCE_USDT,29868.91,1.0103,29867.41,3.353,29868.91,4.475,0.0,177.31
2024-01-01 00:32:12.000,BTCUSDT,BINANCE_USDT,29868.39,1.5626,29868.39,3.877,29869.88,2.172,0.0,175.81
2024-01-01 00:32:12.500,BTCUSDT,BINANCE_USDT,29870.33,1.0691,29868.84,2.411,29870.33,2.889,0.0,178.47
2024-01-01 00:32:13.000,BTCUSDT,BINANCE_USDT,29865.64,1.3845,29865.64,2.703,29867.13,0.778,0.0,142.78
2024-01-01 00:32:13.500,BTCUSDT,BINANCE_USDT,29868.09,1.9551,29866.60,1.303,29868.09,2.973,0.0,131.44
2024-01-01 00:32:14.000,BTCUSDT,BINANCE_USDT,29866.89,0.1283,29866.15,3.373,29867.64,0.501,0.0,135.28
2024-01-01 00:32:14.500,BTCUSDT,BINANCE_USDT,29865.77,0.7769,29864.28,2.431,29865.77,3.739,0.0,148.86
2024-01-01 00:32:15.000,BTCUSDT,BINANCE_USDT,29864.57,1.6810,29863.83,2.128,29865.32,1.125,0.0,164.72
2024-01-01 00:32:15.500,BTCUSDT,BINANCE_USDT,29862.43,0.6197,29862.43,3.939,29863.93,1.957,0.0,143.59
2024-01-01 00:32:16.000,BTCUSDT,BINANCE_USDT,29863.33,1.1719,29862.59,3.316,29864.08,4.188,0.0,139.88
2024-01-01 00:32:16.500,BTCUSDT,BINANCE_USDT,29863.36,0.1190,29863.36,0.795,29864.85,2.793,0.0,166.69
2024-01-01 00:32:17.000,BTCUSDT,BINANCE_USDT,29862.76,1.6994,29862.01,1.837,29863.51,1.426,0.0,144.43
2024-01-01 00:32:17.500,BTCUSDT,BINANCE_USDT,29864.22,1.5711,29862.73,3.732,29864.22,2.072,0.0,150.52
2024-01-01 00:32:18.000,BTCUSDT,BINANCE_USDT,29863.84,1.9932,29863.84,1.474,29865.33,2.361,0.0,100.12
2024-01-01 00:32:18.500,BTCUSDT,BINANCE_USDT,29863.73,0.6512,29862.24,4.138,29863.73,3.399,0.0,179.94
2024-01-01 00:32:19.000,BTCUSDT,BINANCE_USDT,29860.35,1.5206,29860.35,3.336,29861.84,2.141,0.0,100.49
2024-01-01 00:32:19.500,BTCUSDT,BINANCE_USDT,29861.36,0.7688,29859.87,2.413,29861.36,1.562,0.0,127.45
2024-01-01 00:32:20.000,BTCUSDT,BINANCE_USDT,29862.55,1.0592,29862.55,2.993,29864.04,3.957,0.0,143.94
2024-01-01 00:32:20.500,BTCUSDT,BINANCE_USDT,29860.97,0.4493,29860.22,2.719,29861.71,2.902,0.0,158.70
2024-01-01 00:32:21.000,BTCUSDT,BINANCE_USDT,29860.49,1.2170,29859.74,2.859,29861.24,4.988,0.0,134.82
2024-01-01 00:32:21.500,BTCUSDT,BINANCE_USDT,29860.27,1.8297,29859.52,4.839,29861.01,1.546,0.0,148.94
2024-01-01 00:32:22.000,BTCUSDT,BINANCE_USDT,29857.25,1.8607,29856.50,1.617,29857.99,0.823,0.0,176.89
2024-01-01 00:32:22.500,BTCUSDT,BINANCE_USDT,29859.55,1.0769,29859.55,4.634,29861.04,3.791,0.0,172.36
2024-01-01 00:32:23.000,BTCUSDT,BINANCE_USDT,29861.23,1.6110,29861.23,2.178,29862.73,2.863,0.0,118.67
2024-01-01 00:32:23.500,BTCUSDT,BINANCE_USDT,29863.44,0.5905,29861.94,2.959,29863.44,4.357,0.0,186.20
2024-01-01 00:32:24.000,BTCUSDT,BINANCE_USDT,29862.44,0.5152,29862.44,0.905,29863.93,3.474,0.0,167.66
2024-01-01 00:32:24.500,BTCUSDT,BINANCE_USDT,29863.18,1.1225,29863.18,4.571,29864.67,1.686,0.0,120.14
2024-01-01 00:32:25.000,BTCUSDT,BINANCE_USDT,29863.82,0.9637,29863.07,0.694,29864.56,0.637,0.0,100.06
2024-01-01 00:32:25.500,BTCUSDT,BINANCE_USDT,29864.87,0.1434,29864.87,3.457,29866.37,3.736,0.0,189.81
2024-01-01 00:32:26.000,BTCUSDT,BINANCE_USDT,29865.82,0.6227,29864.32,1.137,29865.82,4.998,0.0,150.85
2024-01-01 00:32:26.500,BTCUSDT,BINANCE_USDT,29863.50,0.3584,29862.01,0.986,29863.50,2.068,0.0,107.91
2024-01-01 00:32:27.000,BTCUSDT,BINANCE_USDT,29862.68,1.3921,29862.68,0.709,29864.18,1.477,0.0,123.01
2024-01-01 00:32:27.500,BTCUSDT,BINANCE_USDT,29866.09,0.1694,29864.60,2.151,29866.09,4.285,0.0,153.59
2024-01-01 00:32:28.000,BTCUSDT,BINANCE_USDT,29867.14,1.2284,29865.64,0.505,29867.14,4.093,0.0,198.89
2024-01-01 00:32:28.500,BTCUSDT,BINANCE_USDT,29865.43,1.1486,29864.68,4.232,29866.18,4.593,0.0,127.57
2024-01-01 00:32:29.000,BTCUSDT,BINANCE_USDT,29864.43,1.2247,29864.43,2.509,29865.92,2.209,0.0,122.55
2024-01-01 00:32:29.500,BTCUSDT,BINANCE_USDT,29866.71,0.4383,29865.21,3.287,29866.71,3.398,0.0,162.07
2024-01-01 00:32:30.000,BTCUSDT,BINANCE_USDT,29866.39,1.5629,29865.65,1.552,29867.14,2.098,0.0,153.46
2024-01-01 00:32:30.500,BTCUSDT,BINANCE_USDT,29863.63,1.5549,29863.63,4.973,29865.12,3.789,0.0,188.69
2024-01-01 00:32:31.000,BTCUSDT,BINANCE_USDT,29864.70,0.3330,29863.95,2.602,29865.45,3.526,0.0,135.50
2024-01-01 00:32:31.500,BTCUSDT,BINANCE_USDT,29865.22,1.6986,29864.47,1.182,29865.97,2.533,0.0,189.47
2024-01-01 00:32:32.000,BTCUSDT,BINANCE_USDT,29865.45,0.9556,29864.70,1.407,29866.20,2.953,0.0,172.81
2024-01-01 00:32:32.500,BTCUSDT,BINANCE_USDT,29866.73,0.1712,29865.24,4.758,29866.73,2.675,0.0,110.79
2024-01-01 00:32:33.000,BTCUSDT,BINANCE_USDT,29865.76,1.6417,29865.02,4.956,29866.51,3.262,0.0,185.44
2024-01-01 00:32:33.500,BTCUSDT,BINANCE_USDT,29864.30,0.0753,29862.81,3.403,29864.30,1.433,0.0,117.17
2024-01-01 00:32:34.000,BTCUSDT,BINANCE_USDT,29865.10,0.1511,29863.61,1.040,29865.10,0.513,0.0,188.36
2024-01-01 00:32:34.500,BTCUSDT,BINANCE_USDT,29864.77,0.7143,29864.02,4.781,29865.52,2.988,0.0,117.54
2024-01-01 00:32:35.000,BTCUSDT,BINANCE_USDT,29866.42,1.2718,29865.67,4.029,29867.17,3.188,0.0,159.40
2024-01-01 00:32:35.500,BTCUSDT,BINANCE_USDT,29866.39,1.8116,29865.65,1.743,29867.14,1.287,0.0,185.56
2024-01-01 00:32:36.000,BTCUSDT,BINANCE_USDT,29866.73,1.8136,29865.24,2.914,29866.73,3.719,0.0,139.53
2024-01-01 00:32:36.500,BTCUSDT,BINANCE_USDT,29866.96,0.1659,29866.21,4.917,29867.70,1.795,0.0,138.96
2024-01-01 00:32:37.000,BTCUSDT,BINANCE_USDT,29866.98,0.2416,29866.24,2.700,29867.73,3.240,0.0,171.36
2024-01-01 00:32:37.500,BTCUSDT,BINANCE_USDT,29867.53,0.5047,29866.04,3.986,29867.53,3.989,0.0,115.22
2024-01-01 00:32:38.000,BTCUSDT,BINANCE_USDT,29865.53,0.5210,29864.78,1.728,29866.27,1.390,0.0,105.37
2024-01-01 00:32:38.500,BTCUSDT,BINANCE_USDT,29864.93,0.0170,29864.93,4.150,29866.42,3.644,0.0,193.62
2024-01-01 00:32:39.000,BTCUSDT,BINANCE_USDT,29866.49,1.2037,29865.00,0.799,29866.49,4.143,0.0,137.81
2024-01-01 00:32:39.500,BTCUSDT,BINANCE_USDT,29866.31,1.5036,29865.56,2.371,29867.06,0.865,0.0,189.39
2024-01-01 00:32:40.000,BTCUSDT,BINANCE_USDT,29866.32,0.9437,29864.83,0.956,29866.32,1.122,0.0,120.57
2024-01-01 00:32:40.500,BTCUSDT,BINANCE_USDT,29864.23,1.7916,29864.23,0.911,29865.73,3.493,0.0,100.95
2024-01-01 00:32:41.000,BTCUSDT,BINANCE_USDT,29863.53,1.8065,29862.78,1.436,29864.27,2.709,0.0,101.45
2024-01-01 00:32:41.500,BTCUSDT,BINANCE_USDT,29863.19,1.4283,29861.70,3.214,29863.19,4.025,0.0,140.03
2024-01-01 00:32:42.000,BTCUSDT,BINANCE_USDT,29862.66,0.0108,29861.91,4.568,29863.40,2.342,0.0,155.93
2024-01-01 00:32:42.500,BTCUSDT,BINANCE_USDT,29862.17,1.3378,29861.42,1.018,29862.92,2.835,0.0,196.40
2024-01-01 00:32:43.000,BTCUSDT,BINANCE_USDT,29862.47,0.2942,29860.97,1.361,29862.47,3.025,0.0,126.78
2024-01-01 00:32:43.500,BTCUSDT,BINANCE_USDT,29860.29,0.5799,29859.54,1.257,29861.04,3.178,0.0,171.25
2024-01-01 00:32:44.000,BTCUSDT,BINANCE_USDT,29859.54,0.6782,29858.05,2.304,29859.54,3.419,0.0,143.99
2024-01-01 00:32:44.500,BTCUSDT,BINANCE_USDT,29857.00,0.3772,29857.00,2.596,29858.49,4.542,0.0,118.86
2024-01-01 00:32:45.000,BTCUSDT,BINANCE_USDT,29856.35,0.1416,29856.35,1.121,29857.85,3.547,0.0,190.33
2024-01-01 00:32:45.500,BTCUSDT,BINANCE_USDT,29855.14,0.3146,29855.14,4.811,29856.64,2.450,0.0,123.54
2024-01-01 00:32:46.000,BTCUSDT,BINANCE_USDT,29855.29,1.3587,29854.55,0.950,29856.04,1.952,0.0,159.45
2024-01-01 00:32:46.500,BTCUSDT,BINANCE_USDT,29855.68,1.8905,29854.19,2.423,29855.68,0.649,0.0,136.13
2024-01-01 00:32:47.000,BTCUSDT,BINANCE_USDT,29856.77,0.5228,29855.28,4.140,29856.77,3.156,0.0,109.39
2024-01-01 00:32:47.500,BTCUSDT,BINANCE_USDT,29856.20,0.7131,29854.70,4.784,29856.20,4.869,0.0,162.07
2024-01-01 00:32:48.000,BTCUSDT,BINANCE_USDT,29854.20,1.2192,29853.46,4.619,29854.95,1.844,0.0,144.60
2024-01-01 00:32:48.500,BTCUSDT,BINANCE_USDT,29853.80,0.5447,29853.06,1.499,29854.55,3.251,0.0,121.86
2024-01-01 00:32:49.000,BTCUSDT,BINANCE_USDT,29852.26,1.1933,29851.51,1.664,29853.00,3.442,0.0,196.95
2024-01-01 00:32:49.500,BTCUSDT,BINANCE_USDT,29851.98,1.5062,29850.49,4.405,29851.98,4.704,0.0,156.13
2024-01-01 00:32:50.000,BTCUSDT,BINANCE_USDT,29852.79,1.0438,29851.30,3.716,29852.79,4.231,0.0,106.01
2024-01-01 00:32:50.500,BTCUSDT,BINANCE_USDT,29851.35,1.3457,29849.86,1.693,29851.35,2.216,0.0,173.10
2024-01-01 00:32:51.000,BTCUSDT,BINANCE_USDT,29851.58,1.8556,29850.08,3.645,29851.58,1.357,0.0,196.90
2024-01-01 00:32:51.500,BTCUSDT,BINANCE_USDT,29851.14,1.6955,29850.40,1.478,29851.89,1.775,0.0,189.34
2024-01-01 00:32:52.000,BTCUSDT,BINANCE_USDT,29851.52,0.9331,29850.03,4.497,29851.52,3.866,0.0,128.59
2024-01-01 00:32:52.500,BTCUSDT,BINANCE_USDT,29850.73,1.2963,29849.98,4.164,29851.48,3.530,0.0,113.01
2024-01-01 00:32:53.000,BTCUSDT,BINANCE_USDT,29848.58,1.7309,29848.58,3.647,29850.07,1.376,0.0,167.93
2024-01-01 00:32:53.500,BTCUSDT,BINANCE_USDT,29846.89,1.4992,29846.89,3.419,29848.38,2.954,0.0,124.68
2024-01-01 00:32:54.000,BTCUSDT,BINANCE_USDT,29848.32,1.4973,29846.83,4.262,29848.32,2.704,0.0,197.53
2024-01-01 00:32:54.500,BTCUSDT,BINANCE_USDT,29848.46,0.2442,29846.96,2.872,29848.46,4.321,0.0,114.89
2024-01-01 00:32:55.000,BTCUSDT,BINANCE_USDT,29849.54,1.2262,29848.80,1.187,29850.29,3.262,0.0,100.40
2024-01-01 00:32:55.500,BTCUSDT,BINANCE_USDT,29848.78,0.5989,29848.78,3.128,29850.27,0.783,0.0,104.36
2024-01-01 00:32:56.000,BTCUSDT,BINANCE_USDT,29849.19,1.1345,29847.70,1.212,29849.19,2.028,0.0,126.30
2024-01-01 00:32:56.500,BTCUSDT,BINANCE_USDT,29848.64,1.1474,29847.15,0.974,29848.64,2.416,0.0,140.92
2024-01-01 00:32:57.000,BTCUSDT,BINANCE_USDT,29846.26,1.7879,29846.26,3.311,29847.75,1.732,0.0,115.31
2024-01-01 00:32:57.500,BTCUSDT,BINANCE_USDT,29847.90,0.7644,29847.15,3.733,29848.64,4.412,0.0,125.09
2024-01-01 00:32:58.000,BTCUSDT,BINANCE_USDT,29848.69,1.2842,29847.20,2.572,29848.69,1.108,0.0,133.93
2024-01-01 00:32:58.500,BTCUSDT,BINANCE_USDT,29848.60,1.7307,29848.60,3.342,29850.09,4.171,0.0,142.04
2024-01-01 00:32:59.000,BTCUSDT,BINANCE_USDT,29848.65,0.1916,29847.91,3.439,29849.40,0.858,0.0,157.40
2024-01-01 00:32:59.500,BTCUSDT,BINANCE_USDT,29851.13,0.2634,29850.38,2.788,29851.88,2.570,0.0,182.67
2024-01-01 00:33:00.000,BTCUSDT,BINANCE_USDT,29848.53,1.0903,29848.53,2.296,29850.02,3.452,0.0,190.24
2024-01-01 00:33:00.500,BTCUSDT,BINANCE_USDT,29848.95,1.1464,29847.45,1.126,29848.95,2.249,0.0,110.58
2024-01-01 00:33:01.000,BTCUSDT,BINANCE_USDT,29847.82,0.9582,29847.82,4.634,29849.31,1.621,0.0,171.17
2024-01-01 00:33:01.500,BTCUSDT,BINANCE_USDT,29850.94,0.0645,29850.20,1.349,29851.69,3.453,0.0,196.20
2024-01-01 00:33:02.000,BTCUSDT,BINANCE_USDT,29849.47,1.0565,29849.47,2.971,29850.96,2.493,0.0,112.06
2024-01-01 00:33:02.500,BTCUSDT,BINANCE_USDT,29849.75,0.8111,29849.01,0.813,29850.50,3.350,0.0,128.32
2024-01-01 00:33:03.000,BTCUSDT,BINANCE_USDT,29850.53,0.5185,29849.78,4.372,29851.28,3.872,0.0,152.70
2024-01-01 00:33:03.500,BTCUSDT,BINANCE_USDT,29850.40,1.7574,29849.65,3.164,29851.14,1.478,0.0,171.52
2024-01-01 00:33:04.000,BTCUSDT,BINANCE_USDT,29849.58,1.9400,29848.09,2.474,29849.58,3.441,0.0,130.79
2024-01-01 00:33:04.500,BTCUSDT,BINANCE_USDT,29848.16,1.9716,29846.67,4.026,29848.16,1.162,0.0,113.78
2024-01-01 00:33:05.000,BTCUSDT,BINANCE_USDT,29847.38,0.1209,29847.38,4.439,29848.87,4.783,0.0,175.88
2024-01-01 00:33:05.500,BTCUSDT,BINANCE_USDT,29848.45,1.1154,29847.70,4.573,29849.19,2.389,0.0,161.63
2024-01-01 00:33:06.000,BTCUSDT,BINANCE_USDT,29849.66,0.7924,29848.17,1.451,29849.66,3.559,0.0,106.59
2024-01-01 00:33:06.500,BTCUSDT,BINANCE_USDT,29847.40,1.7149,29845.91,2.463,29847.40,0.708,0.0,165.18
2024-01-01 00:33:07.000,BTCUSDT,BINANCE_USDT,29849.12,1.6488,29847.63,1.460,29849.12,0.822,0.0,154.70
2024-01-01 00:33:07.500,BTCUSDT,BINANCE_USDT,29848.71,1.0020,29847.22,0.904,29848.71,3.220,0.0,115.17
2024-01-01 00:33:08.000,BTCUSDT,BINANCE_USDT,29846.94,0.5380,29846.94,4.842,29848.43,1.514,0.0,145.83
2024-01-01 00:33:08.500,BTCUSDT,BINANCE_USDT,29847.64,1.3008,29846.90,3.306,29848.39,2.316,0.0,184.81
2024-01-01 00:33:09.000,BTCUSDT,BINANCE_USDT,29846.21,1.9638,29845.46,4.584,29846.95,0.615,0.0,141.27
2024-01-01 00:33:09.500,BTCUSDT,BINANCE_USDT,29846.34,1.5104,29846.34,1.763,29847.83,4.563,0.0,177.93
2024-01-01 00:33:10.000,BTCUSDT,BINANCE_USDT,29848.39,0.2445,29848.39,4.792,29849.88,2.805,0.0,114.61
2024-01-01 00:33:10.500,BTCUSDT,BINANCE_USDT,29849.34,1.9237,29848.59,4.120,29850.08,1.289,0.0,132.91
2024-01-01 00:33:11.000,BTCUSDT,BINANCE_USDT,29849.00,0.9416,29849.00,1.687,29850.49,2.518,0.0,147.75
2024-01-01 00:33:11.500,BTCUSDT,BINANCE_USDT,29849.26,0.5224,29848.51,2.192,29850.01,4.554,0.0,151.95
2024-01-01 00:33:12.000,BTCUSDT,BINANCE_USDT,29850.27,1.0194,29848.77,2.691,29850.27,4.525,0.0,107.21
2024-01-01 00:33:12.500,BTCUSDT,BINANCE_USDT,29847.28,0.9398,29847.28,0.728,29848.78,2.290,0.0,131.77
2024-01-01 00:33:13.000,BTCUSDT,BINANCE_USDT,29846.48,1.5751,29844.98,1.468,29846.48,1.162,0.0,140.64
2024-01-01 00:33:13.500,BTCUSDT,BINANCE_USDT,29846.07,1.5430,29844.58,0.874,29846.07,3.046,0.0,196.64
2024-01-01 00:33:14.000,BTCUSDT,BINANCE_USDT,29846.56,1.7544,29845.07,4.428,29846.56,2.148,0.0,108.44
2024-01-01 00:33:14.500,BTCUSDT,BINANCE_USDT,29845.56,0.1304,29845.56,2.769,29847.05,1.124,0.0,106.39
2024-01-01 00:33:15.000,BTCUSDT,BINANCE_USDT,29846.90,0.1003,29846.90,4.370,29848.40,1.714,0.0,170.30
2024-01-01 00:33:15.500,BTCUSDT,BINANCE_USDT,29849.15,1.7845,29848.41,1.133,29849.90,4.468,0.0,128.40
2024-01-01 00:33:16.000,BTCUSDT,BINANCE_USDT,29850.95,0.5156,29850.20,3.394,29851.70,2.971,0.0,199.41
2024-01-01 00:33:16.500,BTCUSDT,BINANCE_USDT,29849.05,1.6586,29848.31,4.282,29849.80,2.306,0.0,187.24
2024-01-01 00:33:17.000,BTCUSDT,BINANCE_USDT,29850.13,1.8361,29849.39,0.914,29850.88,3.081,0.0,173.59
2024-01-01 00:33:17.500,BTCUSDT,BINANCE_USDT,29851.05,0.2856,29849.56,2.016,29851.05,3.942,0.0,104.56
2024-01-01 00:33:18.000,BTCUSDT,BINANCE_USDT,29852.29,1.6752,29851.55,1.480,29853.04,2.142,0.0,170.30
2024-01-01 00:33:18.500,BTCUSDT,BINANCE_USDT,29853.50,0.5014,29852.01,3.942,29853.50,4.558,0.0,116.30
2024-01-01 00:33:19.000,BTCUSDT,BINANCE_USDT,29849.38,1.8722,29849.38,4.124,29850.87,0.992,0.0,174.96
2024-01-01 00:33:19.500,BTCUSDT,BINANCE_USDT,29849.75,1.2825,29849.75,1.865,29851.24,1.365,0.0,125.56
2024-01-01 00:33:20.000,BTCUSDT,BINANCE_USDT,29849.00,0.8917,29849.00,1.370,29850.49,4.586,0.0,155.33
2024-01-01 00:33:20.500,BTCUSDT,BINANCE_USDT,29851.16,0.7570,29851.16,4.367,29852.66,3.301,0.0,180.65
2024-01-01 00:33:21.000,BTCUSDT,BINANCE_USDT,29852.59,1.5336,29852.59,2.570,29854.08,0.738,0.0,198.07
2024-01-01 00:33:21.500,BTCUSDT,BINANCE_USDT,29852.45,1.3804,29850.96,3.430,29852.45,0.970,0.0,100.27
2024-01-01 00:33:22.000,BTCUSDT,BINANCE_USDT,29850.15,1.5942,29850.15,0.693,29851.64,3.953,0.0,154.39
2024-01-01 00:33:22.500,BTCUSDT,BINANCE_USDT,29851.81,1.7757,29851.06,4.620,29852.56,2.924,0.0,102.05
2024-01-01 00:33:23.000,BTCUSDT,BINANCE_USDT,29851.17,0.9827,29850.42,3.426,29851.91,1.456,0.0,158.26
2024-01-01 00:33:23.500,BTCUSDT,BINANCE_USDT,29852.08,1.2023,29850.59,1.192,29852.08,0.895,0.0,170.77
2024-01-01 00:33:24.000,BTCUSDT,BINANCE_USDT,29852.70,1.8964,29851.96,0.646,29853.45,3.274,0.0,194.72
2024-01-01 00:33:24.500,BTCUSDT,BINANCE_USDT,29851.54,0.0068,29850.80,3.302,29852.29,3.331,0.0,185.47
2024-01-01 00:33:25.000,BTCUSDT,BINANCE_USDT,29849.67,0.2401,29849.67,3.362,29851.16,2.083,0.0,172.35
2024-01-01 00:33:25.500,BTCUSDT,BINANCE_USDT,29849.70,0.2387,29848.95,1.467,29850.44,2.015,0.0,166.33
2024-01-01 00:33:26.000,BTCUSDT,BINANCE_USDT,29848.74,1.9043,29847.25,4.816,29848.74,2.997,0.0,119.20
2024-01-01 00:33:26.500,BTCUSDT,BINANCE_USDT,29849.36,1.1878,29848.61,2.722,29850.10,1.382,0.0,169.23
2024-01-01 00:33:27.000,BTCUSDT,BINANCE_USDT,29849.11,0.4887,29847.62,4.563,29849.11,2.028,0.0,129.87
2024-01-01 00:33:27.500,BTCUSDT,BINANCE_USDT,29847.86,1.9814,29847.86,4.380,29849.35,0.717,0.0,181.97
2024-01-01 00:33:28.000,BTCUSDT,BINANCE_USDT,29849.88,1.9802,29848.38,0.608,29849.88,1.277,0.0,113.04
2024-01-01 00:33:28.500,BTCUSDT,BINANCE_USDT,29850.79,0.1248,29850.79,2.627,29852.28,2.513,0.0,174.42
2024-01-01 00:33:29.000,BTCUSDT,BINANCE_USDT,29853.64,0.1654,29852.89,2.962,29854.38,2.064,0.0,163.14
2024-01-01 00:33:29.500,BTCUSDT,BINANCE_USDT,29852.50,0.0256,29851.76,4.609,29853.25,2.467,0.0,152.93
2024-01-01 00:33:30.000,BTCUSDT,BINANCE_USDT,29853.70,1.0105,29852.21,0.933,29853.70,3.715,0.0,139.29
2024-01-01 00:33:30.500,BTCUSDT,BINANCE_USDT,29852.48,0.0717,29852.48,4.771,29853.97,3.758,0.0,191.01
2024-01-01 00:33:31.000,BTCUSDT,BINANCE_USDT,29851.71,0.6480,29850.21,0.824,29851.71,4.794,0.0,157.46
2024-01-01 00:33:31.500,BTCUSDT,BINANCE_USDT,29849.63,0.5496,29849.63,1.405,29851.13,2.722,0.0,146.35
2024-01-01 00:33:32.000,BTCUSDT,BINANCE_USDT,29851.14,0.6839,29849.65,2.839,29851.14,0.608,0.0,114.09
2024-01-01 00:33:32.500,BTCUSDT,BINANCE_USDT,29850.64,1.8698,29849.90,0.731,29851.39,3.058,0.0,117.49
2024-01-01 00:33:33.000,BTCUSDT,BINANCE_USDT,29852.53,1.2022,29851.03,1.246,29852.53,2.643,0.0,165.99
2024-01-01 00:33:33.500,BTCUSDT,BINANCE_USDT,29853.34,0.7200,29851.85,1.937,29853.34,3.617,0.0,193.88
2024-01-01 00:33:34.000,BTCUSDT,BINANCE_USDT,29851.63,1.4194,29851.63,1.072,29853.12,4.404,0.0,106.52
2024-01-01 00:33:34.500,BTCUSDT,BINANCE_USDT,29852.33,1.2139,29852.33,0.905,29853.83,4.993,0.0,141.48
2024-01-01 00:33:35.000,BTCUSDT,BINANCE_USDT,29856.01,1.3730,29854.51,0.799,29856.01,1.869,0.0,143.41
2024-01-01 00:33:35.500,BTCUSDT,BINANCE_USDT,29854.03,0.3559,29854.03,3.079,29855.52,3.647,0.0,137.56
2024-01-01 00:33:36.000,BTCUSDT,BINANCE_USDT,29854.35,0.7936,29854.35,3.119,29855.84,2.999,0.0,151.83
2024-01-01 00:33:36.500,BTCUSDT,BINANCE_USDT,29854.89,0.6724,29853.40,1.418,29854.89,1.866,0.0,116.99
2024-01-01 00:33:37.000,BTCUSDT,BINANCE_USDT,29854.35,0.0326,29853.60,4.609,29855.10,4.290,0.0,126.24
2024-01-01 00:33:37.500,BTCUSDT,BINANCE_USDT,29855.85,1.8547,29854.36,0.939,29855.85,3.122,0.0,177.37
2024-01-01 00:33:38.000,BTCUSDT,BINANCE_USDT,29853.41,1.6540,29853.41,2.803,29854.90,3.113,0.0,134.13
2024-01-01 00:33:38.500,BTCUSDT,BINANCE_USDT,29853.99,1.4533,29853.99,4.921,29855.49,4.071,0.0,182.71
2024-01-01 00:33:39.000,BTCUSDT,BINANCE_USDT,29855.81,1.7651,29854.32,4.120,29855.81,2.499,0.0,173.56
2024-01-01 00:33:39.500,BTCUSDT,BINANCE_USDT,29854.36,1.0872,29854.36,3.236,29855.85,4.739,0.0,103.81
2024-01-01 00:33:40.000,BTCUSDT,BINANCE_USDT,29853.11,1.8553,29851.62,3.017,29853.11,4.570,0.0,106.94
2024-01-01 00:33:40.500,BTCUSDT,BINANCE_USDT,29853.17,1.5194,29853.17,1.141,29854.66,3.633,0.0,155.59
2024-01-01 00:33:41.000,BTCUSDT,BINANCE_USDT,29855.72,0.8692,29854.22,2.153,29855.72,3.426,0.0,197.34
2024-01-01 00:33:41.500,BTCUSDT,BINANCE_USDT,29854.30,0.7197,29854.30,2.313,29855.80,2.441,0.0,133.97
2024-01-01 00:33:42.000,BTCUSDT,BINANCE_USDT,29855.67,1.4334,29854.18,2.249,29855.67,1.870,0.0,127.12
2024-01-01 00:33:42.500,BTCUSDT,BINANCE_USDT,29854.99,0.0774,29854.24,3.434,29855.74,2.834,0.0,134.88
2024-01-01 00:33:43.000,BTCUSDT,BINANCE_USDT,29853.23,0.8168,29852.49,2.672,29853.98,2.366,0.0,176.08
2024-01-01 00:33:43.500,BTCUSDT,BINANCE_USDT,29852.95,0.3416,29852.95,4.209,29854.44,3.507,0.0,120.62
2024-01-01 00:33:44.000,BTCUSDT,BINANCE_USDT,29855.43,0.0449,29853.94,3.073,29855.43,2.860,0.0,147.18
2024-01-01 00:33:44.500,BTCUSDT,BINANCE_USDT,29852.62,1.8394,29852.62,3.039,29854.12,4.725,0.0,165.65
2024-01-01 00:33:45.000,BTCUSDT,BINANCE_USDT,29853.90,0.4782,29853.16,3.298,29854.65,1.749,0.0,169.60
2024-01-01 00:33:45.500,BTCUSDT,BINANCE_USDT,29854.98,1.3141,29853.48,1.677,29854.98,1.981,0.0,108.50
2024-01-01 00:33:46.000,BTCUSDT,BINANCE_USDT,29851.58,1.6206,29851.58,2.538,29853.08,2.023,0.0,103.83
2024-01-01 00:33:46.500,BTCUSDT,BINANCE_USDT,29851.64,1.9061,29850.90,2.682,29852.39,2.088,0.0,142.96
2024-01-01 00:33:47.000,BTCUSDT,BINANCE_USDT,29853.45,1.7121,29851.96,3.861,29853.45,4.681,0.0,124.43
2024-01-01 00:33:47.500,BTCUSDT,BINANCE_USDT,29851.11,1.7269,29850.36,3.245,29851.86,1.239,0.0,107.64
2024-01-01 00:33:48.000,BTCUSDT,BINANCE_USDT,29851.65,0.4718,29850.16,1.580,29851.65,1.481,0.0,157.18
2024-01-01 00:33:48.500,BTCUSDT,BINANCE_USDT,29849.79,0.6292,29849.05,1.357,29850.54,4.556,0.0,147.83
2024-01-01 00:33:49.000,BTCUSDT,BINANCE_USDT,29849.42,0.8935,29848.67,1.723,29850.16,4.129,0.0,181.76
2024-01-01 00:33:49.500,BTCUSDT,BINANCE_USDT,29849.88,0.4593,29849.13,4.049,29850.63,4.852,0.0,187.40
2024-01-01 00:33:50.000,BTCUSDT,BINANCE_USDT,29848.07,0.0750,29848.07,2.140,29849.57,2.275,0.0,128.33
2024-01-01 00:33:50.500,BTCUSDT,BINANCE_USDT,29849.22,1.3859,29849.22,4.459,29850.71,3.047,0.0,196.33
2024-01-01 00:33:51.000,BTCUSDT,BINANCE_USDT,29850.61,1.9813,29850.61,3.270,29852.10,4.636,0.0,102.23
2024-01-01 00:33:51.500,BTCUSDT,BINANCE_USDT,29850.66,0.2474,29849.17,3.891,29850.66,4.060,0.0,159.23
2024-01-01 00:33:52.000,BTCUSDT,BINANCE_USDT,29848.45,0.5750,29848.45,2.555,29849.94,4.318,0.0,167.23
2024-01-01 00:33:52.500,BTCUSDT,BINANCE_USDT,29848.57,0.5480,29848.57,4.410,29850.07,2.543,0.0,158.10
2024-01-01 00:33:53.000,BTCUSDT,BINANCE_USDT,29848.34,1.5576,29847.59,4.009,29849.08,2.036,0.0,119.36
2024-01-01 00:33:53.500,BTCUSDT,BINANCE_USDT,29847.69,0.2778,29847.69,1.834,29849.18,1.879,0.0,186.25
2024-01-01 00:33:54.000,BTCUSDT,BINANCE_USDT,29849.58,1.6763,29848.09,2.618,29849.58,2.939,0.0,166.57
2024-01-01 00:33:54.500,BTCUSDT,BINANCE_USDT,29848.48,1.9750,29847.74,3.597,29849.23,1.119,0.0,174.23
2024-01-01 00:33:55.000,BTCUSDT,BINANCE_USDT,29849.68,1.2847,29848.94,1.530,29850.43,2.105,0.0,168.42
2024-01-01 00:33:55.500,BTCUSDT,BINANCE_USDT,29851.23,1.1022,29849.74,3.250,29851.23,1.261,0.0,115.94
2024-01-01 00:33:56.000,BTCUSDT,BINANCE_USDT,29849.98,0.9743,29849.24,2.076,29850.73,1.100,0.0,172.17
2024-01-01 00:33:56.500,BTCUSDT,BINANCE_USDT,29850.73,1.5043,29849.99,2.620,29851.48,0.680,0.0,154.70
2024-01-01 00:33:57.000,BTCUSDT,BINANCE_USDT,29847.00,1.0042,29847.00,3.809,29848.49,4.956,0.0,128.43
2024-01-01 00:33:57.500,BTCUSDT,BINANCE_USDT,29845.46,0.8653,29844.71,1.111,29846.20,4.891,0.0,148.50
2024-01-01 00:33:58.000,BTCUSDT,BINANCE_USDT,29845.05,1.6459,29844.31,2.635,29845.80,4.725,0.0,152.16
2024-01-01 00:33:58.500,BTCUSDT,BINANCE_USDT,29847.57,0.7410,29846.08,2.514,29847.57,3.266,0.0,199.52
2024-01-01 00:33:59.000,BTCUSDT,BINANCE_USDT,29848.52,0.6385,29847.03,1.466,29848.52,2.336,0.0,178.68
2024-01-01 00:33:59.500,BTCUSDT,BINANCE_USDT,29848.68,1.5269,29847.94,3.975,29849.43,2.990,0.0,149.21
2024-01-01 00:34:00.000,BTCUSDT,BINANCE_USDT,29847.83,0.0481,29847.83,3.533,29849.33,2.804,0.0,181.67
2024-01-01 00:34:00.500,BTCUSDT,BINANCE_USDT,29849.13,1.0393,29847.64,1.567,29849.13,1.999,0.0,182.13
2024-01-01 00:34:01.000,BTCUSDT,BINANCE_USDT,29850.14,0.1953,29849.39,3.191,29850.88,3.302,0.0,117.23
2024-01-01 00:34:01.500,BTCUSDT,BINANCE_USDT,29849.60,0.7251,29848.85,2.916,29850.35,4.731,0.0,161.89
2024-01-01 00:34:02.000,BTCUSDT,BINANCE_USDT,29851.14,0.2244,29850.40,4.579,29851.89,0.647,0.0,124.87
2024-01-01 00:34:02.500,BTCUSDT,BINANCE_USDT,29849.54,0.5355,29848.79,2.361,29850.29,2.203,0.0,147.42
2024-01-01 00:34:03.000,BTCUSDT,BINANCE_USDT,29849.67,1.5277,29849.67,2.057,29851.16,2.924,0.0,182.25
2024-01-01 00:34:03.500,BTCUSDT,BINANCE_USDT,29852.69,1.0665,29851.94,1.934,29853.44,2.928,0.0,142.49
2024-01-01 00:34:04.000,BTCUSDT,BINANCE_USDT,29854.98,0.6833,29854.24,3.782,29855.73,2.153,0.0,105.74
2024-01-01 00:34:04.500,BTCUSDT,BINANCE_USDT,29854.02,0.4401,29853.27,4.598,29854.77,2.478,0.0,101.02
2024-01-01 00:34:05.000,BTCUSDT,BINANCE_USDT,29854.58,0.2192,29853.09,4.599,29854.58,0.524,0.0,115.17
2024-01-01 00:34:05.500,BTCUSDT,BINANCE_USDT,29852.43,0.5262,29851.68,2.117,29853.18,0.732,0.0,136.40
2024-01-01 00:34:06.000,BTCUSDT,BINANCE_USDT,29852.35,0.5806,29851.61,4.757,29853.10,4.142,0.0,180.17
2024-01-01 00:34:06.500,BTCUSDT,BINANCE_USDT,29851.89,0.9955,29851.14,2.786,29852.63,2.634,0.0,112.90
2024-01-01 00:34:07.000,BTCUSDT,BINANCE_USDT,29852.02,0.1980,29850.53,3.194,29852.02,2.911,0.0,126.49
2024-01-01 00:34:07.500,BTCUSDT,BINANCE_USDT,29851.87,0.9939,29851.12,4.556,29852.61,3.708,0.0,181.26
2024-01-01 00:34:08.000,BTCUSDT,BINANCE_USDT,29853.72,0.7358,29852.23,1.585,29853.72,2.546,0.0,188.98
2024-01-01 00:34:08.500,BTCUSDT,BINANCE_USDT,29852.95,1.7429,29852.95,4.215,29854.44,4.705,0.0,131.28
2024-01-01 00:34:09.000,BTCUSDT,BINANCE_USDT,29854.29,0.9759,29854.29,1.729,29855.79,3.585,0.0,176.69
2024-01-01 00:34:09.500,BTCUSDT,BINANCE_USDT,29855.38,1.0387,29854.63,1.342,29856.12,0.617,0.0,106.06
2024-01-01 00:34:10.000,BTCUSDT,BINANCE_USDT,29854.21,0.4620,29854.21,2.525,29855.70,0.705,0.0,194.05
2024-01-01 00:34:10.500,BTCUSDT,BINANCE_USDT,29853.90,0.2049,29853.90,2.864,29855.39,3.564,0.0,132.66
2024-01-01 00:34:11.000,BTCUSDT,BINANCE_USDT,29855.20,0.3204,29853.71,1.058,29855.20,3.486,0.0,187.09
2024-01-01 00:34:11.500,BTCUSDT,BINANCE_USDT,29853.63,1.4783,29853.63,1.031,29855.12,2.304,0.0,103.40
2024-01-01 00:34:12.000,BTCUSDT,BINANCE_USDT,29855.92,1.0595,29854.43,3.487,29855.92,0.612,0.0,169.45
2024-01-01 00:34:12.500,BTCUSDT,BINANCE_USDT,29854.83,0.3997,29854.83,3.556,29856.32,0.934,0.0,183.16
2024-01-01 00:34:13.000,BTCUSDT,BINANCE_USDT,29857.13,1.9685,29855.64,4.140,29857.13,2.419,0.0,128.54
2024-01-01 00:34:13.500,BTCUSDT,BINANCE_USDT,29856.18,0.2496,29856.18,3.409,29857.67,1.278,0.0,169.41
2024-01-01 00:34:14.000,BTCUSDT,BINANCE_USDT,29855.86,1.5846,29854.37,2.614,29855.86,3.581,0.0,131.20
2024-01-01 00:34:14.500,BTCUSDT,BINANCE_USDT,29855.33,1.9677,29854.58,2.875,29856.07,2.121,0.0,158.95
2024-01-01 00:34:15.000,BTCUSDT,BINANCE_USDT,29855.16,0.0820,29854.41,2.980,29855.90,1.950,0.0,156.90
2024-01-01 00:34:15.500,BTCUSDT,BINANCE_USDT,29856.13,0.2889,29854.64,1.757,29856.13,1.924,0.0,130.97
2024-01-01 00:34:16.000,BTCUSDT,BINANCE_USDT,29853.62,1.8977,29852.88,2.377,29854.37,4.274,0.0,191.53
2024-01-01 00:34:16.500,BTCUSDT,BINANCE_USDT,29854.58,1.0066,29854.58,4.806,29856.08,4.486,0.0,164.95
2024-01-01 00:34:17.000,BTCUSDT,BINANCE_USDT,29853.67,0.3596,29852.17,4.038,29853.67,1.422,0.0,171.26
2024-01-01 00:34:17.500,BTCUSDT,BINANCE_USDT,29854.22,1.0133,29852.73,3.845,29854.22,3.734,0.0,136.22
2024-01-01 00:34:18.000,BTCUSDT,BINANCE_USDT,29852.86,1.9967,29852.11,0.724,29853.60,0.658,0.0,146.75
2024-01-01 00:34:18.500,BTCUSDT,BINANCE_USDT,29852.33,1.9199,29851.59,1.537,29853.08,1.835,0.0,178.79
2024-01-01 00:34:19.000,BTCUSDT,BINANCE_USDT,29852.99,0.1141,29852.99,2.902,29854.49,4.377,0.0,117.41
2024-01-01 00:34:19.500,BTCUSDT,BINANCE_USDT,29854.85,0.5967,29854.85,2.566,29856.34,3.987,0.0,184.79
2024-01-01 00:34:20.000,BTCUSDT,BINANCE_USDT,29856.14,1.1058,29855.39,0.957,29856.89,0.585,0.0,176.32
2024-01-01 00:34:20.500,BTCUSDT,BINANCE_USDT,29858.18,1.1883,29858.18,4.952,29859.68,2.282,0.0,126.89
2024-01-01 00:34:21.000,BTCUSDT,BINANCE_USDT,29858.80,1.7576,29858.06,4.618,29859.55,2.661,0.0,131.57
2024-01-01 00:34:21.500,BTCUSDT,BINANCE_USDT,29860.19,1.7697,29858.70,1.921,29860.19,4.873,0.0,115.04
2024-01-01 00:34:22.000,BTCUSDT,BINANCE_USDT,29860.45,1.2156,29860.45,3.626,29861.94,0.547,0.0,195.76
2024-01-01 00:34:22.500,BTCUSDT,BINANCE_USDT,29860.15,0.5470,29860.15,3.561,29861.65,2.668,0.0,187.48
2024-01-01 00:34:23.000,BTCUSDT,BINANCE_USDT,29862.94,1.9143,29861.45,3.048,29862.94,1.935,0.0,155.96
2024-01-01 00:34:23.500,BTCUSDT,BINANCE_USDT,29859.93,0.2501,29859.93,1.236,29861.42,2.251,0.0,132.49
2024-01-01 00:34:24.000,BTCUSDT,BINANCE_USDT,29858.94,1.3894,29857.45,1.768,29858.94,3.820,0.0,170.71
2024-01-01 00:34:24.500,BTCUSDT,BINANCE_USDT,29858.89,1.9536,29858.89,4.979,29860.38,4.976,0.0,102.47
2024-01-01 00:34:25.000,BTCUSDT,BINANCE_USDT,29858.03,0.3444,29858.03,1.563,29859.52,1.023,0.0,196.43
2024-01-01 00:34:25.500,BTCUSDT,BINANCE_USDT,29860.01,0.5933,29859.26,2.018,29860.75,3.561,0.0,182.78
2024-01-01 00:34:26.000,BTCUSDT,BINANCE_USDT,29859.57,1.6669,29858.83,0.858,29860.32,4.929,0.0,181.71
2024-01-01 00:34:26.500,BTCUSDT,BINANCE_USDT,29860.06,0.2144,29858.57,2.963,29860.06,1.877,0.0,184.76
2024-01-01 00:34:27.000,BTCUSDT,BINANCE_USDT,29859.88,0.9327,29859.13,3.883,29860.63,2.727,0.0,151.05
2024-01-01 00:34:27.500,BTCUSDT,BINANCE_USDT,29860.10,1.5818,29858.61,2.507,29860.10,2.610,0.0,108.71
2024-01-01 00:34:28.000,BTCUSDT,BINANCE_USDT,29859.64,0.6013,29858.14,3.387,29859.64,0.630,0.0,116.96
2024-01-01 00:34:28.500,BTCUSDT,BINANCE_USDT,29859.44,0.3510,29858.70,3.095,29860.19,2.415,0.0,167.78
2024-01-01 00:34:29.000,BTCUSDT,BINANCE_USDT,29859.33,0.9343,29857.84,4.359,29859.33,2.868,0.0,125.64
2024-01-01 00:34:29.500,BTCUSDT,BINANCE_USDT,29857.70,1.1363,29857.70,3.369,29859.19,1.769,0.0,158.10
2024-01-01 00:34:30.000,BTCUSDT,BINANCE_USDT,29858.64,1.9943,29858.64,2.016,29860.13,0.819,0.0,163.13
2024-01-01 00:34:30.500,BTCUSDT,BINANCE_USDT,29858.19,1.6455,29857.45,1.129,29858.94,1.210,0.0,111.58
2024-01-01 00:34:31.000,BTCUSDT,BINANCE_USDT,29857.45,0.2253,29856.71,2.548,29858.20,3.539,0.0,155.66
2024-01-01 00:34:31.500,BTCUSDT,BINANCE_USDT,29856.84,0.4993,29856.09,3.104,29857.58,0.956,0.0,116.66
2024-01-01 00:34:32.000,BTCUSDT,BINANCE_USDT,29857.42,1.3795,29855.92,4.274,29857.42,2.609,0.0,138.55
2024-01-01 00:34:32.500,BTCUSDT,BINANCE_USDT,29855.81,1.4245,29855.81,2.722,29857.30,4.487,0.0,198.10
2024-01-01 00:34:33.000,BTCUSDT,BINANCE_USDT,29855.31,1.3411,29854.56,3.005,29856.05,1.959,0.0,159.34
2024-01-01 00:34:33.500,BTCUSDT,BINANCE_USDT,29852.86,0.0021,29852.12,3.086,29853.61,4.521,0.0,103.54
2024-01-01 00:34:34.000,BTCUSDT,BINANCE_USDT,29854.29,0.9280,29852.80,3.844,29854.29,0.952,0.0,126.71
2024-01-01 00:34:34.500,BTCUSDT,BINANCE_USDT,29853.21,1.0263,29853.21,1.832,29854.71,3.014,0.0,122.93
2024-01-01 00:34:35.000,BTCUSDT,BINANCE_USDT,29854.11,1.9058,29853.36,0.725,29854.86,1.292,0.0,113.41
2024-01-01 00:34:35.500,BTCUSDT,BINANCE_USDT,29856.14,0.4284,29854.64,4.854,29856.14,4.213,0.0,112.38
2024-01-01 00:34:36.000,BTCUSDT,BINANCE_USDT,29854.93,1.8167,29854.93,3.790,29856.43,1.727,0.0,120.61
2024-01-01 00:34:36.500,BTCUSDT,BINANCE_USDT,29856.17,1.6690,29855.43,3.284,29856.92,1.640,0.0,156.85
2024-01-01 00:34:37.000,BTCUSDT,BINANCE_USDT,29854.70,0.4371,29854.70,3.949,29856.19,1.740,0.0,105.56
2024-01-01 00:34:37.500,BTCUSDT,BINANCE_USDT,29853.28,0.8086,29852.53,4.292,29854.02,4.894,0.0,117.69
2024-01-01 00:34:38.000,BTCUSDT,BINANCE_USDT,29854.31,0.8246,29852.82,2.149,29854.31,1.534,0.0,108.65
2024-01-01 00:34:38.500,BTCUSDT,BINANCE_USDT,29853.71,1.5930,29853.71,1.816,29855.20,1.713,0.0,183.96
2024-01-01 00:34:39.000,BTCUSDT,BINANCE_USDT,29856.42,1.4056,29854.93,0.769,29856.42,2.553,0.0,143.79
2024-01-01 00:34:39.500,BTCUSDT,BINANCE_USDT,29856.37,0.0101,29854.87,2.750,29856.37,4.968,0.0,113.58
2024-01-01 00:34:40.000,BTCUSDT,BINANCE_USDT,29854.10,0.1128,29854.10,1.179,29855.59,3.902,0.0,185.55
2024-01-01 00:34:40.500,BTCUSDT,BINANCE_USDT,29855.36,1.5721,29854.61,1.941,29856.11,4.065,0.0,184.10
2024-01-01 00:34:41.000,BTCUSDT,BINANCE_USDT,29854.67,0.8772,29854.67,2.808,29856.16,3.745,0.0,164.48
2024-01-01 00:34:41.500,BTCUSDT,BINANCE_USDT,29856.70,1.5344,29855.95,3.260,29857.45,1.804,0.0,151.51
2024-01-01 00:34:42.000,BTCUSDT,BINANCE_USDT,29856.75,1.3803,29855.26,3.664,29856.75,3.581,0.0,143.71
2024-01-01 00:34:42.500,BTCUSDT,BINANCE_USDT,29855.84,0.9759,29855.10,1.405,29856.59,1.238,0.0,109.94
2024-01-01 00:34:43.000,BTCUSDT,BINANCE_USDT,29855.69,1.0671,29854.20,2.458,29855.69,2.457,0.0,158.41
2024-01-01 00:34:43.500,BTCUSDT,BINANCE_USDT,29855.48,1.2091,29854.73,1.162,29856.22,4.613,0.0,114.69
2024-01-01 00:34:44.000,BTCUSDT,BINANCE_USDT,29855.81,0.3823,29855.81,4.699,29857.31,2.399,0.0,106.86
2024-01-01 00:34:44.500,BTCUSDT,BINANCE_USDT,29857.38,1.6283,29855.89,2.954,29857.38,1.686,0.0,194.70
2024-01-01 00:34:45.000,BTCUSDT,BINANCE_USDT,29855.92,1.6381,29854.43,3.744,29855.92,1.181,0.0,131.66
2024-01-01 00:34:45.500,BTCUSDT,BINANCE_USDT,29854.82,0.9222,29854.82,0.715,29856.31,2.503,0.0,189.74
2024-01-01 00:34:46.000,BTCUSDT,BINANCE_USDT,29855.19,0.3595,29855.19,2.788,29856.68,2.664,0.0,148.27
2024-01-01 00:34:46.500,BTCUSDT,BINANCE_USDT,29853.06,1.3552,29853.06,0.531,29854.56,1.102,0.0,102.46
2024-01-01 00:34:47.000,BTCUSDT,BINANCE_USDT,29852.47,0.4108,29852.47,3.616,29853.96,0.520,0.0,143.40
2024-01-01 00:34:47.500,BTCUSDT,BINANCE_USDT,29853.61,0.4267,29852.12,3.043,29853.61,1.778,0.0,117.82
2024-01-01 00:34:48.000,BTCUSDT,BINANCE_USDT,29851.02,1.1448,29850.27,1.582,29851.76,3.745,0.0,108.87
2024-01-01 00:34:48.500,BTCUSDT,BINANCE_USDT,29853.38,1.1945,29851.89,3.220,29853.38,1.257,0.0,135.83
2024-01-01 00:34:49.000,BTCUSDT,BINANCE_USDT,29854.10,0.3528,29852.61,3.473,29854.10,1.663,0.0,111.58
2024-01-01 00:34:49.500,BTCUSDT,BINANCE_USDT,29856.03,1.4405,29855.28,4.942,29856.78,4.515,0.0,189.52
2024-01-01 00:34:50.000,BTCUSDT,BINANCE_USDT,29856.20,1.6867,29854.70,3.451,29856.20,2.350,0.0,162.77
2024-01-01 00:34:50.500,BTCUSDT,BINANCE_USDT,29855.77,0.3647,29855.77,2.357,29857.26,3.756,0.0,100.29
2024-01-01 00:34:51.000,BTCUSDT,BINANCE_USDT,29854.95,1.7410,29854.95,1.549,29856.44,1.413,0.0,196.62
2024-01-01 00:34:51.500,BTCUSDT,BINANCE_USDT,29858.17,1.2827,29856.68,4.601,29858.17,4.431,0.0,102.40
2024-01-01 00:34:52.000,BTCUSDT,BINANCE_USDT,29855.15,1.7284,29853.66,4.986,29855.15,3.726,0.0,185.81
2024-01-01 00:34:52.500,BTCUSDT,BINANCE_USDT,29854.10,1.9000,29852.61,3.486,29854.10,1.833,0.0,179.02
2024-01-01 00:34:53.000,BTCUSDT,BINANCE_USDT,29853.92,0.7415,29852.42,2.408,29853.92,3.809,0.0,179.85
2024-01-01 00:34:53.500,BTCUSDT,BINANCE_USDT,29853.43,0.3413,29851.94,2.674,29853.43,4.190,0.0,187.40
2024-01-01 00:34:54.000,BTCUSDT,BINANCE_USDT,29852.71,1.7440,29852.71,3.546,29854.20,0.653,0.0,197.49
2024-01-01 00:34:54.500,BTCUSDT,BINANCE_USDT,29856.29,1.4090,29854.80,3.515,29856.29,2.191,0.0,170.44
2024-01-01 00:34:55.000,BTCUSDT,BINANCE_USDT,29856.10,0.6374,29855.35,4.399,29856.84,2.065,0.0,191.76
2024-01-01 00:34:55.500,BTCUSDT,BINANCE_USDT,29855.30,1.3375,29855.30,2.206,29856.80,1.107,0.0,117.71
2024-01-01 00:34:56.000,BTCUSDT,BINANCE_USDT,29852.88,0.8093,29852.88,2.699,29854.38,4.458,0.0,199.26
2024-01-01 00:34:56.500,BTCUSDT,BINANCE_USDT,29853.68,0.0253,29853.68,4.160,29855.17,2.266,0.0,138.28
2024-01-01 00:34:57.000,BTCUSDT,BINANCE_USDT,29852.55,0.2844,29852.55,1.083,29854.05,2.620,0.0,134.35
2024-01-01 00:34:57.500,BTCUSDT,BINANCE_USDT,29853.20,1.1535,29851.71,0.670,29853.20,0.684,0.0,179.62
2024-01-01 00:34:58.000,BTCUSDT,BINANCE_USDT,29850.82,0.4435,29850.82,3.440,29852.31,4.936,0.0,184.04
2024-01-01 00:34:58.500,BTCUSDT,BINANCE_USDT,29852.78,0.0465,29851.29,2.819,29852.78,3.506,0.0,116.11
2024-01-01 00:34:59.000,BTCUSDT,BINANCE_USDT,29853.47,0.2114,29853.47,2.462,29854.96,0.861,0.0,149.96
2024-01-01 00:34:59.500,BTCUSDT,BINANCE_USDT,29853.11,1.6068,29852.36,3.059,29853.86,1.825,0.0,144.27
2024-01-01 00:35:00.000,BTCUSDT,BINANCE_USDT,29854.35,1.0464,29853.61,3.952,29855.10,3.078,0.0,166.58
2024-01-01 00:35:00.500,BTCUSDT,BINANCE_USDT,29853.49,1.4266,29853.49,3.874,29854.98,3.608,0.0,183.30
2024-01-01 00:35:01.000,BTCUSDT,BINANCE_USDT,29852.48,0.4624,29852.48,4.737,29853.98,2.586,0.0,182.48
2024-01-01 00:35:01.500,BTCUSDT,BINANCE_USDT,29852.40,1.8915,29850.91,4.430,29852.40,1.430,0.0,139.15
2024-01-01 00:35:02.000,BTCUSDT,BINANCE_USDT,29851.02,0.2588,29849.53,4.443,29851.02,4.712,0.0,168.01
2024-01-01 00:35:02.500,BTCUSDT,BINANCE_USDT,29848.64,1.2571,29848.64,4.583,29850.13,4.261,0.0,144.17
2024-01-01 00:35:03.000,BTCUSDT,BINANCE_USDT,29850.33,0.6678,29848.83,3.976,29850.33,2.850,0.0,106.41
2024-01-01 00:35:03.500,BTCUSDT,BINANCE_USDT,29847.05,0.3910,29847.05,0.560,29848.54,3.532,0.0,128.69
2024-01-01 00:35:04.000,BTCUSDT,BINANCE_USDT,29847.62,1.9468,29846.13,2.915,29847.62,1.494,0.0,106.69
2024-01-01 00:35:04.500,BTCUSDT,BINANCE_USDT,29847.46,1.3036,29846.71,4.524,29848.20,1.471,0.0,119.35
2024-01-01 00:35:05.000,BTCUSDT,BINANCE_USDT,29846.61,0.3983,29846.61,2.938,29848.10,4.918,0.0,111.60
2024-01-01 00:35:05.500,BTCUSDT,BINANCE_USDT,29843.64,0.2810,29842.15,0.744,29843.64,3.620,0.0,148.14
2024-01-01 00:35:06.000,BTCUSDT,BINANCE_USDT,29842.92,1.2000,29842.92,4.613,29844.41,4.159,0.0,111.03
2024-01-01 00:35:06.500,BTCUSDT,BINANCE_USDT,29844.69,1.6567,29844.69,1.777,29846.18,4.215,0.0,138.44
2024-01-01 00:35:07.000,BTCUSDT,BINANCE_USDT,29843.36,1.4445,29841.87,1.196,29843.36,1.105,0.0,139.96
2024-01-01 00:35:07.500,BTCUSDT,BINANCE_USDT,29843.52,0.9208,29842.02,4.373,29843.52,2.020,0.0,112.84
2024-01-01 00:35:08.000,BTCUSDT,BINANCE_USDT,29843.67,0.0829,29842.93,2.031,29844.42,0.965,0.0,168.23
2024-01-01 00:35:08.500,BTCUSDT,BINANCE_USDT,29843.04,1.7047,29842.29,4.045,29843.79,0.754,0.0,114.58
2024-01-01 00:35:09.000,BTCUSDT,BINANCE_USDT,29842.77,1.2781,29842.02,1.878,29843.51,2.457,0.0,135.69
2024-01-01 00:35:09.500,BTCUSDT,BINANCE_USDT,29840.31,0.7878,29840.31,0.747,29841.80,3.388,0.0,127.34
2024-01-01 00:35:10.000,BTCUSDT,BINANCE_USDT,29842.70,0.1428,29841.21,2.908,29842.70,4.557,0.0,139.08
2024-01-01 00:35:10.500,BTCUSDT,BINANCE_USDT,29843.54,0.2550,29843.54,1.895,29845.03,0.875,0.0,199.93
2024-01-01 00:35:11.000,BTCUSDT,BINANCE_USDT,29842.04,1.7380,29841.29,2.697,29842.78,3.440,0.0,162.69
2024-01-01 00:35:11.500,BTCUSDT,BINANCE_USDT,29843.13,1.5395,29841.64,0.747,29843.13,2.852,0.0,175.69
2024-01-01 00:35:12.000,BTCUSDT,BINANCE_USDT,29842.71,1.9310,29841.96,2.725,29843.45,4.459,0.0,163.05
2024-01-01 00:35:12.500,BTCUSDT,BINANCE_USDT,29843.74,1.9770,29842.24,3.662,29843.74,0.809,0.0,123.69
2024-01-01 00:35:13.000,BTCUSDT,BINANCE_USDT,29842.10,1.0235,29842.10,0.597,29843.59,2.247,0.0,171.17
2024-01-01 00:35:13.500,BTCUSDT,BINANCE_USDT,29842.29,0.1362,29840.80,2.512,29842.29,1.393,0.0,179.09
2024-01-01 00:35:14.000,BTCUSDT,BINANCE_USDT,29837.98,0.7352,29837.98,4.763,29839.47,0.647,0.0,110.72
2024-01-01 00:35:14.500,BTCUSDT,BINANCE_USDT,29839.68,1.5385,29838.94,2.234,29840.43,3.412,0.0,132.20
2024-01-01 00:35:15.000,BTCUSDT,BINANCE_USDT,29840.55,0.2112,29839.80,3.054,29841.30,1.498,0.0,127.49
2024-01-01 00:35:15.500,BTCUSDT,BINANCE_USDT,29839.20,1.1663,29839.20,4.691,29840.70,0.878,0.0,123.18
2024-01-01 00:35:16.000,BTCUSDT,BINANCE_USDT,29839.70,0.5573,29838.21,3.396,29839.70,0.648,0.0,127.22
2024-01-01 00:35:16.500,BTCUSDT,BINANCE_USDT,29838.06,0.3210,29838.06,3.291,29839.56,4.761,0.0,126.00
2024-01-01 00:35:17.000,BTCUSDT,BINANCE_USDT,29838.16,1.2516,29837.42,3.863,29838.91,1.791,0.0,140.05
2024-01-01 00:35:17.500,BTCUSDT,BINANCE_USDT,29839.86,0.5041,29839.11,1.743,29840.60,2.144,0.0,146.09
2024-01-01 00:35:18.000,BTCUSDT,BINANCE_USDT,29837.04,1.1269,29837.04,2.743,29838.53,4.432,0.0,147.00
2024-01-01 00:35:18.500,BTCUSDT,BINANCE_USDT,29839.41,1.6762,29837.91,4.637,29839.41,0.952,0.0,199.33
2024-01-01 00:35:19.000,BTCUSDT,BINANCE_USDT,29839.22,0.4424,29838.47,4.015,29839.96,1.188,0.0,193.14
2024-01-01 00:35:19.500,BTCUSDT,BINANCE_USDT,29837.74,1.4807,29837.74,3.473,29839.24,0.883,0.0,189.87
2024-01-01 00:35:20.000,BTCUSDT,BINANCE_USDT,29837.97,0.3520,29837.22,1.133,29838.71,1.852,0.0,164.86
2024-01-01 00:35:20.500,BTCUSDT,BINANCE_USDT,29836.61,1.8495,29836.61,0.683,29838.10,0.624,0.0,145.19
2024-01-01 00:35:21.000,BTCUSDT,BINANCE_USDT,29835.79,0.0839,29835.79,4.208,29837.28,4.990,0.0,101.70
2024-01-01 00:35:21.500,BTCUSDT,BINANCE_USDT,29836.61,1.5205,29835.87,0.774,29837.36,2.105,0.0,103.72
2024-01-01 00:35:22.000,BTCUSDT,BINANCE_USDT,29836.38,1.3758,29836.38,1.292,29837.87,2.697,0.0,132.95
2024-01-01 00:35:22.500,BTCUSDT,BINANCE_USDT,29839.64,0.7083,29838.90,0.765,29840.39,1.473,0.0,105.37
2024-01-01 00:35:23.000,BTCUSDT,BINANCE_USDT,29838.36,0.4766,29838.36,1.678,29839.85,1.452,0.0,152.39
2024-01-01 00:35:23.500,BTCUSDT,BINANCE_USDT,29839.14,0.7063,29837.65,1.273,29839.14,0.833,0.0,121.93
2024-01-01 00:35:24.000,BTCUSDT,BINANCE_USDT,29841.09,0.0607,29839.60,3.918,29841.09,0.792,0.0,133.92
2024-01-01 00:35:24.500,BTCUSDT,BINANCE_USDT,29842.78,1.7753,29841.29,2.091,29842.78,2.730,0.0,124.97
2024-01-01 00:35:25.000,BTCUSDT,BINANCE_USDT,29841.11,1.3530,29841.11,4.760,29842.61,3.478,0.0,193.56
2024-01-01 00:35:25.500,BTCUSDT,BINANCE_USDT,29842.62,1.9947,29841.88,3.740,29843.37,4.379,0.0,100.92
2024-01-01 00:35:26.000,BTCUSDT,BINANCE_USDT,29842.54,0.2017,29841.05,1.514,29842.54,3.107,0.0,177.87
2024-01-01 00:35:26.500,BTCUSDT,BINANCE_USDT,29840.09,1.0634,29839.34,4.800,29840.84,4.783,0.0,125.37
2024-01-01 00:35:27.000,BTCUSDT,BINANCE_USDT,29839.06,0.0653,29837.57,2.058,29839.06,3.731,0.0,187.19
2024-01-01 00:35:27.500,BTCUSDT,BINANCE_USDT,29840.47,0.4635,29838.98,4.885,29840.47,1.332,0.0,181.04
2024-01-01 00:35:28.000,BTCUSDT,BINANCE_USDT,29841.06,0.2563,29839.57,1.679,29841.06,2.738,0.0,148.61
2024-01-01 00:35:28.500,BTCUSDT,BINANCE_USDT,29837.84,0.8809,29837.09,3.688,29838.58,4.171,0.0,142.52
2024-01-01 00:35:29.000,BTCUSDT,BINANCE_USDT,29837.57,1.4142,29836.07,2.592,29837.57,4.649,0.0,123.46
2024-01-01 00:35:29.500,BTCUSDT,BINANCE_USDT,29836.28,0.3063,29835.53,1.763,29837.03,2.556,0.0,158.56
2024-01-01 00:35:30.000,BTCUSDT,BINANCE_USDT,29835.40,0.1552,29835.40,0.849,29836.89,1.213,0.0,141.52
2024-01-01 00:35:30.500,BTCUSDT,BINANCE_USDT,29838.07,0.1758,29836.58,1.287,29838.07,3.582,0.0,154.49
2024-01-01 00:35:31.000,BTCUSDT,BINANCE_USDT,29836.87,1.0058,29836.87,0.728,29838.36,3.586,0.0,185.99
2024-01-01 00:35:31.500,BTCUSDT,BINANCE_USDT,29836.69,0.0767,29836.69,3.451,29838.18,0.672,0.0,161.71
2024-01-01 00:35:32.000,BTCUSDT,BINANCE_USDT,29839.04,1.5694,29838.30,3.145,29839.79,3.701,0.0,160.27
2024-01-01 00:35:32.500,BTCUSDT,BINANCE_USDT,29835.71,0.5017,29835.71,4.982,29837.20,1.157,0.0,118.20
2024-01-01 00:35:33.000,BTCUSDT,BINANCE_USDT,29837.06,0.4827,29835.57,1.044,29837.06,0.527,0.0,149.08
2024-01-01 00:35:33.500,BTCUSDT,BINANCE_USDT,29839.73,1.4427,29838.98,1.541,29840.48,1.305,0.0,185.43
2024-01-01 00:35:34.000,BTCUSDT,BINANCE_USDT,29838.52,1.5567,29837.77,4.731,29839.26,0.606,0.0,153.31
2024-01-01 00:35:34.500,BTCUSDT,BINANCE_USDT,29841.61,0.4617,29840.12,1.488,29841.61,2.167,0.0,138.28
2024-01-01 00:35:35.000,BTCUSDT,BINANCE_USDT,29840.88,0.0444,29840.13,3.977,29841.62,0.541,0.0,125.52
2024-01-01 00:35:35.500,BTCUSDT,BINANCE_USDT,29841.16,1.2415,29839.67,3.999,29841.16,2.031,0.0,139.23
2024-01-01 00:35:36.000,BTCUSDT,BINANCE_USDT,29838.05,0.0455,29838.05,0.858,29839.54,3.563,0.0,180.14
2024-01-01 00:35:36.500,BTCUSDT,BINANCE_USDT,29836.55,0.7931,29836.55,2.301,29838.04,1.049,0.0,188.36
2024-01-01 00:35:37.000,BTCUSDT,BINANCE_USDT,29838.68,1.9048,29837.19,1.658,29838.68,1.863,0.0,153.07
2024-01-01 00:35:37.500,BTCUSDT,BINANCE_USDT,29839.80,0.1106,29839.05,0.740,29840.54,2.263,0.0,169.75
2024-01-01 00:35:38.000,BTCUSDT,BINANCE_USDT,29839.02,1.6197,29839.02,2.808,29840.51,0.554,0.0,122.06
2024-01-01 00:35:38.500,BTCUSDT,BINANCE_USDT,29839.28,0.5700,29838.54,2.129,29840.03,2.740,0.0,102.20
2024-01-01 00:35:39.000,BTCUSDT,BINANCE_USDT,29840.32,1.4531,29839.57,2.465,29841.07,3.136,0.0,109.05
2024-01-01 00:35:39.500,BTCUSDT,BINANCE_USDT,29840.07,1.8167,29839.32,1.259,29840.82,0.522,0.0,145.85
2024-01-01 00:35:40.000,BTCUSDT,BINANCE_USDT,29841.43,1.3578,29839.94,1.586,29841.43,1.796,0.0,110.77
2024-01-01 00:35:40.500,BTCUSDT,BINANCE_USDT,29840.28,0.3104,29839.53,3.687,29841.02,4.170,0.0,164.65
2024-01-01 00:35:41.000,BTCUSDT,BINANCE_USDT,29843.39,1.7507,29841.90,2.365,29843.39,1.062,0.0,127.96
2024-01-01 00:35:41.500,BTCUSDT,BINANCE_USDT,29842.23,0.2032,29842.23,3.077,29843.72,4.213,0.0,124.41
2024-01-01 00:35:42.000,BTCUSDT,BINANCE_USDT,29841.88,1.6625,29841.13,3.237,29842.63,1.865,0.0,191.59
2024-01-01 00:35:42.500,BTCUSDT,BINANCE_USDT,29840.81,1.1927,29840.81,0.502,29842.30,2.034,0.0,174.07
2024-01-01 00:35:43.000,BTCUSDT,BINANCE_USDT,29840.89,0.2492,29839.40,3.765,29840.89,4.155,0.0,161.27
2024-01-01 00:35:43.500,BTCUSDT,BINANCE_USDT,29839.00,1.7185,29839.00,2.951,29840.49,2.582,0.0,107.99
2024-01-01 00:35:44.000,BTCUSDT,BINANCE_USDT,29841.19,1.6194,29840.44,2.552,29841.93,3.489,0.0,182.60
2024-01-01 00:35:44.500,BTCUSDT,BINANCE_USDT,29842.75,1.8343,29841.26,4.816,29842.75,4.796,0.0,132.72
2024-01-01 00:35:45.000,BTCUSDT,BINANCE_USDT,29842.23,1.1478,29842.23,0.542,29843.72,3.294,0.0,181.54
2024-01-01 00:35:45.500,BTCUSDT,BINANCE_USDT,29843.67,0.9798,29842.92,3.482,29844.41,2.013,0.0,186.96
2024-01-01 00:35:46.000,BTCUSDT,BINANCE_USDT,29842.17,1.9499,29842.17,4.803,29843.66,4.873,0.0,194.06
2024-01-01 00:35:46.500,BTCUSDT,BINANCE_USDT,29840.30,1.3368,29839.56,1.788,29841.05,1.270,0.0,149.36
2024-01-01 00:35:47.000,BTCUSDT,BINANCE_USDT,29843.02,0.1031,29841.52,2.504,29843.02,2.205,0.0,130.80
2024-01-01 00:35:47.500,BTCUSDT,BINANCE_USDT,29843.54,1.1922,29842.05,1.220,29843.54,3.676,0.0,196.45
2024-01-01 00:35:48.000,BTCUSDT,BINANCE_USDT,29844.07,0.8991,29842.58,2.876,29844.07,2.413,0.0,103.83
2024-01-01 00:35:48.500,BTCUSDT,BINANCE_USDT,29842.20,0.7803,29841.45,2.530,29842.94,2.474,0.0,127.35
2024-01-01 00:35:49.000,BTCUSDT,BINANCE_USDT,29843.07,0.3200,29841.57,0.668,29843.07,2.377,0.0,101.68
2024-01-01 00:35:49.500,BTCUSDT,BINANCE_USDT,29840.79,1.0404,29840.04,3.187,29841.53,1.692,0.0,135.43
2024-01-01 00:35:50.000,BTCUSDT,BINANCE_USDT,29840.44,1.8482,29838.95,2.965,29840.44,4.704,0.0,127.28
2024-01-01 00:35:50.500,BTCUSDT,BINANCE_USDT,29841.05,1.3882,29839.56,1.905,29841.05,2.361,0.0,165.27
2024-01-01 00:35:51.000,BTCUSDT,BINANCE_USDT,29838.74,1.8796,29837.99,3.805,29839.48,4.038,0.0,100.59
2024-01-01 00:35:51.500,BTCUSDT,BINANCE_USDT,29836.23,1.8494,29836.23,4.998,29837.72,1.287,0.0,155.49
2024-01-01 00:35:52.000,BTCUSDT,BINANCE_USDT,29834.99,0.0067,29834.25,2.574,29835.74,2.061,0.0,185.43
2024-01-01 00:35:52.500,BTCUSDT,BINANCE_USDT,29837.72,0.3690,29836.23,4.615,29837.72,2.800,0.0,154.25
2024-01-01 00:35:53.000,BTCUSDT,BINANCE_USDT,29836.09,0.0460,29836.09,0.619,29837.58,1.341,0.0,147.78
2024-01-01 00:35:53.500,BTCUSDT,BINANCE_USDT,29837.48,0.1387,29837.48,3.470,29838.97,0.733,0.0,102.09
2024-01-01 00:35:54.000,BTCUSDT,BINANCE_USDT,29838.31,1.2005,29838.31,4.785,29839.80,1.144,0.0,151.27
2024-01-01 00:35:54.500,BTCUSDT,BINANCE_USDT,29839.32,1.8941,29839.32,1.989,29840.81,1.372,0.0,109.89
2024-01-01 00:35:55.000,BTCUSDT,BINANCE_USDT,29840.82,1.4110,29840.82,3.516,29842.31,1.706,0.0,186.11
2024-01-01 00:35:55.500,BTCUSDT,BINANCE_USDT,29840.75,1.7055,29839.25,2.897,29840.75,4.573,0.0,179.72
2024-01-01 00:35:56.000,BTCUSDT,BINANCE_USDT,29840.92,1.6793,29840.92,3.520,29842.41,1.215,0.0,176.25
2024-01-01 00:35:56.500,BTCUSDT,BINANCE_USDT,29842.34,0.1352,29841.59,2.023,29843.08,1.986,0.0,180.38
2024-01-01 00:35:57.000,BTCUSDT,BINANCE_USDT,29840.53,0.9853,29840.53,1.133,29842.02,2.041,0.0,181.46
2024-01-01 00:35:57.500,BTCUSDT,BINANCE_USDT,29840.99,1.3548,29840.99,2.796,29842.48,4.958,0.0,184.45
2024-01-01 00:35:58.000,BTCUSDT,BINANCE_USDT,29840.07,0.9741,29839.32,2.622,29840.82,4.974,0.0,151.03
2024-01-01 00:35:58.500,BTCUSDT,BINANCE_USDT,29838.26,1.4611,29838.26,4.793,29839.75,1.081,0.0,154.67
2024-01-01 00:35:59.000,BTCUSDT,BINANCE_USDT,29838.54,0.7079,29837.80,3.723,29839.29,4.738,0.0,101.71
2024-01-01 00:35:59.500,BTCUSDT,BINANCE_USDT,29836.85,1.7482,29836.85,2.967,29838.34,4.896,0.0,113.08
2024-01-01 00:36:00.000,BTCUSDT,BINANCE_USDT,29838.14,1.9889,29837.39,1.100,29838.88,2.307,0.0,177.87
2024-01-01 00:36:00.500,BTCUSDT,BINANCE_USDT,29839.21,1.0497,29837.71,1.899,29839.21,1.903,0.0,143.46
2024-01-01 00:36:01.000,BTCUSDT,BINANCE_USDT,29835.97,0.9045,29835.97,4.629,29837.46,2.394,0.0,125.07
2024-01-01 00:36:01.500,BTCUSDT,BINANCE_USDT,29835.86,0.1651,29835.86,3.847,29837.35,2.518,0.0,161.49
2024-01-01 00:36:02.000,BTCUSDT,BINANCE_USDT,29836.38,1.4745,29834.89,2.580,29836.38,1.286,0.0,163.21
2024-01-01 00:36:02.500,BTCUSDT,BINANCE_USDT,29838.55,1.2388,29837.06,4.493,29838.55,1.034,0.0,182.49
2024-01-01 00:36:03.000,BTCUSDT,BINANCE_USDT,29837.56,1.8249,29837.56,2.457,29839.06,3.992,0.0,178.55
2024-01-01 00:36:03.500,BTCUSDT,BINANCE_USDT,29840.53,1.0858,29839.79,2.661,29841.28,0.748,0.0,103.50
2024-01-01 00:36:04.000,BTCUSDT,BINANCE_USDT,29841.25,0.9514,29841.25,1.381,29842.74,4.707,0.0,146.32
2024-01-01 00:36:04.500,BTCUSDT,BINANCE_USDT,29840.52,0.8834,29839.03,3.930,29840.52,3.337,0.0,162.46
2024-01-01 00:36:05.000,BTCUSDT,BINANCE_USDT,29842.50,1.8938,29841.01,0.782,29842.50,4.938,0.0,137.39
2024-01-01 00:36:05.500,BTCUSDT,BINANCE_USDT,29842.27,0.4183,29842.27,4.740,29843.77,1.381,0.0,160.98
2024-01-01 00:36:06.000,BTCUSDT,BINANCE_USDT,29843.63,1.2575,29842.88,4.203,29844.37,2.656,0.0,164.60
2024-01-01 00:36:06.500,BTCUSDT,BINANCE_USDT,29844.23,0.3945,29842.74,3.935,29844.23,3.532,0.0,142.42
2024-01-01 00:36:07.000,BTCUSDT,BINANCE_USDT,29845.29,1.3701,29845.29,3.370,29846.78,4.611,0.0,169.79
2024-01-01 00:36:07.500,BTCUSDT,BINANCE_USDT,29844.45,0.3763,29844.45,2.515,29845.94,1.718,0.0,180.02
2024-01-01 00:36:08.000,BTCUSDT,BINANCE_USDT,29847.94,0.4673,29847.19,2.428,29848.68,2.699,0.0,112.79
2024-01-01 00:36:08.500,BTCUSDT,BINANCE_USDT,29847.90,1.6959,29846.40,4.873,29847.90,2.641,0.0,179.64
2024-01-01 00:36:09.000,BTCUSDT,BINANCE_USDT,29845.45,0.4096,29843.96,1.237,29845.45,1.984,0.0,102.06
2024-01-01 00:36:09.500,BTCUSDT,BINANCE_USDT,29845.83,0.4604,29844.34,2.782,29845.83,1.153,0.0,187.61
2024-01-01 00:36:10.000,BTCUSDT,BINANCE_USDT,29848.10,1.3821,29846.61,4.735,29848.10,4.840,0.0,106.41
2024-01-01 00:36:10.500,BTCUSDT,BINANCE_USDT,29848.00,0.7614,29847.26,4.050,29848.75,1.006,0.0,144.39
2024-01-01 00:36:11.000,BTCUSDT,BINANCE_USDT,29848.51,1.8364,29847.02,1.068,29848.51,4.880,0.0,159.74
2024-01-01 00:36:11.500,BTCUSDT,BINANCE_USDT,29849.08,0.1946,29847.59,2.033,29849.08,1.509,0.0,181.95
2024-01-01 00:36:12.000,BTCUSDT,BINANCE_USDT,29848.00,0.7707,29848.00,2.089,29849.50,1.305,0.0,134.07
2024-01-01 00:36:12.500,BTCUSDT,BINANCE_USDT,29849.37,1.1908,29847.88,4.755,29849.37,1.000,0.0,159.90
2024-01-01 00:36:13.000,BTCUSDT,BINANCE_USDT,29848.27,0.8491,29848.27,3.684,29849.76,3.394,0.0,100.87
2024-01-01 00:36:13.500,BTCUSDT,BINANCE_USDT,29849.37,1.9648,29847.88,4.571,29849.37,3.908,0.0,117.31
2024-01-01 00:36:14.000,BTCUSDT,BINANCE_USDT,29846.97,1.2195,29846.97,3.553,29848.46,3.170,0.0,178.41
2024-01-01 00:36:14.500,BTCUSDT,BINANCE_USDT,29847.40,1.9049,29847.40,1.998,29848.89,4.804,0.0,109.78
2024-01-01 00:36:15.000,BTCUSDT,BINANCE_USDT,29848.36,1.1412,29848.36,2.458,29849.85,3.985,0.0,150.39
2024-01-01 00:36:15.500,BTCUSDT,BINANCE_USDT,29850.37,0.8965,29849.62,2.229,29851.11,4.262,0.0,188.71
2024-01-01 00:36:16.000,BTCUSDT,BINANCE_USDT,29850.02,1.6354,29848.53,3.857,29850.02,2.156,0.0,100.75
2024-01-01 00:36:16.500,BTCUSDT,BINANCE_USDT,29850.71,0.8107,29849.97,1.512,29851.46,2.237,0.0,181.68
2024-01-01 00:36:17.000,BTCUSDT,BINANCE_USDT,29850.81,1.3468,29850.81,1.996,29852.31,2.899,0.0,133.22
2024-01-01 00:36:17.500,BTCUSDT,BINANCE_USDT,29850.97,0.1883,29850.22,4.281,29851.72,4.321,0.0,123.97
2024-01-01 00:36:18.000,BTCUSDT,BINANCE_USDT,29851.44,1.6265,29850.70,4.797,29852.19,4.552,0.0,160.22
2024-01-01 00:36:18.500,BTCUSDT,BINANCE_USDT,29850.09,1.9553,29850.09,2.027,29851.58,2.223,0.0,154.02
2024-01-01 00:36:19.000,BTCUSDT,BINANCE_USDT,29850.39,1.6576,29850.39,3.041,29851.88,1.134,0.0,155.45
2024-01-01 00:36:19.500,BTCUSDT,BINANCE_USDT,29853.09,0.0307,29851.60,3.514,29853.09,1.481,0.0,144.33
2024-01-01 00:36:20.000,BTCUSDT,BINANCE_USDT,29853.87,1.9778,29853.87,1.067,29855.36,3.372,0.0,178.78
2024-01-01 00:36:20.500,BTCUSDT,BINANCE_USDT,29854.36,1.3705,29853.61,2.364,29855.11,4.861,0.0,103.38
2024-01-01 00:36:21.000,BTCUSDT,BINANCE_USDT,29854.79,1.5643,29854.04,0.984,29855.53,4.656,0.0,188.27
2024-01-01 00:36:21.500,BTCUSDT,BINANCE_USDT,29856.86,0.9828,29855.37,4.029,29856.86,4.511,0.0,166.67
2024-01-01 00:36:22.000,BTCUSDT,BINANCE_USDT,29855.41,1.5946,29854.66,3.562,29856.15,4.987,0.0,108.07
2024-01-01 00:36:22.500,BTCUSDT,BINANCE_USDT,29857.07,0.9511,29855.57,4.746,29857.07,4.375,0.0,115.10
2024-01-01 00:36:23.000,BTCUSDT,BINANCE_USDT,29856.26,0.3700,29854.77,4.395,29856.26,4.180,0.0,189.68
2024-01-01 00:36:23.500,BTCUSDT,BINANCE_USDT,29854.31,1.0057,29854.31,3.264,29855.80,3.627,0.0,185.53
2024-01-01 00:36:24.000,BTCUSDT,BINANCE_USDT,29856.50,1.6708,29855.75,2.342,29857.24,1.278,0.0,102.09
2024-01-01 00:36:24.500,BTCUSDT,BINANCE_USDT,29859.28,0.4446,29857.79,0.758,29859.28,0.604,0.0,106.80
2024-01-01 00:36:25.000,BTCUSDT,BINANCE_USDT,29859.76,1.9021,29858.26,2.429,29859.76,0.672,0.0,195.84
2024-01-01 00:36:25.500,BTCUSDT,BINANCE_USDT,29856.94,1.8797,29856.19,2.585,29857.69,4.692,0.0,183.87
2024-01-01 00:36:26.000,BTCUSDT,BINANCE_USDT,29857.51,1.3028,29856.02,1.603,29857.51,0.707,0.0,149.58
2024-01-01 00:36:26.500,BTCUSDT,BINANCE_USDT,29856.88,0.3457,29856.13,2.066,29857.62,4.257,0.0,172.82
2024-01-01 00:36:27.000,BTCUSDT,BINANCE_USDT,29858.01,1.8572,29858.01,3.018,29859.50,3.189,0.0,168.96
2024-01-01 00:36:27.500,BTCUSDT,BINANCE_USDT,29856.66,0.4140,29855.91,4.353,29857.40,0.705,0.0,127.36
2024-01-01 00:36:28.000,BTCUSDT,BINANCE_USDT,29855.06,0.9267,29855.06,1.564,29856.55,3.943,0.0,169.06
2024-01-01 00:36:28.500,BTCUSDT,BINANCE_USDT,29854.60,0.6946,29854.60,0.608,29856.09,3.565,0.0,105.84
2024-01-01 00:36:29.000,BTCUSDT,BINANCE_USDT,29856.11,1.9964,29854.62,4.352,29856.11,2.455,0.0,166.23
2024-01-01 00:36:29.500,BTCUSDT,BINANCE_USDT,29856.49,1.5106,29855.00,4.456,29856.49,4.990,0.0,144.35
2024-01-01 00:36:30.000,BTCUSDT,BINANCE_USDT,29856.56,0.0619,29855.06,2.589,29856.56,4.297,0.0,116.04
2024-01-01 00:36:30.500,BTCUSDT,BINANCE_USDT,29856.39,0.2986,29854.90,2.160,29856.39,0.801,0.0,100.45
2024-01-01 00:36:31.000,BTCUSDT,BINANCE_USDT,29853.63,0.6689,29853.63,0.861,29855.12,0.654,0.0,121.48
2024-01-01 00:36:31.500,BTCUSDT,BINANCE_USDT,29853.12,1.0955,29851.63,4.826,29853.12,1.014,0.0,160.32
2024-01-01 00:36:32.000,BTCUSDT,BINANCE_USDT,29850.70,1.9737,29850.70,3.823,29852.20,1.908,0.0,135.48
2024-01-01 00:36:32.500,BTCUSDT,BINANCE_USDT,29850.51,0.4695,29850.51,3.639,29852.00,2.634,0.0,108.26
2024-01-01 00:36:33.000,BTCUSDT,BINANCE_USDT,29848.94,1.1393,29848.94,1.577,29850.43,2.585,0.0,197.67
2024-01-01 00:36:33.500,BTCUSDT,BINANCE_USDT,29847.94,0.2246,29847.94,1.533,29849.43,4.108,0.0,184.18
2024-01-01 00:36:34.000,BTCUSDT,BINANCE_USDT,29850.01,1.3857,29850.01,1.648,29851.50,1.377,0.0,131.53
2024-01-01 00:36:34.500,BTCUSDT,BINANCE_USDT,29852.75,0.5221,29852.75,2.512,29854.25,4.029,0.0,122.96
2024-01-01 00:36:35.000,BTCUSDT,BINANCE_USDT,29855.37,0.3034,29854.62,4.705,29856.12,1.685,0.0,163.41
2024-01-01 00:36:35.500,BTCUSDT,BINANCE_USDT,29853.41,1.6569,29851.92,4.872,29853.41,4.404,0.0,109.63
2024-01-01 00:36:36.000,BTCUSDT,BINANCE_USDT,29852.85,0.3783,29852.10,4.231,29853.60,3.522,0.0,137.16
2024-01-01 00:36:36.500,BTCUSDT,BINANCE_USDT,29854.32,0.2521,29853.57,2.129,29855.07,1.162,0.0,128.34
2024-01-01 00:36:37.000,BTCUSDT,BINANCE_USDT,29853.80,0.1230,29853.80,1.723,29855.29,4.210,0.0,141.16
2024-01-01 00:36:37.500,BTCUSDT,BINANCE_USDT,29853.82,0.2255,29853.82,0.914,29855.31,1.269,0.0,165.47
2024-01-01 00:36:38.000,BTCUSDT,BINANCE_USDT,29855.44,0.9109,29855.44,3.227,29856.94,0.709,0.0,183.94
2024-01-01 00:36:38.500,BTCUSDT,BINANCE_USDT,29854.40,1.8903,29854.40,2.540,29855.89,0.846,0.0,173.95
2024-01-01 00:36:39.000,BTCUSDT,BINANCE_USDT,29852.88,0.9456,29852.13,0.860,29853.62,4.921,0.0,116.12
2024-01-01 00:36:39.500,BTCUSDT,BINANCE_USDT,29852.76,1.9833,29851.27,2.069,29852.76,2.204,0.0,154.05
2024-01-01 00:36:40.000,BTCUSDT,BINANCE_USDT,29851.69,1.3362,29851.69,3.776,29853.18,2.939,0.0,157.31
2024-01-01 00:36:40.500,BTCUSDT,BINANCE_USDT,29852.59,0.2559,29852.59,2.088,29854.08,2.266,0.0,135.09
2024-01-01 00:36:41.000,BTCUSDT,BINANCE_USDT,29853.90,1.3389,29853.90,3.147,29855.39,1.147,0.0,162.49
2024-01-01 00:36:41.500,BTCUSDT,BINANCE_USDT,29854.84,0.0953,29854.10,2.643,29855.59,3.083,0.0,194.93
2024-01-01 00:36:42.000,BTCUSDT,BINANCE_USDT,29854.88,1.3806,29854.13,1.069,29855.63,3.017,0.0,175.43
2024-01-01 00:36:42.500,BTCUSDT,BINANCE_USDT,29853.66,1.6898,29852.17,3.309,29853.66,2.657,0.0,191.65
2024-01-01 00:36:43.000,BTCUSDT,BINANCE_USDT,29851.81,0.7808,29851.81,3.705,29853.30,2.934,0.0,136.25
2024-01-01 00:36:43.500,BTCUSDT,BINANCE_USDT,29852.22,1.0488,29850.73,1.037,29852.22,4.512,0.0,105.35
2024-01-01 00:36:44.000,BTCUSDT,BINANCE_USDT,29850.27,0.8568,29850.27,3.819,29851.77,2.837,0.0,168.25
2024-01-01 00:36:44.500,BTCUSDT,BINANCE_USDT,29851.00,0.9825,29849.51,0.623,29851.00,1.934,0.0,172.33
2024-01-01 00:36:45.000,BTCUSDT,BINANCE_USDT,29849.26,0.0779,29848.52,0.612,29850.01,1.056,0.0,111.52
2024-01-01 00:36:45.500,BTCUSDT,BINANCE_USDT,29849.46,1.2794,29849.46,3.598,29850.95,3.895,0.0,199.90
2024-01-01 00:36:46.000,BTCUSDT,BINANCE_USDT,29848.99,0.8912,29848.99,0.905,29850.48,1.113,0.0,173.41
2024-01-01 00:36:46.500,BTCUSDT,BINANCE_USDT,29849.27,1.5452,29849.27,3.488,29850.77,2.314,0.0,177.35
2024-01-01 00:36:47.000,BTCUSDT,BINANCE_USDT,29852.42,0.2852,29851.67,1.914,29853.16,1.374,0.0,103.35
2024-01-01 00:36:47.500,BTCUSDT,BINANCE_USDT,29854.14,0.7567,29852.65,3.838,29854.14,1.381,0.0,194.07
2024-01-01 00:36:48.000,BTCUSDT,BINANCE_USDT,29852.95,1.6404,29852.95,4.008,29854.45,0.608,0.0,106.90
2024-01-01 00:36:48.500,BTCUSDT,BINANCE_USDT,29852.76,1.7815,29852.76,1.386,29854.26,3.847,0.0,163.50
2024-01-01 00:36:49.000,BTCUSDT,BINANCE_USDT,29854.48,1.7422,29853.74,1.956,29855.23,1.704,0.0,114.11
2024-01-01 00:36:49.500,BTCUSDT,BINANCE_USDT,29852.96,0.5251,29852.21,2.374,29853.71,0.749,0.0,160.02
2024-01-01 00:36:50.000,BTCUSDT,BINANCE_USDT,29852.86,0.8365,29852.86,4.254,29854.35,4.799,0.0,126.88
2024-01-01 00:36:50.500,BTCUSDT,BINANCE_USDT,29852.61,0.3040,29851.87,4.994,29853.36,3.944,0.0,136.91
2024-01-01 00:36:51.000,BTCUSDT,BINANCE_USDT,29852.75,1.7692,29852.00,2.453,29853.49,1.841,0.0,197.93
2024-01-01 00:36:51.500,BTCUSDT,BINANCE_USDT,29851.92,0.5526,29850.43,2.096,29851.92,4.352,0.0,103.82
2024-01-01 00:36:52.000,BTCUSDT,BINANCE_USDT,29849.71,0.8358,29848.96,2.610,29850.45,3.875,0.0,177.42
2024-01-01 00:36:52.500,BTCUSDT,BINANCE_USDT,29849.58,0.8194,29849.58,3.515,29851.07,2.398,0.0,138.73
2024-01-01 00:36:53.000,BTCUSDT,BINANCE_USDT,29849.06,0.1952,29849.06,4.065,29850.55,0.512,0.0,146.48
2024-01-01 00:36:53.500,BTCUSDT,BINANCE_USDT,29849.21,0.6708,29848.46,2.330,29849.95,0.532,0.0,122.89
2024-01-01 00:36:54.000,BTCUSDT,BINANCE_USDT,29850.69,1.8010,29849.19,4.340,29850.69,4.943,0.0,152.26
2024-01-01 00:36:54.500,BTCUSDT,BINANCE_USDT,29851.35,0.4481,29849.86,3.059,29851.35,2.732,0.0,145.73
2024-01-01 00:36:55.000,BTCUSDT,BINANCE_USDT,29848.87,1.3755,29848.87,4.733,29850.36,2.215,0.0,183.11
2024-01-01 00:36:55.500,BTCUSDT,BINANCE_USDT,29847.32,1.4420,29847.32,2.063,29848.82,1.452,0.0,133.58
2024-01-01 00:36:56.000,BTCUSDT,BINANCE_USDT,29849.66,0.7098,29848.17,4.744,29849.66,2.477,0.0,191.09
2024-01-01 00:36:56.500,BTCUSDT,BINANCE_USDT,29847.25,1.1335,29847.25,3.140,29848.74,1.304,0.0,195.44
2024-01-01 00:36:57.000,BTCUSDT,BINANCE_USDT,29849.74,0.1828,29849.00,0.615,29850.49,1.387,0.0,187.62
2024-01-01 00:36:57.500,BTCUSDT,BINANCE_USDT,29848.12,0.2525,29847.37,4.722,29848.86,4.737,0.0,113.96
2024-01-01 00:36:58.000,BTCUSDT,BINANCE_USDT,29849.38,1.9171,29847.89,2.715,29849.38,2.658,0.0,117.29
2024-01-01 00:36:58.500,BTCUSDT,BINANCE_USDT,29846.04,1.6431,29846.04,2.538,29847.53,3.174,0.0,130.08
2024-01-01 00:36:59.000,BTCUSDT,BINANCE_USDT,29846.73,1.2937,29845.23,1.423,29846.73,1.660,0.0,160.58
2024-01-01 00:36:59.500,BTCUSDT,BINANCE_USDT,29844.08,1.5477,29844.08,3.265,29845.57,2.888,0.0,194.10
2024-01-01 00:37:00.000,BTCUSDT,BINANCE_USDT,29843.74,1.4276,29843.74,2.854,29845.24,3.115,0.0,152.21
2024-01-01 00:37:00.500,BTCUSDT,BINANCE_USDT,29843.30,0.4883,29842.56,4.886,29844.05,2.638,0.0,158.06
2024-01-01 00:37:01.000,BTCUSDT,BINANCE_USDT,29845.77,0.9534,29844.28,3.345,29845.77,1.488,0.0,102.98
2024-01-01 00:37:01.500,BTCUSDT,BINANCE_USDT,29844.75,1.6246,29843.26,2.911,29844.75,0.590,0.0,150.58
2024-01-01 00:37:02.000,BTCUSDT,BINANCE_USDT,29843.22,0.5947,29843.22,3.224,29844.71,1.355,0.0,162.51
2024-01-01 00:37:02.500,BTCUSDT,BINANCE_USDT,29841.91,1.2076,29841.16,3.607,29842.66,1.585,0.0,173.22
2024-01-01 00:37:03.000,BTCUSDT,BINANCE_USDT,29841.70,0.5058,29840.96,1.600,29842.45,3.289,0.0,168.07
2024-01-01 00:37:03.500,BTCUSDT,BINANCE_USDT,29844.15,0.7158,29843.40,2.233,29844.89,1.153,0.0,101.62
2024-01-01 00:37:04.000,BTCUSDT,BINANCE_USDT,29844.79,0.7582,29844.05,4.515,29845.54,3.485,0.0,110.45
2024-01-01 00:37:04.500,BTCUSDT,BINANCE_USDT,29843.58,0.1301,29843.58,3.165,29845.08,3.168,0.0,181.74
2024-01-01 00:37:05.000,BTCUSDT,BINANCE_USDT,29842.50,1.4711,29841.76,3.097,29843.25,1.706,0.0,116.44
2024-01-01 00:37:05.500,BTCUSDT,BINANCE_USDT,29843.30,1.2768,29843.30,1.692,29844.79,4.703,0.0,146.98
2024-01-01 00:37:06.000,BTCUSDT,BINANCE_USDT,29843.12,1.5838,29843.12,2.568,29844.61,2.620,0.0,113.50
2024-01-01 00:37:06.500,BTCUSDT,BINANCE_USDT,29841.76,0.8243,29841.76,2.504,29843.26,4.217,0.0,187.26
2024-01-01 00:37:07.000,BTCUSDT,BINANCE_USDT,29844.71,0.3112,29844.71,1.056,29846.20,0.973,0.0,164.63
2024-01-01 00:37:07.500,BTCUSDT,BINANCE_USDT,29848.73,1.7661,29847.24,0.828,29848.73,4.871,0.0,102.46
2024-01-01 00:37:08.000,BTCUSDT,BINANCE_USDT,29846.77,0.7714,29846.77,1.600,29848.26,0.927,0.0,189.36
2024-01-01 00:37:08.500,BTCUSDT,BINANCE_USDT,29848.71,0.2301,29847.21,0.905,29848.71,3.098,0.0,155.58
2024-01-01 00:37:09.000,BTCUSDT,BINANCE_USDT,29849.25,0.4329,29847.76,1.808,29849.25,4.940,0.0,108.75
2024-01-01 00:37:09.500,BTCUSDT,BINANCE_USDT,29849.31,0.5197,29848.56,3.170,29850.05,0.992,0.0,136.91
2024-01-01 00:37:10.000,BTCUSDT,BINANCE_USDT,29849.42,1.1785,29849.42,4.724,29850.91,2.876,0.0,190.91
2024-01-01 00:37:10.500,BTCUSDT,BINANCE_USDT,29849.69,1.9243,29849.69,1.777,29851.18,0.604,0.0,174.01
2024-01-01 00:37:11.000,BTCUSDT,BINANCE_USDT,29849.24,1.7578,29848.49,4.811,29849.99,4.132,0.0,135.17
2024-01-01 00:37:11.500,BTCUSDT,BINANCE_USDT,29850.73,0.3652,29849.24,1.249,29850.73,1.758,0.0,167.43
2024-01-01 00:37:12.000,BTCUSDT,BINANCE_USDT,29849.28,0.2002,29847.79,3.721,29849.28,1.291,0.0,176.01
2024-01-01 00:37:12.500,BTCUSDT,BINANCE_USDT,29848.78,0.5127,29848.03,1.283,29849.52,2.755,0.0,141.27
2024-01-01 00:37:13.000,BTCUSDT,BINANCE_USDT,29850.08,0.0455,29849.33,1.576,29850.82,4.779,0.0,147.39
2024-01-01 00:37:13.500,BTCUSDT,BINANCE_USDT,29850.94,0.5763,29850.94,1.498,29852.43,2.108,0.0,147.64
2024-01-01 00:37:14.000,BTCUSDT,BINANCE_USDT,29853.43,0.3031,29851.94,1.117,29853.43,4.068,0.0,161.19
2024-01-01 00:37:14.500,BTCUSDT,BINANCE_USDT,29851.90,1.0971,29850.41,1.152,29851.90,4.253,0.0,108.43
2024-01-01 00:37:15.000,BTCUSDT,BINANCE_USDT,29851.02,1.1604,29851.02,4.921,29852.51,2.174,0.0,194.98
2024-01-01 00:37:15.500,BTCUSDT,BINANCE_USDT,29851.23,1.3856,29851.23,2.240,29852.72,4.062,0.0,129.43
2024-01-01 00:37:16.000,BTCUSDT,BINANCE_USDT,29852.19,0.8592,29850.69,2.427,29852.19,2.296,0.0,171.85
2024-01-01 00:37:16.500,BTCUSDT,BINANCE_USDT,29849.77,0.8925,29849.77,4.260,29851.26,4.309,0.0,134.82
2024-01-01 00:37:17.000,BTCUSDT,BINANCE_USDT,29851.42,1.0901,29850.68,2.366,29852.17,1.462,0.0,105.18
2024-01-01 00:37:17.500,BTCUSDT,BINANCE_USDT,29851.02,0.9484,29849.53,2.287,29851.02,3.027,0.0,191.65
2024-01-01 00:37:18.000,BTCUSDT,BINANCE_USDT,29850.94,1.8550,29849.44,4.105,29850.94,3.163,0.0,161.95
2024-01-01 00:37:18.500,BTCUSDT,BINANCE_USDT,29849.23,0.7201,29849.23,0.619,29850.72,2.425,0.0,110.69
2024-01-01 00:37:19.000,BTCUSDT,BINANCE_USDT,29847.60,0.3784,29847.60,1.148,29849.09,4.686,0.0,199.44
2024-01-01 00:37:19.500,BTCUSDT,BINANCE_USDT,29851.29,0.8746,29850.54,3.333,29852.03,4.052,0.0,119.33
2024-01-01 00:37:20.000,BTCUSDT,BINANCE_USDT,29853.44,0.8783,29852.69,1.482,29854.19,3.644,0.0,161.97
2024-01-01 00:37:20.500,BTCUSDT,BINANCE_USDT,29853.34,1.2436,29851.84,1.170,29853.34,3.609,0.0,166.31
2024-01-01 00:37:21.000,BTCUSDT,BINANCE_USDT,29851.76,0.0480,29851.76,1.322,29853.26,3.911,0.0,160.62
2024-01-01 00:37:21.500,BTCUSDT,BINANCE_USDT,29853.08,0.4167,29851.59,2.380,29853.08,1.461,0.0,147.00
2024-01-01 00:37:22.000,BTCUSDT,BINANCE_USDT,29851.66,1.7274,29850.91,2.370,29852.40,0.655,0.0,179.43
2024-01-01 00:37:22.500,BTCUSDT,BINANCE_USDT,29852.86,0.8508,29851.37,1.681,29852.86,1.103,0.0,184.19
2024-01-01 00:37:23.000,BTCUSDT,BINANCE_USDT,29852.72,0.3800,29851.98,1.593,29853.47,0.577,0.0,119.28
2024-01-01 00:37:23.500,BTCUSDT,BINANCE_USDT,29853.17,0.9063,29852.42,1.608,29853.91,2.343,0.0,107.08
2024-01-01 00:37:24.000,BTCUSDT,BINANCE_USDT,29853.68,0.0814,29852.19,0.745,29853.68,3.049,0.0,164.49
2024-01-01 00:37:24.500,BTCUSDT,BINANCE_USDT,29856.57,0.8052,29856.57,0.851,29858.07,1.986,0.0,133.59
2024-01-01 00:37:25.000,BTCUSDT,BINANCE_USDT,29859.67,0.4902,29859.67,0.928,29861.16,4.767,0.0,144.57
2024-01-01 00:37:25.500,BTCUSDT,BINANCE_USDT,29860.10,1.0514,29859.35,1.083,29860.85,3.064,0.0,149.19
2024-01-01 00:37:26.000,BTCUSDT,BINANCE_USDT,29858.99,0.7381,29858.25,1.276,29859.74,1.742,0.0,141.14
2024-01-01 00:37:26.500,BTCUSDT,BINANCE_USDT,29858.10,1.4823,29858.10,3.970,29859.60,1.798,0.0,134.73
2024-01-01 00:37:27.000,BTCUSDT,BINANCE_USDT,29858.67,0.7109,29857.17,3.884,29858.67,4.521,0.0,158.80
2024-01-01 00:37:27.500,BTCUSDT,BINANCE_USDT,29857.37,0.7805,29855.87,3.659,29857.37,4.548,0.0,129.71
2024-01-01 00:37:28.000,BTCUSDT,BINANCE_USDT,29856.14,0.6251,29856.14,3.813,29857.64,0.641,0.0,143.07
2024-01-01 00:37:28.500,BTCUSDT,BINANCE_USDT,29857.56,1.1633,29856.07,0.646,29857.56,1.331,0.0,189.91
2024-01-01 00:37:29.000,BTCUSDT,BINANCE_USDT,29856.78,1.0702,29856.78,4.486,29858.27,0.711,0.0,166.84
2024-01-01 00:37:29.500,BTCUSDT,BINANCE_USDT,29855.25,1.0183,29855.25,3.488,29856.75,3.399,0.0,106.20
2024-01-01 00:37:30.000,BTCUSDT,BINANCE_USDT,29855.98,1.8323,29855.23,3.572,29856.73,4.090,0.0,193.32
2024-01-01 00:37:30.500,BTCUSDT,BINANCE_USDT,29854.56,1.0533,29854.56,4.776,29856.05,4.980,0.0,180.13
2024-01-01 00:37:31.000,BTCUSDT,BINANCE_USDT,29856.03,0.9623,29854.54,4.777,29856.03,4.977,0.0,135.60
2024-01-01 00:37:31.500,BTCUSDT,BINANCE_USDT,29855.99,1.8808,29854.50,3.091,29855.99,2.017,0.0,128.73
2024-01-01 00:37:32.000,BTCUSDT,BINANCE_USDT,29856.72,0.8123,29855.22,4.507,29856.72,2.990,0.0,117.22
2024-01-01 00:37:32.500,BTCUSDT,BINANCE_USDT,29855.95,0.9719,29855.95,4.000,29857.45,0.713,0.0,170.35
2024-01-01 00:37:33.000,BTCUSDT,BINANCE_USDT,29856.02,1.1777,29856.02,1.043,29857.52,3.751,0.0,158.37
2024-01-01 00:37:33.500,BTCUSDT,BINANCE_USDT,29857.08,1.6583,29855.58,3.127,29857.08,1.777,0.0,166.14
2024-01-01 00:37:34.000,BTCUSDT,BINANCE_USDT,29855.87,0.2811,29855.12,4.167,29856.62,3.505,0.0,148.07
2024-01-01 00:37:34.500,BTCUSDT,BINANCE_USDT,29856.23,1.9592,29855.48,4.317,29856.98,0.640,0.0,157.51
2024-01-01 00:37:35.000,BTCUSDT,BINANCE_USDT,29853.88,0.5714,29853.88,2.761,29855.37,2.692,0.0,124.79
2024-01-01 00:37:35.500,BTCUSDT,BINANCE_USDT,29856.23,0.7739,29854.74,0.635,29856.23,3.017,0.0,122.74
2024-01-01 00:37:36.000,BTCUSDT,BINANCE_USDT,29854.40,1.1996,29854.40,4.104,29855.89,4.920,0.0,133.55
2024-01-01 00:37:36.500,BTCUSDT,BINANCE_USDT,29856.37,0.5229,29854.88,1.286,29856.37,3.919,0.0,181.74
2024-01-01 00:37:37.000,BTCUSDT,BINANCE_USDT,29853.65,0.2227,29853.65,4.390,29855.14,3.740,0.0,154.15
2024-01-01 00:37:37.500,BTCUSDT,BINANCE_USDT,29855.14,1.8202,29853.65,1.342,29855.14,1.388,0.0,152.94
2024-01-01 00:37:38.000,BTCUSDT,BINANCE_USDT,29854.99,1.8872,29854.24,1.592,29855.73,0.787,0.0,194.68
2024-01-01 00:37:38.500,BTCUSDT,BINANCE_USDT,29854.79,1.7284,29854.05,0.555,29855.54,3.359,0.0,141.13
2024-01-01 00:37:39.000,BTCUSDT,BINANCE_USDT,29852.80,0.0956,29852.05,1.246,29853.54,3.115,0.0,147.38
2024-01-01 00:37:39.500,BTCUSDT,BINANCE_USDT,29852.97,1.9868,29852.97,3.081,29854.46,4.315,0.0,186.61
2024-01-01 00:37:40.000,BTCUSDT,BINANCE_USDT,29853.98,0.2465,29853.23,1.235,29854.73,3.483,0.0,116.47
2024-01-01 00:37:40.500,BTCUSDT,BINANCE_USDT,29854.77,1.1725,29854.02,2.653,29855.51,2.903,0.0,105.65
2024-01-01 00:37:41.000,BTCUSDT,BINANCE_USDT,29852.19,0.7861,29852.19,4.690,29853.68,4.868,0.0,132.48
2024-01-01 00:37:41.500,BTCUSDT,BINANCE_USDT,29850.78,1.9386,29850.04,4.977,29851.53,2.209,0.0,192.52
2024-01-01 00:37:42.000,BTCUSDT,BINANCE_USDT,29851.43,0.9160,29849.94,3.780,29851.43,1.336,0.0,188.83
2024-01-01 00:37:42.500,BTCUSDT,BINANCE_USDT,29851.30,1.7237,29850.55,4.479,29852.05,2.566,0.0,182.72
2024-01-01 00:37:43.000,BTCUSDT,BINANCE_USDT,29852.51,0.0897,29851.01,3.015,29852.51,4.705,0.0,122.65
2024-01-01 00:37:43.500,BTCUSDT,BINANCE_USDT,29850.59,1.4381,29849.85,4.423,29851.34,3.856,0.0,187.53
2024-01-01 00:37:44.000,BTCUSDT,BINANCE_USDT,29851.94,1.2833,29851.20,2.765,29852.69,4.232,0.0,174.70
2024-01-01 00:37:44.500,BTCUSDT,BINANCE_USDT,29852.86,0.9294,29851.36,1.950,29852.86,0.769,0.0,140.52
2024-01-01 00:37:45.000,BTCUSDT,BINANCE_USDT,29851.61,1.9119,29850.12,0.831,29851.61,1.051,0.0,116.32
2024-01-01 00:37:45.500,BTCUSDT,BINANCE_USDT,29851.28,0.4489,29851.28,1.357,29852.77,2.385,0.0,169.70
2024-01-01 00:37:46.000,BTCUSDT,BINANCE_USDT,29852.09,0.1719,29852.09,4.105,29853.59,3.121,0.0,141.65
2024-01-01 00:37:46.500,BTCUSDT,BINANCE_USDT,29853.79,0.1348,29852.30,2.576,29853.79,2.123,0.0,183.61
2024-01-01 00:37:47.000,BTCUSDT,BINANCE_USDT,29850.47,1.3729,29849.72,1.674,29851.22,2.596,0.0,107.79
2024-01-01 00:37:47.500,BTCUSDT,BINANCE_USDT,29851.76,1.1464,29850.27,3.860,29851.76,4.766,0.0,148.54
2024-01-01 00:37:48.000,BTCUSDT,BINANCE_USDT,29852.51,0.6625,29851.77,1.776,29853.26,2.259,0.0,196.32
2024-01-01 00:37:48.500,BTCUSDT,BINANCE_USDT,29852.26,0.3408,29850.77,2.731,29852.26,2.736,0.0,134.43
2024-01-01 00:37:49.000,BTCUSDT,BINANCE_USDT,29851.97,0.6729,29851.23,3.981,29852.72,1.658,0.0,197.00
2024-01-01 00:37:49.500,BTCUSDT,BINANCE_USDT,29850.90,0.6765,29850.16,1.761,29851.65,3.442,0.0,161.79
2024-01-01 00:37:50.000,BTCUSDT,BINANCE_USDT,29850.69,1.3527,29850.69,1.114,29852.18,3.369,0.0,130.70
2024-01-01 00:37:50.500,BTCUSDT,BINANCE_USDT,29850.94,0.6294,29850.19,1.018,29851.68,0.918,0.0,191.03
2024-01-01 00:37:51.000,BTCUSDT,BINANCE_USDT,29850.81,1.5294,29850.07,1.178,29851.56,3.281,0.0,178.65
2024-01-01 00:37:51.500,BTCUSDT,BINANCE_USDT,29849.90,0.4302,29849.90,1.478,29851.39,2.302,0.0,153.70
2024-01-01 00:37:52.000,BTCUSDT,BINANCE_USDT,29850.99,1.2814,29850.25,1.787,29851.74,3.468,0.0,136.44
2024-01-01 00:37:52.500,BTCUSDT,BINANCE_USDT,29851.39,0.7361,29850.64,4.408,29852.14,2.473,0.0,176.22
2024-01-01 00:37:53.000,BTCUSDT,BINANCE_USDT,29852.00,1.9492,29852.00,4.436,29853.50,4.286,0.0,194.83
2024-01-01 00:37:53.500,BTCUSDT,BINANCE_USDT,29852.57,1.9008,29851.08,0.630,29852.57,4.817,0.0,142.00
2024-01-01 00:37:54.000,BTCUSDT,BINANCE_USDT,29851.90,0.1918,29851.16,3.664,29852.65,2.114,0.0,107.34
2024-01-01 00:37:54.500,BTCUSDT,BINANCE_USDT,29852.68,0.8534,29851.19,1.952,29852.68,1.793,0.0,111.02
2024-01-01 00:37:55.000,BTCUSDT,BINANCE_USDT,29851.33,1.4514,29851.33,3.532,29852.83,2.148,0.0,136.59
2024-01-01 00:37:55.500,BTCUSDT,BINANCE_USDT,29851.06,0.2927,29851.06,4.382,29852.55,2.455,0.0,105.25
2024-01-01 00:37:56.000,BTCUSDT,BINANCE_USDT,29852.19,1.1954,29850.70,3.755,29852.19,1.999,0.0,182.39
2024-01-01 00:37:56.500,BTCUSDT,BINANCE_USDT,29851.76,0.8696,29851.02,1.742,29852.51,3.484,0.0,164.79
2024-01-01 00:37:57.000,BTCUSDT,BINANCE_USDT,29853.01,1.0166,29851.52,1.844,29853.01,4.518,0.0,189.41
2024-01-01 00:37:57.500,BTCUSDT,BINANCE_USDT,29849.79,0.0721,29849.79,0.847,29851.29,3.709,0.0,168.71
2024-01-01 00:37:58.000,BTCUSDT,BINANCE_USDT,29847.87,1.2355,29847.12,2.462,29848.62,1.485,0.0,178.46
2024-01-01 00:37:58.500,BTCUSDT,BINANCE_USDT,29848.79,1.4341,29848.04,4.801,29849.53,3.563,0.0,117.70
2024-01-01 00:37:59.000,BTCUSDT,BINANCE_USDT,29848.69,1.8532,29848.69,3.261,29850.18,2.485,0.0,145.81
2024-01-01 00:37:59.500,BTCUSDT,BINANCE_USDT,29850.63,0.1459,29849.14,3.195,29850.63,4.440,0.0,139.26
2024-01-01 00:38:00.000,BTCUSDT,BINANCE_USDT,29848.10,1.3564,29848.10,2.592,29849.59,2.161,0.0,107.37
2024-01-01 00:38:00.500,BTCUSDT,BINANCE_USDT,29845.85,0.4677,29845.85,4.156,29847.35,2.012,0.0,111.22
2024-01-01 00:38:01.000,BTCUSDT,BINANCE_USDT,29845.90,0.2049,29845.15,4.936,29846.64,0.870,0.0,195.89
2024-01-01 00:38:01.500,BTCUSDT,BINANCE_USDT,29846.82,0.1392,29846.08,2.618,29847.57,1.194,0.0,183.03
2024-01-01 00:38:02.000,BTCUSDT,BINANCE_USDT,29846.77,1.6896,29846.03,3.760,29847.52,2.045,0.0,118.03
2024-01-01 00:38:02.500,BTCUSDT,BINANCE_USDT,29844.39,1.8261,29844.39,1.296,29845.88,2.969,0.0,131.68
2024-01-01 00:38:03.000,BTCUSDT,BINANCE_USDT,29843.63,1.7165,29843.63,3.896,29845.13,2.076,0.0,160.62
2024-01-01 00:38:03.500,BTCUSDT,BINANCE_USDT,29845.26,0.7858,29844.52,4.431,29846.01,1.046,0.0,181.84
2024-01-01 00:38:04.000,BTCUSDT,BINANCE_USDT,29848.37,1.2536,29846.88,3.023,29848.37,4.170,0.0,185.30
2024-01-01 00:38:04.500,BTCUSDT,BINANCE_USDT,29848.07,1.5411,29846.58,3.501,29848.07,2.491,0.0,169.13
2024-01-01 00:38:05.000,BTCUSDT,BINANCE_USDT,29846.65,1.5433,29845.16,4.253,29846.65,4.844,0.0,157.68
2024-01-01 00:38:05.500,BTCUSDT,BINANCE_USDT,29845.05,0.7818,29844.30,0.591,29845.79,4.675,0.0,159.01
2024-01-01 00:38:06.000,BTCUSDT,BINANCE_USDT,29844.74,0.6097,29843.25,3.616,29844.74,2.235,0.0,123.48
2024-01-01 00:38:06.500,BTCUSDT,BINANCE_USDT,29843.52,1.1190,29843.52,2.465,29845.02,2.682,0.0,175.88
2024-01-01 00:38:07.000,BTCUSDT,BINANCE_USDT,29844.62,1.0266,29844.62,0.650,29846.11,3.116,0.0,142.67
2024-01-01 00:38:07.500,BTCUSDT,BINANCE_USDT,29845.99,1.4125,29845.24,1.630,29846.74,0.933,0.0,177.56
2024-01-01 00:38:08.000,BTCUSDT,BINANCE_USDT,29846.11,0.3031,29845.36,1.874,29846.86,2.535,0.0,121.05
2024-01-01 00:38:08.500,BTCUSDT,BINANCE_USDT,29848.04,1.0896,29846.55,2.914,29848.04,2.270,0.0,119.30
2024-01-01 00:38:09.000,BTCUSDT,BINANCE_USDT,29847.73,0.5378,29846.23,3.463,29847.73,3.953,0.0,161.21
2024-01-01 00:38:09.500,BTCUSDT,BINANCE_USDT,29846.58,0.8887,29846.58,1.488,29848.07,2.085,0.0,154.10
2024-01-01 00:38:10.000,BTCUSDT,BINANCE_USDT,29847.08,1.3570,29847.08,1.272,29848.57,4.182,0.0,144.89
2024-01-01 00:38:10.500,BTCUSDT,BINANCE_USDT,29850.47,0.9089,29848.98,2.798,29850.47,3.538,0.0,182.04
2024-01-01 00:38:11.000,BTCUSDT,BINANCE_USDT,29850.71,1.3441,29850.71,3.968,29852.20,3.713,0.0,115.31
2024-01-01 00:38:11.500,BTCUSDT,BINANCE_USDT,29849.88,1.2520,29848.38,3.780,29849.88,4.642,0.0,103.10
2024-01-01 00:38:12.000,BTCUSDT,BINANCE_USDT,29848.48,1.8025,29848.48,0.984,29849.97,4.173,0.0,145.39
2024-01-01 00:38:12.500,BTCUSDT,BINANCE_USDT,29851.29,1.6885,29849.79,4.446,29851.29,1.594,0.0,172.96
2024-01-01 00:38:13.000,BTCUSDT,BINANCE_USDT,29852.87,1.3349,29851.38,3.512,29852.87,0.517,0.0,138.66
2024-01-01 00:38:13.500,BTCUSDT,BINANCE_USDT,29851.44,1.0447,29850.70,4.219,29852.19,1.746,0.0,121.19
2024-01-01 00:38:14.000,BTCUSDT,BINANCE_USDT,29850.72,0.4497,29849.97,1.914,29851.46,0.513,0.0,196.11
2024-01-01 00:38:14.500,BTCUSDT,BINANCE_USDT,29847.74,1.8277,29847.74,4.202,29849.23,1.966,0.0,126.32
2024-01-01 00:38:15.000,BTCUSDT,BINANCE_USDT,29849.38,1.1950,29847.88,1.571,29849.38,2.864,0.0,136.96
2024-01-01 00:38:15.500,BTCUSDT,BINANCE_USDT,29847.14,1.6304,29847.14,3.918,29848.64,2.017,0.0,155.06
2024-01-01 00:38:16.000,BTCUSDT,BINANCE_USDT,29847.88,1.2340,29847.88,0.729,29849.37,0.871,0.0,139.54
2024-01-01 00:38:16.500,BTCUSDT,BINANCE_USDT,29848.74,0.3062,29847.24,4.967,29848.74,2.534,0.0,104.39
2024-01-01 00:38:17.000,BTCUSDT,BINANCE_USDT,29851.27,1.0027,29850.53,0.651,29852.02,1.525,0.0,159.01
2024-01-01 00:38:17.500,BTCUSDT,BINANCE_USDT,29849.80,1.1920,29849.80,2.576,29851.30,2.970,0.0,116.39
2024-01-01 00:38:18.000,BTCUSDT,BINANCE_USDT,29850.14,1.2597,29849.39,2.213,29850.89,1.784,0.0,161.58
2024-01-01 00:38:18.500,BTCUSDT,BINANCE_USDT,29852.79,1.0511,29851.30,3.228,29852.79,2.021,0.0,166.13
2024-01-01 00:38:19.000,BTCUSDT,BINANCE_USDT,29853.84,1.5437,29852.34,2.061,29853.84,2.920,0.0,131.14
2024-01-01 00:38:19.500,BTCUSDT,BINANCE_USDT,29852.76,0.7463,29852.02,4.339,29853.51,2.543,0.0,107.68
2024-01-01 00:38:20.000,BTCUSDT,BINANCE_USDT,29855.50,1.7733,29854.75,1.955,29856.24,1.878,0.0,105.95
2024-01-01 00:38:20.500,BTCUSDT,BINANCE_USDT,29855.75,0.6198,29855.75,2.532,29857.24,1.090,0.0,120.42
2024-01-01 00:38:21.000,BTCUSDT,BINANCE_USDT,29855.02,0.6000,29855.02,0.714,29856.51,3.861,0.0,103.41
2024-01-01 00:38:21.500,BTCUSDT,BINANCE_USDT,29857.04,1.2248,29855.54,2.712,29857.04,4.662,0.0,167.56
2024-01-01 00:38:22.000,BTCUSDT,BINANCE_USDT,29858.50,0.7502,29857.00,0.608,29858.50,4.974,0.0,185.27
2024-01-01 00:38:22.500,BTCUSDT,BINANCE_USDT,29857.26,1.5174,29857.26,3.017,29858.75,0.617,0.0,193.03
2024-01-01 00:38:23.000,BTCUSDT,BINANCE_USDT,29859.01,1.0305,29857.52,0.740,29859.01,1.134,0.0,164.78
2024-01-01 00:38:23.500,BTCUSDT,BINANCE_USDT,29858.77,0.5721,29857.27,1.203,29858.77,1.460,0.0,109.51
2024-01-01 00:38:24.000,BTCUSDT,BINANCE_USDT,29856.77,1.5578,29856.77,3.851,29858.26,3.168,0.0,175.72
2024-01-01 00:38:24.500,BTCUSDT,BINANCE_USDT,29857.58,0.7462,29856.08,4.918,29857.58,4.035,0.0,117.98
2024-01-01 00:38:25.000,BTCUSDT,BINANCE_USDT,29857.98,0.9140,29856.48,3.771,29857.98,1.320,0.0,106.80
2024-01-01 00:38:25.500,BTCUSDT,BINANCE_USDT,29857.28,0.2532,29857.28,4.923,29858.77,2.854,0.0,142.55
2024-01-01 00:38:26.000,BTCUSDT,BINANCE_USDT,29859.21,0.2369,29858.46,1.738,29859.95,1.957,0.0,104.58
2024-01-01 00:38:26.500,BTCUSDT,BINANCE_USDT,29860.63,0.8649,29859.88,0.808,29861.38,2.021,0.0,140.32
2024-01-01 00:38:27.000,BTCUSDT,BINANCE_USDT,29861.29,0.5280,29859.80,4.668,29861.29,0.996,0.0,101.00
2024-01-01 00:38:27.500,BTCUSDT,BINANCE_USDT,29861.27,0.4393,29860.52,1.051,29862.02,2.339,0.0,119.10
2024-01-01 00:38:28.000,BTCUSDT,BINANCE_USDT,29861.09,1.5400,29860.34,1.464,29861.84,0.802,0.0,134.45
2024-01-01 00:38:28.500,BTCUSDT,BINANCE_USDT,29860.14,0.8281,29859.39,4.387,29860.89,0.755,0.0,110.54
2024-01-01 00:38:29.000,BTCUSDT,BINANCE_USDT,29859.86,0.6590,29858.37,1.150,29859.86,3.017,0.0,186.25
2024-01-01 00:38:29.500,BTCUSDT,BINANCE_USDT,29858.50,0.7226,29858.50,3.770,29859.99,1.893,0.0,196.84
2024-01-01 00:38:30.000,BTCUSDT,BINANCE_USDT,29859.55,1.8536,29859.55,3.259,29861.05,4.037,0.0,135.12
2024-01-01 00:38:30.500,BTCUSDT,BINANCE_USDT,29860.75,1.2641,29860.75,3.705,29862.24,3.252,0.0,134.04
2024-01-01 00:38:31.000,BTCUSDT,BINANCE_USDT,29861.90,1.9901,29860.41,0.575,29861.90,2.720,0.0,123.88
2024-01-01 00:38:31.500,BTCUSDT,BINANCE_USDT,29860.98,0.3502,29860.23,4.197,29861.72,1.249,0.0,142.97
2024-01-01 00:38:32.000,BTCUSDT,BINANCE_USDT,29860.16,1.5897,29859.41,4.655,29860.91,3.447,0.0,141.76
2024-01-01 00:38:32.500,BTCUSDT,BINANCE_USDT,29858.95,0.7286,29858.95,0.717,29860.45,0.573,0.0,108.81
2024-01-01 00:38:33.000,BTCUSDT,BINANCE_USDT,29858.29,0.9475,29857.54,4.719,29859.04,1.174,0.0,161.02
2024-01-01 00:38:33.500,BTCUSDT,BINANCE_USDT,29855.96,0.4049,29855.96,3.313,29857.45,1.734,0.0,117.30
2024-01-01 00:38:34.000,BTCUSDT,BINANCE_USDT,29855.99,1.5875,29855.99,1.075,29857.48,2.411,0.0,127.21
2024-01-01 00:38:34.500,BTCUSDT,BINANCE_USDT,29855.45,1.4039,29855.45,3.984,29856.95,3.484,0.0,125.88
2024-01-01 00:38:35.000,BTCUSDT,BINANCE_USDT,29854.19,1.4569,29854.19,1.069,29855.69,1.294,0.0,130.39
2024-01-01 00:38:35.500,BTCUSDT,BINANCE_USDT,29851.17,1.2323,29850.43,2.481,29851.92,1.621,0.0,152.86
2024-01-01 00:38:36.000,BTCUSDT,BINANCE_USDT,29851.13,1.2873,29849.64,0.666,29851.13,2.864,0.0,146.24
2024-01-01 00:38:36.500,BTCUSDT,BINANCE_USDT,29851.68,0.0534,29850.19,1.339,29851.68,3.600,0.0,149.48
2024-01-01 00:38:37.000,BTCUSDT,BINANCE_USDT,29850.78,1.2975,29849.29,2.832,29850.78,4.822,0.0,134.66
2024-01-01 00:38:37.500,BTCUSDT,BINANCE_USDT,29849.72,1.7720,29848.23,0.645,29849.72,0.841,0.0,186.88
2024-01-01 00:38:38.000,BTCUSDT,BINANCE_USDT,29850.53,0.4875,29849.04,3.879,29850.53,2.130,0.0,149.89
2024-01-01 00:38:38.500,BTCUSDT,BINANCE_USDT,29851.85,0.9460,29850.35,4.572,29851.85,4.076,0.0,166.05
2024-01-01 00:38:39.000,BTCUSDT,BINANCE_USDT,29850.52,0.1887,29850.52,3.147,29852.02,3.362,0.0,169.23
2024-01-01 00:38:39.500,BTCUSDT,BINANCE_USDT,29849.59,1.4130,29849.59,4.334,29851.08,3.123,0.0,149.11
2024-01-01 00:38:40.000,BTCUSDT,BINANCE_USDT,29848.73,0.1884,29848.73,2.938,29850.22,0.568,0.0,193.82
2024-01-01 00:38:40.500,BTCUSDT,BINANCE_USDT,29849.72,1.6555,29849.72,4.601,29851.22,3.982,0.0,142.92
2024-01-01 00:38:41.000,BTCUSDT,BINANCE_USDT,29853.55,0.6859,29852.05,1.437,29853.55,2.452,0.0,148.45
2024-01-01 00:38:41.500,BTCUSDT,BINANCE_USDT,29854.22,0.7962,29852.73,1.526,29854.22,1.733,0.0,156.30
2024-01-01 00:38:42.000,BTCUSDT,BINANCE_USDT,29852.71,0.0689,29852.71,4.255,29854.20,1.798,0.0,173.17
2024-01-01 00:38:42.500,BTCUSDT,BINANCE_USDT,29853.87,1.8457,29853.87,0.516,29855.36,3.940,0.0,166.92
2024-01-01 00:38:43.000,BTCUSDT,BINANCE_USDT,29856.18,1.0175,29854.68,2.777,29856.18,2.449,0.0,100.18
2024-01-01 00:38:43.500,BTCUSDT,BINANCE_USDT,29856.77,0.0627,29855.28,4.721,29856.77,3.468,0.0,168.49
2024-01-01 00:38:44.000,BTCUSDT,BINANCE_USDT,29856.53,0.0928,29856.53,2.337,29858.02,0.737,0.0,194.37
2024-01-01 00:38:44.500,BTCUSDT,BINANCE_USDT,29856.91,0.0274,29855.42,2.068,29856.91,1.832,0.0,162.51
2024-01-01 00:38:45.000,BTCUSDT,BINANCE_USDT,29854.44,0.5026,29852.95,1.882,29854.44,1.733,0.0,152.03
2024-01-01 00:38:45.500,BTCUSDT,BINANCE_USDT,29853.07,0.0341,29853.07,1.117,29854.57,2.958,0.0,148.91
2024-01-01 00:38:46.000,BTCUSDT,BINANCE_USDT,29851.62,1.8185,29851.62,1.308,29853.11,0.564,0.0,174.86
2024-01-01 00:38:46.500,BTCUSDT,BINANCE_USDT,29852.73,1.2121,29852.73,0.546,29854.22,4.863,0.0,171.98
2024-01-01 00:38:47.000,BTCUSDT,BINANCE_USDT,29851.86,1.8961,29851.11,1.648,29852.60,2.837,0.0,128.06
2024-01-01 00:38:47.500,BTCUSDT,BINANCE_USDT,29853.60,1.1765,29852.11,1.002,29853.60,0.548,0.0,105.54
2024-01-01 00:38:48.000,BTCUSDT,BINANCE_USDT,29852.69,0.9245,29851.95,4.435,29853.44,4.906,0.0,197.23
2024-01-01 00:38:48.500,BTCUSDT,BINANCE_USDT,29852.00,0.8908,29851.25,1.381,29852.75,4.695,0.0,119.70
2024-01-01 00:38:49.000,BTCUSDT,BINANCE_USDT,29854.36,1.4834,29853.61,2.800,29855.11,2.232,0.0,163.45
2024-01-01 00:38:49.500,BTCUSDT,BINANCE_USDT,29852.72,1.1130,29852.72,2.053,29854.21,1.426,0.0,199.70
2024-01-01 00:38:50.000,BTCUSDT,BINANCE_USDT,29852.55,1.5851,29852.55,0.916,29854.04,3.475,0.0,103.03
2024-01-01 00:38:50.500,BTCUSDT,BINANCE_USDT,29853.55,0.8730,29852.80,0.919,29854.29,3.916,0.0,133.10
2024-01-01 00:38:51.000,BTCUSDT,BINANCE_USDT,29855.59,0.4503,29854.84,1.086,29856.33,1.508,0.0,186.39
2024-01-01 00:38:51.500,BTCUSDT,BINANCE_USDT,29858.58,0.6034,29857.08,3.747,29858.58,2.349,0.0,174.57
2024-01-01 00:38:52.000,BTCUSDT,BINANCE_USDT,29855.47,1.4071,29855.47,0.982,29856.96,4.978,0.0,192.17
2024-01-01 00:38:52.500,BTCUSDT,BINANCE_USDT,29858.73,0.9279,29857.24,4.400,29858.73,1.705,0.0,191.58
2024-01-01 00:38:53.000,BTCUSDT,BINANCE_USDT,29857.63,0.1867,29856.88,2.809,29858.38,3.971,0.0,135.66
2024-01-01 00:38:53.500,BTCUSDT,BINANCE_USDT,29858.81,1.0007,29857.32,2.887,29858.81,2.742,0.0,199.73
2024-01-01 00:38:54.000,BTCUSDT,BINANCE_USDT,29858.93,1.5529,29857.44,2.917,29858.93,1.224,0.0,174.31
2024-01-01 00:38:54.500,BTCUSDT,BINANCE_USDT,29857.30,0.2493,29856.55,2.485,29858.05,1.051,0.0,121.26
2024-01-01 00:38:55.000,BTCUSDT,BINANCE_USDT,29858.29,1.7855,29858.29,1.886,29859.78,4.935,0.0,146.81
2024-01-01 00:38:55.500,BTCUSDT,BINANCE_USDT,29859.43,1.2942,29857.94,1.644,29859.43,1.120,0.0,109.10
2024-01-01 00:38:56.000,BTCUSDT,BINANCE_USDT,29858.76,1.8638,29857.27,4.423,29858.76,0.538,0.0,123.45
2024-01-01 00:38:56.500,BTCUSDT,BINANCE_USDT,29858.75,0.5277,29857.26,2.865,29858.75,3.486,0.0,181.14
2024-01-01 00:38:57.000,BTCUSDT,BINANCE_USDT,29857.95,0.7593,29857.95,1.604,29859.44,0.639,0.0,157.52
2024-01-01 00:38:57.500,BTCUSDT,BINANCE_USDT,29858.75,1.3254,29858.01,4.458,29859.50,1.060,0.0,198.16
2024-01-01 00:38:58.000,BTCUSDT,BINANCE_USDT,29858.46,0.6258,29858.46,3.007,29859.95,4.985,0.0,133.75
2024-01-01 00:38:58.500,BTCUSDT,BINANCE_USDT,29861.02,1.1253,29860.28,4.379,29861.77,3.235,0.0,143.86
2024-01-01 00:38:59.000,BTCUSDT,BINANCE_USDT,29861.74,0.0713,29860.99,1.286,29862.49,2.167,0.0,124.77
2024-01-01 00:38:59.500,BTCUSDT,BINANCE_USDT,29863.51,1.5987,29862.76,1.581,29864.26,3.497,0.0,128.75
2024-01-01 00:39:00.000,BTCUSDT,BINANCE_USDT,29862.24,0.5013,29862.24,4.149,29863.73,3.341,0.0,183.12
2024-01-01 00:39:00.500,BTCUSDT,BINANCE_USDT,29862.95,0.7790,29862.20,3.238,29863.70,4.537,0.0,128.06
2024-01-01 00:39:01.000,BTCUSDT,BINANCE_USDT,29860.58,1.4576,29859.08,4.232,29860.58,4.013,0.0,199.13
2024-01-01 00:39:01.500,BTCUSDT,BINANCE_USDT,29860.29,0.4612,29859.55,0.582,29861.04,3.769,0.0,108.36
2024-01-01 00:39:02.000,BTCUSDT,BINANCE_USDT,29858.13,1.0690,29858.13,1.510,29859.62,3.897,0.0,140.72
2024-01-01 00:39:02.500,BTCUSDT,BINANCE_USDT,29858.65,0.4054,29857.90,1.721,29859.39,1.511,0.0,171.45
2024-01-01 00:39:03.000,BTCUSDT,BINANCE_USDT,29860.06,0.1802,29858.57,4.392,29860.06,3.243,0.0,178.52
2024-01-01 00:39:03.500,BTCUSDT,BINANCE_USDT,29858.77,0.1106,29857.28,0.607,29858.77,2.316,0.0,199.91
2024-01-01 00:39:04.000,BTCUSDT,BINANCE_USDT,29859.94,0.1020,29859.94,1.500,29861.43,1.897,0.0,149.37
2024-01-01 00:39:04.500,BTCUSDT,BINANCE_USDT,29859.56,1.1076,29859.56,2.664,29861.05,0.500,0.0,106.41
2024-01-01 00:39:05.000,BTCUSDT,BINANCE_USDT,29859.35,1.2147,29859.35,1.860,29860.84,4.898,0.0,151.10
2024-01-01 00:39:05.500,BTCUSDT,BINANCE_USDT,29859.28,0.7993,29859.28,1.537,29860.77,0.686,0.0,180.19
2024-01-01 00:39:06.000,BTCUSDT,BINANCE_USDT,29860.78,1.5966,29860.04,2.996,29861.53,1.573,0.0,106.80
2024-01-01 00:39:06.500,BTCUSDT,BINANCE_USDT,29860.69,1.6508,29860.69,2.608,29862.19,4.165,0.0,166.27
2024-01-01 00:39:07.000,BTCUSDT,BINANCE_USDT,29861.08,0.0056,29860.33,4.268,29861.83,4.291,0.0,116.75
2024-01-01 00:39:07.500,BTCUSDT,BINANCE_USDT,29858.77,1.0289,29858.02,3.270,29859.51,1.230,0.0,140.12
2024-01-01 00:39:08.000,BTCUSDT,BINANCE_USDT,29858.70,1.7132,29858.70,1.588,29860.19,2.690,0.0,135.11
2024-01-01 00:39:08.500,BTCUSDT,BINANCE_USDT,29858.01,1.8683,29858.01,1.250,29859.50,3.661,0.0,153.10
2024-01-01 00:39:09.000,BTCUSDT,BINANCE_USDT,29858.44,1.9021,29857.69,2.164,29859.19,2.948,0.0,133.48
2024-01-01 00:39:09.500,BTCUSDT,BINANCE_USDT,29859.14,1.8003,29859.14,1.512,29860.64,1.260,0.0,147.92
2024-01-01 00:39:10.000,BTCUSDT,BINANCE_USDT,29859.67,1.6091,29859.67,2.534,29861.16,2.444,0.0,128.80
2024-01-01 00:39:10.500,BTCUSDT,BINANCE_USDT,29858.71,0.3703,29857.96,3.528,29859.46,2.505,0.0,164.29
2024-01-01 00:39:11.000,BTCUSDT,BINANCE_USDT,29859.93,1.2564,29859.18,1.218,29860.67,3.478,0.0,151.14
2024-01-01 00:39:11.500,BTCUSDT,BINANCE_USDT,29861.57,0.7840,29861.57,2.516,29863.06,1.560,0.0,148.28
2024-01-01 00:39:12.000,BTCUSDT,BINANCE_USDT,29862.96,1.0874,29862.22,4.578,29863.71,1.408,0.0,150.78
2024-01-01 00:39:12.500,BTCUSDT,BINANCE_USDT,29863.74,1.9698,29862.99,2.679,29864.49,2.474,0.0,195.05
2024-01-01 00:39:13.000,BTCUSDT,BINANCE_USDT,29862.60,1.8024,29862.60,4.431,29864.10,1.961,0.0,143.50
2024-01-01 00:39:13.500,BTCUSDT,BINANCE_USDT,29863.37,0.3200,29863.37,3.550,29864.86,0.659,0.0,142.31
2024-01-01 00:39:14.000,BTCUSDT,BINANCE_USDT,29863.94,0.2910,29863.20,1.528,29864.69,4.265,0.0,156.82
2024-01-01 00:39:14.500,BTCUSDT,BINANCE_USDT,29863.20,1.6101,29863.20,2.334,29864.70,2.929,0.0,155.38
2024-01-01 00:39:15.000,BTCUSDT,BINANCE_USDT,29863.31,0.0012,29861.81,1.216,29863.31,3.040,0.0,151.12
2024-01-01 00:39:15.500,BTCUSDT,BINANCE_USDT,29862.52,0.0333,29862.52,1.312,29864.01,3.618,0.0,134.55
2024-01-01 00:39:16.000,BTCUSDT,BINANCE_USDT,29863.31,0.8396,29863.31,0.828,29864.81,4.008,0.0,115.03
2024-01-01 00:39:16.500,BTCUSDT,BINANCE_USDT,29864.13,1.9546,29862.64,0.811,29864.13,2.833,0.0,176.86
2024-01-01 00:39:17.000,BTCUSDT,BINANCE_USDT,29864.21,1.3163,29863.46,2.486,29864.96,2.102,0.0,157.79
2024-01-01 00:39:17.500,BTCUSDT,BINANCE_USDT,29863.54,1.1393,29863.54,1.506,29865.03,4.713,0.0,188.68
2024-01-01 00:39:18.000,BTCUSDT,BINANCE_USDT,29864.67,0.8462,29864.67,0.828,29866.16,4.990,0.0,144.05
2024-01-01 00:39:18.500,BTCUSDT,BINANCE_USDT,29865.21,0.8337,29864.46,3.237,29865.96,3.506,0.0,127.66
2024-01-01 00:39:19.000,BTCUSDT,BINANCE_USDT,29864.20,0.3511,29863.46,2.782,29864.95,3.102,0.0,149.05
2024-01-01 00:39:19.500,BTCUSDT,BINANCE_USDT,29865.87,1.1682,29864.37,2.309,29865.87,2.319,0.0,105.53
2024-01-01 00:39:20.000,BTCUSDT,BINANCE_USDT,29866.00,0.0210,29864.51,0.632,29866.00,0.502,0.0,119.05
2024-01-01 00:39:20.500,BTCUSDT,BINANCE_USDT,29864.67,0.0390,29864.67,3.597,29866.16,1.059,0.0,103.61
2024-01-01 00:39:21.000,BTCUSDT,BINANCE_USDT,29866.02,0.3491,29865.27,1.397,29866.76,3.170,0.0,173.70
2024-01-01 00:39:21.500,BTCUSDT,BINANCE_USDT,29864.27,1.6328,29864.27,1.823,29865.77,1.048,0.0,126.22
2024-01-01 00:39:22.000,BTCUSDT,BINANCE_USDT,29865.66,1.2520,29864.91,3.913,29866.41,0.736,0.0,145.99
2024-01-01 00:39:22.500,BTCUSDT,BINANCE_USDT,29865.04,1.3238,29865.04,2.805,29866.53,1.406,0.0,184.62
2024-01-01 00:39:23.000,BTCUSDT,BINANCE_USDT,29865.08,1.6209,29865.08,3.257,29866.57,4.399,0.0,174.08
2024-01-01 00:39:23.500,BTCUSDT,BINANCE_USDT,29868.73,0.7041,29867.23,2.323,29868.73,1.136,0.0,155.63
2024-01-01 00:39:24.000,BTCUSDT,BINANCE_USDT,29867.75,0.7519,29866.26,3.327,29867.75,2.105,0.0,117.60
2024-01-01 00:39:24.500,BTCUSDT,BINANCE_USDT,29866.01,1.9870,29866.01,1.031,29867.50,4.056,0.0,185.82
2024-01-01 00:39:25.000,BTCUSDT,BINANCE_USDT,29865.10,1.7097,29865.10,1.433,29866.60,3.593,0.0,187.34
2024-01-01 00:39:25.500,BTCUSDT,BINANCE_USDT,29863.29,1.8043,29862.54,1.921,29864.03,4.003,0.0,106.53
2024-01-01 00:39:26.000,BTCUSDT,BINANCE_USDT,29861.99,1.8235,29861.99,4.682,29863.48,2.298,0.0,154.21
2024-01-01 00:39:26.500,BTCUSDT,BINANCE_USDT,29862.39,1.2067,29861.65,4.189,29863.14,4.949,0.0,142.37
2024-01-01 00:39:27.000,BTCUSDT,BINANCE_USDT,29863.07,0.3110,29861.58,3.885,29863.07,1.134,0.0,107.88
2024-01-01 00:39:27.500,BTCUSDT,BINANCE_USDT,29860.35,1.1729,29860.35,2.249,29861.84,0.818,0.0,191.68
2024-01-01 00:39:28.000,BTCUSDT,BINANCE_USDT,29863.36,0.7467,29862.61,4.365,29864.10,3.877,0.0,160.15
2024-01-01 00:39:28.500,BTCUSDT,BINANCE_USDT,29862.19,0.1348,29862.19,2.843,29863.68,4.018,0.0,152.81
2024-01-01 00:39:29.000,BTCUSDT,BINANCE_USDT,29862.31,0.6580,29861.57,1.112,29863.06,1.257,0.0,135.88
2024-01-01 00:39:29.500,BTCUSDT,BINANCE_USDT,29861.18,0.5416,29859.68,2.303,29861.18,3.492,0.0,188.39
2024-01-01 00:39:30.000,BTCUSDT,BINANCE_USDT,29859.93,1.9211,29859.18,2.230,29860.68,3.347,0.0,180.23
2024-01-01 00:39:30.500,BTCUSDT,BINANCE_USDT,29859.62,0.0815,29858.12,1.189,29859.62,2.435,0.0,191.95
2024-01-01 00:39:31.000,BTCUSDT,BINANCE_USDT,29858.75,0.0153,29858.75,0.520,29860.25,3.469,0.0,119.60
2024-01-01 00:39:31.500,BTCUSDT,BINANCE_USDT,29861.20,1.2002,29860.45,4.150,29861.94,1.488,0.0,168.36
2024-01-01 00:39:32.000,BTCUSDT,BINANCE_USDT,29860.63,0.5187,29859.14,2.889,29860.63,2.189,0.0,157.07
2024-01-01 00:39:32.500,BTCUSDT,BINANCE_USDT,29860.12,1.3470,29860.12,0.798,29861.61,4.709,0.0,115.50
2024-01-01 00:39:33.000,BTCUSDT,BINANCE_USDT,29863.92,1.1595,29863.17,4.817,29864.67,4.128,0.0,123.35
2024-01-01 00:39:33.500,BTCUSDT,BINANCE_USDT,29864.23,1.2468,29863.49,2.717,29864.98,2.862,0.0,127.84
2024-01-01 00:39:34.000,BTCUSDT,BINANCE_USDT,29864.56,0.0410,29863.81,4.909,29865.30,3.734,0.0,154.19
2024-01-01 00:39:34.500,BTCUSDT,BINANCE_USDT,29867.43,0.9956,29865.94,4.102,29867.43,3.608,0.0,194.77
2024-01-01 00:39:35.000,BTCUSDT,BINANCE_USDT,29867.24,0.9571,29866.50,1.136,29867.99,3.134,0.0,101.21
2024-01-01 00:39:35.500,BTCUSDT,BINANCE_USDT,29867.18,0.0663,29865.69,2.110,29867.18,4.230,0.0,133.14
2024-01-01 00:39:36.000,BTCUSDT,BINANCE_USDT,29864.85,0.1734,29864.10,3.079,29865.60,2.657,0.0,122.97
2024-01-01 00:39:36.500,BTCUSDT,BINANCE_USDT,29864.77,0.8987,29863.27,1.618,29864.77,1.027,0.0,132.98
2024-01-01 00:39:37.000,BTCUSDT,BINANCE_USDT,29863.51,1.4746,29862.76,2.057,29864.25,4.113,0.0,173.65
2024-01-01 00:39:37.500,BTCUSDT,BINANCE_USDT,29864.35,1.1827,29862.86,4.622,29864.35,4.962,0.0,175.56
2024-01-01 00:39:38.000,BTCUSDT,BINANCE_USDT,29863.24,0.6549,29863.24,3.498,29864.74,2.121,0.0,194.88
2024-01-01 00:39:38.500,BTCUSDT,BINANCE_USDT,29863.02,0.8208,29862.27,3.876,29863.77,1.126,0.0,108.88
2024-01-01 00:39:39.000,BTCUSDT,BINANCE_USDT,29861.85,0.3051,29861.85,0.793,29863.34,4.175,0.0,194.81
2024-01-01 00:39:39.500,BTCUSDT,BINANCE_USDT,29860.16,0.3293,29858.66,1.578,29860.16,3.687,0.0,168.82
2024-01-01 00:39:40.000,BTCUSDT,BINANCE_USDT,29858.82,0.4412,29857.33,3.106,29858.82,1.989,0.0,165.73
2024-01-01 00:39:40.500,BTCUSDT,BINANCE_USDT,29856.82,1.3044,29856.82,4.379,29858.31,3.169,0.0,177.32
2024-01-01 00:39:41.000,BTCUSDT,BINANCE_USDT,29854.77,0.4829,29854.77,4.107,29856.27,2.459,0.0,193.30
2024-01-01 00:39:41.500,BTCUSDT,BINANCE_USDT,29855.71,0.9115,29855.71,4.223,29857.21,2.895,0.0,145.42
2024-01-01 00:39:42.000,BTCUSDT,BINANCE_USDT,29854.15,0.1650,29852.66,2.079,29854.15,1.873,0.0,100.85
2024-01-01 00:39:42.500,BTCUSDT,BINANCE_USDT,29853.71,0.9402,29852.22,2.375,29853.71,1.331,0.0,129.92
2024-01-01 00:39:43.000,BTCUSDT,BINANCE_USDT,29854.45,0.5704,29852.96,2.183,29854.45,4.305,0.0,166.37
2024-01-01 00:39:43.500,BTCUSDT,BINANCE_USDT,29852.91,0.3162,29852.16,1.761,29853.65,2.448,0.0,127.55
2024-01-01 00:39:44.000,BTCUSDT,BINANCE_USDT,29853.01,0.8212,29851.51,3.747,29853.01,4.633,0.0,125.12
2024-01-01 00:39:44.500,BTCUSDT,BINANCE_USDT,29853.07,1.5265,29852.33,2.443,29853.82,1.322,0.0,161.78
2024-01-01 00:39:45.000,BTCUSDT,BINANCE_USDT,29852.58,1.3080,29851.84,2.379,29853.33,4.002,0.0,152.50
2024-01-01 00:39:45.500,BTCUSDT,BINANCE_USDT,29852.22,0.1614,29851.48,1.010,29852.97,2.748,0.0,133.44
2024-01-01 00:39:46.000,BTCUSDT,BINANCE_USDT,29853.10,1.2018,29851.61,3.968,29853.10,3.381,0.0,178.46
2024-01-01 00:39:46.500,BTCUSDT,BINANCE_USDT,29852.42,0.8995,29852.42,1.575,29853.91,2.549,0.0,111.58
2024-01-01 00:39:47.000,BTCUSDT,BINANCE_USDT,29853.32,0.1467,29851.82,0.644,29853.32,3.108,0.0,174.84
2024-01-01 00:39:47.500,BTCUSDT,BINANCE_USDT,29854.99,1.6603,29853.50,2.974,29854.99,1.857,0.0,183.16
2024-01-01 00:39:48.000,BTCUSDT,BINANCE_USDT,29853.85,0.1128,29853.85,0.571,29855.35,0.597,0.0,110.42
2024-01-01 00:39:48.500,BTCUSDT,BINANCE_USDT,29852.43,0.0891,29851.69,3.662,29853.18,0.753,0.0,123.48
2024-01-01 00:39:49.000,BTCUSDT,BINANCE_USDT,29850.70,0.1778,29849.95,4.814,29851.44,1.749,0.0,173.16
2024-01-01 00:39:49.500,BTCUSDT,BINANCE_USDT,29852.05,1.8195,29850.56,3.182,29852.05,3.590,0.0,199.12
2024-01-01 00:39:50.000,BTCUSDT,BINANCE_USDT,29850.25,1.6971,29850.25,4.004,29851.74,3.476,0.0,154.41
2024-01-01 00:39:50.500,BTCUSDT,BINANCE_USDT,29850.81,0.2804,29849.32,1.380,29850.81,3.033,0.0,106.55
2024-01-01 00:39:51.000,BTCUSDT,BINANCE_USDT,29850.82,1.2256,29850.07,2.947,29851.56,2.538,0.0,186.80
2024-01-01 00:39:51.500,BTCUSDT,BINANCE_USDT,29850.50,1.6828,29849.76,1.344,29851.25,3.903,0.0,155.47
2024-01-01 00:39:52.000,BTCUSDT,BINANCE_USDT,29847.27,0.5698,29847.27,4.791,29848.76,1.654,0.0,121.93
2024-01-01 00:39:52.500,BTCUSDT,BINANCE_USDT,29847.78,0.4124,29847.04,1.173,29848.53,2.989,0.0,140.43
2024-01-01 00:39:53.000,BTCUSDT,BINANCE_USDT,29845.82,0.4605,29845.08,3.053,29846.57,4.310,0.0,134.64
2024-01-01 00:39:53.500,BTCUSDT,BINANCE_USDT,29847.18,0.7827,29845.69,3.960,29847.18,1.370,0.0,108.18
2024-01-01 00:39:54.000,BTCUSDT,BINANCE_USDT,29846.36,0.8720,29845.62,1.995,29847.11,2.486,0.0,102.88
2024-01-01 00:39:54.500,BTCUSDT,BINANCE_USDT,29845.51,0.9611,29844.02,1.764,29845.51,3.517,0.0,188.18
2024-01-01 00:39:55.000,BTCUSDT,BINANCE_USDT,29843.38,1.9312,29843.38,4.747,29844.88,2.966,0.0,104.77
2024-01-01 00:39:55.500,BTCUSDT,BINANCE_USDT,29843.93,0.8103,29842.44,2.057,29843.93,1.919,0.0,188.22
2024-01-01 00:39:56.000,BTCUSDT,BINANCE_USDT,29843.79,0.7714,29842.30,2.858,29843.79,2.688,0.0,139.47
2024-01-01 00:39:56.500,BTCUSDT,BINANCE_USDT,29843.78,0.8505,29842.29,2.627,29843.78,2.338,0.0,111.95
2024-01-01 00:39:57.000,BTCUSDT,BINANCE_USDT,29843.97,1.7813,29843.23,4.662,29844.72,3.277,0.0,103.44
2024-01-01 00:39:57.500,BTCUSDT,BINANCE_USDT,29845.83,0.2854,29845.08,2.538,29846.57,2.001,0.0,100.65
2024-01-01 00:39:58.000,BTCUSDT,BINANCE_USDT,29846.71,0.3292,29846.71,2.674,29848.20,4.742,0.0,143.33
2024-01-01 00:39:58.500,BTCUSDT,BINANCE_USDT,29844.62,0.2102,29843.88,2.099,29845.37,2.974,0.0,145.34
2024-01-01 00:39:59.000,BTCUSDT,BINANCE_USDT,29843.50,1.3654,29842.01,1.177,29843.50,2.846,0.0,195.81
2024-01-01 00:39:59.500,BTCUSDT,BINANCE_USDT,29844.99,1.7339,29844.99,4.077,29846.49,4.288,0.0,119.57
2024-01-01 00:40:00.000,BTCUSDT,BINANCE_USDT,29846.40,1.8085,29844.90,3.989,29846.40,3.085,0.0,182.06
2024-01-01 00:40:00.500,BTCUSDT,BINANCE_USDT,29845.02,1.6902,29843.53,1.005,29845.02,0.808,0.0,135.10
2024-01-01 00:40:01.000,BTCUSDT,BINANCE_USDT,29845.82,1.9144,29845.08,0.738,29846.57,3.450,0.0,126.66
2024-01-01 00:40:01.500,BTCUSDT,BINANCE_USDT,29846.10,0.9081,29846.10,3.936,29847.60,2.307,0.0,167.50
2024-01-01 00:40:02.000,BTCUSDT,BINANCE_USDT,29846.82,0.7189,29846.08,3.031,29847.57,0.687,0.0,157.76
2024-01-01 00:40:02.500,BTCUSDT,BINANCE_USDT,29846.54,1.1515,29845.79,4.525,29847.29,3.138,0.0,109.41
2024-01-01 00:40:03.000,BTCUSDT,BINANCE_USDT,29847.31,0.0525,29846.56,4.557,29848.06,1.724,0.0,158.78
2024-01-01 00:40:03.500,BTCUSDT,BINANCE_USDT,29849.00,0.9039,29847.51,4.216,29849.00,1.724,0.0,127.41
2024-01-01 00:40:04.000,BTCUSDT,BINANCE_USDT,29850.39,0.4043,29850.39,2.846,29851.88,3.072,0.0,144.28
2024-01-01 00:40:04.500,BTCUSDT,BINANCE_USDT,29850.15,1.1173,29849.40,1.988,29850.89,3.981,0.0,162.59
2024-01-01 00:40:05.000,BTCUSDT,BINANCE_USDT,29850.85,1.4216,29849.35,2.606,29850.85,1.318,0.0,131.05
2024-01-01 00:40:05.500,BTCUSDT,BINANCE_USDT,29849.52,0.7415,29849.52,4.757,29851.01,1.368,0.0,142.35
2024-01-01 00:40:06.000,BTCUSDT,BINANCE_USDT,29848.94,1.1229,29848.94,3.556,29850.44,4.909,0.0,143.61
2024-01-01 00:40:06.500,BTCUSDT,BINANCE_USDT,29849.15,0.9981,29849.15,2.191,29850.64,0.612,0.0,127.45
2024-01-01 00:40:07.000,BTCUSDT,BINANCE_USDT,29849.02,1.1307,29849.02,2.667,29850.52,3.748,0.0,158.06
2024-01-01 00:40:07.500,BTCUSDT,BINANCE_USDT,29849.52,1.3361,29849.52,1.330,29851.01,3.249,0.0,103.26
2024-01-01 00:40:08.000,BTCUSDT,BINANCE_USDT,29849.08,0.5267,29848.33,1.449,29849.82,2.407,0.0,139.20
2024-01-01 00:40:08.500,BTCUSDT,BINANCE_USDT,29849.80,1.8974,29849.06,1.545,29850.55,2.704,0.0,142.12
2024-01-01 00:40:09.000,BTCUSDT,BINANCE_USDT,29850.88,0.0976,29849.39,3.138,29850.88,2.483,0.0,103.41
2024-01-01 00:40:09.500,BTCUSDT,BINANCE_USDT,29853.14,1.6311,29851.65,1.388,29853.14,4.577,0.0,145.63
2024-01-01 00:40:10.000,BTCUSDT,BINANCE_USDT,29853.31,0.0920,29852.57,3.727,29854.06,2.564,0.0,116.05
2024-01-01 00:40:10.500,BTCUSDT,BINANCE_USDT,29853.48,0.1187,29853.48,0.619,29854.98,0.855,0.0,156.60
2024-01-01 00:40:11.000,BTCUSDT,BINANCE_USDT,29853.42,0.4310,29852.67,1.862,29854.16,1.179,0.0,159.64
2024-01-01 00:40:11.500,BTCUSDT,BINANCE_USDT,29853.40,0.3438,29853.40,1.447,29854.90,2.913,0.0,144.88
2024-01-01 00:40:12.000,BTCUSDT,BINANCE_USDT,29853.04,1.3856,29853.04,2.030,29854.53,3.422,0.0,198.13
2024-01-01 00:40:12.500,BTCUSDT,BINANCE_USDT,29853.70,1.7442,29852.95,4.488,29854.44,3.342,0.0,187.58
2024-01-01 00:40:13.000,BTCUSDT,BINANCE_USDT,29851.69,1.5605,29851.69,2.271,29853.18,4.397,0.0,134.37
2024-01-01 00:40:13.500,BTCUSDT,BINANCE_USDT,29851.63,0.3008,29851.63,4.606,29853.12,2.937,0.0,106.39
2024-01-01 00:40:14.000,BTCUSDT,BINANCE_USDT,29854.56,1.7687,29853.06,3.843,29854.56,3.218,0.0,105.36
2024-01-01 00:40:14.500,BTCUSDT,BINANCE_USDT,29854.72,1.8627,29854.72,4.522,29856.21,1.183,0.0,138.02
2024-01-01 00:40:15.000,BTCUSDT,BINANCE_USDT,29858.21,0.8743,29856.71,3.096,29858.21,2.981,0.0,107.04
2024-01-01 00:40:15.500,BTCUSDT,BINANCE_USDT,29860.40,1.8788,29858.90,4.779,29860.40,3.501,0.0,120.11
2024-01-01 00:40:16.000,BTCUSDT,BINANCE_USDT,29859.43,1.1767,29857.94,3.609,29859.43,4.933,0.0,194.58
2024-01-01 00:40:16.500,BTCUSDT,BINANCE_USDT,29858.84,0.3789,29858.09,0.731,29859.59,3.921,0.0,182.14
2024-01-01 00:40:17.000,BTCUSDT,BINANCE_USDT,29861.08,0.8749,29861.08,0.576,29862.57,3.877,0.0,145.69
2024-01-01 00:40:17.500,BTCUSDT,BINANCE_USDT,29864.71,1.3671,29863.22,2.667,29864.71,2.851,0.0,154.19
2024-01-01 00:40:18.000,BTCUSDT,BINANCE_USDT,29862.10,1.0317,29861.35,4.457,29862.85,1.818,0.0,193.68
2024-01-01 00:40:18.500,BTCUSDT,BINANCE_USDT,29862.42,0.3620,29860.93,3.289,29862.42,2.329,0.0,115.30
2024-01-01 00:40:19.000,BTCUSDT,BINANCE_USDT,29860.39,0.6016,29859.64,3.053,29861.13,0.562,0.0,196.73
2024-01-01 00:40:19.500,BTCUSDT,BINANCE_USDT,29862.16,0.0267,29861.42,1.990,29862.91,2.478,0.0,144.51
2024-01-01 00:40:20.000,BTCUSDT,BINANCE_USDT,29863.06,0.2781,29863.06,1.640,29864.55,3.587,0.0,140.99
2024-01-01 00:40:20.500,BTCUSDT,BINANCE_USDT,29863.99,0.8056,29863.24,0.643,29864.73,2.942,0.0,126.36
2024-01-01 00:40:21.000,BTCUSDT,BINANCE_USDT,29863.37,1.0466,29862.62,4.991,29864.12,4.994,0.0,190.14
2024-01-01 00:40:21.500,BTCUSDT,BINANCE_USDT,29864.12,0.9159,29863.37,2.129,29864.86,0.545,0.0,147.35
2024-01-01 00:40:22.000,BTCUSDT,BINANCE_USDT,29865.45,0.6894,29863.95,3.058,29865.45,1.179,0.0,118.05
2024-01-01 00:40:22.500,BTCUSDT,BINANCE_USDT,29865.24,0.9741,29865.24,3.791,29866.73,3.741,0.0,152.68
2024-01-01 00:40:23.000,BTCUSDT,BINANCE_USDT,29869.70,1.7607,29868.20,2.115,29869.70,1.679,0.0,180.88
2024-01-01 00:40:23.500,BTCUSDT,BINANCE_USDT,29868.95,0.9681,29868.95,3.844,29870.45,3.036,0.0,185.88
2024-01-01 00:40:24.000,BTCUSDT,BINANCE_USDT,29869.33,0.7024,29868.58,2.516,29870.08,4.693,0.0,166.86
2024-01-01 00:40:24.500,BTCUSDT,BINANCE_USDT,29868.62,0.9113,29867.87,4.294,29869.37,4.537,0.0,124.34
2024-01-01 00:40:25.000,BTCUSDT,BINANCE_USDT,29870.69,0.7233,29869.19,1.464,29870.69,1.623,0.0,191.33
2024-01-01 00:40:25.500,BTCUSDT,BINANCE_USDT,29868.35,0.3106,29868.35,3.806,29869.85,4.245,0.0,171.13
2024-01-01 00:40:26.000,BTCUSDT,BINANCE_USDT,29868.97,1.0908,29868.23,4.783,29869.72,4.096,0.0,163.21
2024-01-01 00:40:26.500,BTCUSDT,BINANCE_USDT,29870.55,0.6133,29869.06,1.518,29870.55,4.420,0.0,110.66
2024-01-01 00:40:27.000,BTCUSDT,BINANCE_USDT,29866.37,0.7654,29866.37,2.760,29867.86,2.571,0.0,178.94
2024-01-01 00:40:27.500,BTCUSDT,BINANCE_USDT,29866.15,1.2367,29864.66,2.588,29866.15,3.256,0.0,146.97
2024-01-01 00:40:28.000,BTCUSDT,BINANCE_USDT,29863.32,1.4324,29862.58,3.737,29864.07,0.862,0.0,194.76
2024-01-01 00:40:28.500,BTCUSDT,BINANCE_USDT,29862.62,1.0603,29861.87,1.451,29863.37,3.092,0.0,128.08
2024-01-01 00:40:29.000,BTCUSDT,BINANCE_USDT,29866.08,0.4185,29864.58,0.544,29866.08,1.838,0.0,112.72
2024-01-01 00:40:29.500,BTCUSDT,BINANCE_USDT,29865.12,1.6886,29863.62,0.681,29865.12,1.534,0.0,163.01
2024-01-01 00:40:30.000,BTCUSDT,BINANCE_USDT,29865.70,1.9334,29864.21,3.391,29865.70,3.998,0.0,103.98
2024-01-01 00:40:30.500,BTCUSDT,BINANCE_USDT,29864.78,1.1595,29864.78,4.535,29866.27,0.985,0.0,153.54
2024-01-01 00:40:31.000,BTCUSDT,BINANCE_USDT,29864.03,0.7805,29864.03,3.217,29865.53,2.096,0.0,140.71
2024-01-01 00:40:31.500,BTCUSDT,BINANCE_USDT,29866.15,0.2554,29864.66,4.412,29866.15,1.746,0.0,161.47
2024-01-01 00:40:32.000,BTCUSDT,BINANCE_USDT,29865.51,1.0103,29864.02,3.867,29865.51,4.926,0.0,125.26
2024-01-01 00:40:32.500,BTCUSDT,BINANCE_USDT,29863.38,1.6499,29863.38,2.824,29864.87,1.723,0.0,198.49
2024-01-01 00:40:33.000,BTCUSDT,BINANCE_USDT,29865.03,0.5705,29865.03,0.885,29866.52,0.944,0.0,108.44
2024-01-01 00:40:33.500,BTCUSDT,BINANCE_USDT,29865.49,0.2039,29864.00,3.596,29865.49,2.987,0.0,101.97
2024-01-01 00:40:34.000,BTCUSDT,BINANCE_USDT,29865.98,0.2105,29865.98,4.280,29867.48,4.624,0.0,161.42
2024-01-01 00:40:34.500,BTCUSDT,BINANCE_USDT,29867.99,1.9864,29866.50,0.835,29867.99,3.034,0.0,183.25
2024-01-01 00:40:35.000,BTCUSDT,BINANCE_USDT,29867.68,1.2462,29867.68,3.207,29869.17,0.677,0.0,164.89
2024-01-01 00:40:35.500,BTCUSDT,BINANCE_USDT,29868.42,1.0995,29868.42,4.798,29869.91,1.726,0.0,174.19
2024-01-01 00:40:36.000,BTCUSDT,BINANCE_USDT,29869.41,0.2716,29869.41,4.905,29870.90,1.765,0.0,170.87
2024-01-01 00:40:36.500,BTCUSDT,BINANCE_USDT,29870.64,1.6771,29869.15,3.642,29870.64,4.191,0.0,118.67
2024-01-01 00:40:37.000,BTCUSDT,BINANCE_USDT,29868.45,0.2677,29868.45,4.688,29869.94,2.284,0.0,107.92
2024-01-01 00:40:37.500,BTCUSDT,BINANCE_USDT,29869.96,0.2463,29868.46,2.738,29869.96,1.348,0.0,141.00
2024-01-01 00:40:38.000,BTCUSDT,BINANCE_USDT,29870.31,0.7185,29870.31,2.119,29871.80,0.928,0.0,108.71
2024-01-01 00:40:38.500,BTCUSDT,BINANCE_USDT,29871.61,0.4359,29870.87,3.807,29872.36,4.557,0.0,155.66
2024-01-01 00:40:39.000,BTCUSDT,BINANCE_USDT,29873.33,0.0315,29871.83,1.102,29873.33,3.702,0.0,144.74
2024-01-01 00:40:39.500,BTCUSDT,BINANCE_USDT,29870.37,1.0288,29870.37,0.853,29871.87,3.074,0.0,160.98
2024-01-01 00:40:40.000,BTCUSDT,BINANCE_USDT,29869.29,0.9307,29868.55,2.707,29870.04,1.643,0.0,118.06
2024-01-01 00:40:40.500,BTCUSDT,BINANCE_USDT,29869.07,1.8192,29867.57,3.570,29869.07,1.312,0.0,192.53
2024-01-01 00:40:41.000,BTCUSDT,BINANCE_USDT,29869.36,0.2768,29867.86,3.225,29869.36,1.418,0.0,165.41
2024-01-01 00:40:41.500,BTCUSDT,BINANCE_USDT,29870.27,0.2295,29868.78,3.616,29870.27,3.755,0.0,118.24
2024-01-01 00:40:42.000,BTCUSDT,BINANCE_USDT,29868.46,1.4889,29868.46,3.796,29869.95,4.921,0.0,141.90
2024-01-01 00:40:42.500,BTCUSDT,BINANCE_USDT,29869.01,1.3070,29868.27,1.695,29869.76,2.017,0.0,111.79
2024-01-01 00:40:43.000,BTCUSDT,BINANCE_USDT,29869.31,1.9049,29869.31,1.054,29870.81,2.066,0.0,146.13
2024-01-01 00:40:43.500,BTCUSDT,BINANCE_USDT,29870.81,0.3585,29869.31,2.475,29870.81,4.944,0.0,129.95
2024-01-01 00:40:44.000,BTCUSDT,BINANCE_USDT,29869.66,1.6411,29868.17,4.982,29869.66,4.093,0.0,116.64
2024-01-01 00:40:44.500,BTCUSDT,BINANCE_USDT,29868.12,0.3902,29867.38,1.184,29868.87,1.007,0.0,114.76
2024-01-01 00:40:45.000,BTCUSDT,BINANCE_USDT,29867.00,1.9013,29867.00,2.990,29868.50,3.680,0.0,111.91
2024-01-01 00:40:45.500,BTCUSDT,BINANCE_USDT,29868.89,0.7150,29868.14,1.528,29869.64,2.209,0.0,193.69
2024-01-01 00:40:46.000,BTCUSDT,BINANCE_USDT,29869.93,1.1126,29868.44,1.405,29869.93,4.659,0.0,155.33
2024-01-01 00:40:46.500,BTCUSDT,BINANCE_USDT,29868.54,1.0328,29867.04,4.170,29868.54,2.929,0.0,118.63
2024-01-01 00:40:47.000,BTCUSDT,BINANCE_USDT,29866.12,1.4299,29865.38,2.313,29866.87,2.192,0.0,101.83
2024-01-01 00:40:47.500,BTCUSDT,BINANCE_USDT,29866.64,1.2897,29865.15,4.046,29866.64,1.423,0.0,137.70
2024-01-01 00:40:48.000,BTCUSDT,BINANCE_USDT,29865.60,0.8355,29865.60,2.242,29867.10,4.209,0.0,183.85
2024-01-01 00:40:48.500,BTCUSDT,BINANCE_USDT,29865.22,1.6817,29865.22,3.246,29866.71,1.993,0.0,102.13
2024-01-01 00:40:49.000,BTCUSDT,BINANCE_USDT,29864.38,0.0123,29863.63,3.531,29865.12,4.039,0.0,133.68
2024-01-01 00:40:49.500,BTCUSDT,BINANCE_USDT,29865.56,1.8379,29864.82,1.344,29866.31,4.807,0.0,166.30
2024-01-01 00:40:50.000,BTCUSDT,BINANCE_USDT,29868.00,0.4814,29866.51,4.686,29868.00,4.176,0.0,116.21
2024-01-01 00:40:50.500,BTCUSDT,BINANCE_USDT,29867.17,0.3247,29865.67,4.016,29867.17,1.175,0.0,176.33
2024-01-01 00:40:51.000,BTCUSDT,BINANCE_USDT,29866.91,1.3170,29865.42,3.476,29866.91,2.195,0.0,194.35
2024-01-01 00:40:51.500,BTCUSDT,BINANCE_USDT,29867.83,0.7906,29866.33,3.900,29867.83,1.206,0.0,128.66
2024-01-01 00:40:52.000,BTCUSDT,BINANCE_USDT,29867.03,0.0653,29867.03,2.974,29868.53,2.212,0.0,115.29
2024-01-01 00:40:52.500,BTCUSDT,BINANCE_USDT,29868.44,1.3608,29867.70,2.859,29869.19,3.265,0.0,103.60
2024-01-01 00:40:53.000,BTCUSDT,BINANCE_USDT,29867.01,0.8998,29866.26,3.989,29867.76,2.657,0.0,169.69
2024-01-01 00:40:53.500,BTCUSDT,BINANCE_USDT,29864.92,0.9413,29864.92,3.498,29866.42,1.158,0.0,102.13
2024-01-01 00:40:54.000,BTCUSDT,BINANCE_USDT,29862.67,0.5152,29862.67,2.260,29864.17,2.767,0.0,165.38
2024-01-01 00:40:54.500,BTCUSDT,BINANCE_USDT,29865.88,1.7324,29865.14,2.025,29866.63,0.586,0.0,114.36
2024-01-01 00:40:55.000,BTCUSDT,BINANCE_USDT,29864.38,0.1932,29863.64,1.824,29865.13,0.744,0.0,160.99
2024-01-01 00:40:55.500,BTCUSDT,BINANCE_USDT,29863.37,0.0023,29862.62,3.249,29864.12,3.368,0.0,195.27
2024-01-01 00:40:56.000,BTCUSDT,BINANCE_USDT,29864.02,1.6036,29862.52,4.860,29864.02,4.863,0.0,104.30
2024-01-01 00:40:56.500,BTCUSDT,BINANCE_USDT,29864.61,1.4407,29864.61,2.372,29866.10,1.683,0.0,155.54
2024-01-01 00:40:57.000,BTCUSDT,BINANCE_USDT,29867.95,1.8137,29866.45,4.919,29867.95,3.208,0.0,110.36
2024-01-01 00:40:57.500,BTCUSDT,BINANCE_USDT,29866.66,1.0849,29865.17,2.540,29866.66,2.916,0.0,194.73
2024-01-01 00:40:58.000,BTCUSDT,BINANCE_USDT,29864.91,0.5467,29863.42,2.620,29864.91,2.390,0.0,110.03
2024-01-01 00:40:58.500,BTCUSDT,BINANCE_USDT,29864.63,0.4940,29864.63,3.074,29866.12,4.233,0.0,120.82
2024-01-01 00:40:59.000,BTCUSDT,BINANCE_USDT,29864.14,1.0204,29864.14,0.723,29865.63,2.262,0.0,135.54
2024-01-01 00:40:59.500,BTCUSDT,BINANCE_USDT,29862.60,1.0419,29862.60,0.939,29864.09,3.596,0.0,116.50
2024-01-01 00:41:00.000,BTCUSDT,BINANCE_USDT,29862.65,1.1811,29862.65,3.458,29864.14,1.238,0.0,157.30
2024-01-01 00:41:00.500,BTCUSDT,BINANCE_USDT,29861.38,1.6258,29860.64,1.447,29862.13,3.629,0.0,165.50
2024-01-01 00:41:01.000,BTCUSDT,BINANCE_USDT,29860.59,0.4281,29859.10,0.725,29860.59,4.483,0.0,194.70
2024-01-01 00:41:01.500,BTCUSDT,BINANCE_USDT,29862.69,0.6962,29861.19,4.504,29862.69,1.035,0.0,117.24
2024-01-01 00:41:02.000,BTCUSDT,BINANCE_USDT,29863.51,0.2752,29862.77,1.099,29864.26,1.736,0.0,142.83
2024-01-01 00:41:02.500,BTCUSDT,BINANCE_USDT,29866.41,0.4915,29864.92,1.917,29866.41,2.861,0.0,160.46
2024-01-01 00:41:03.000,BTCUSDT,BINANCE_USDT,29868.74,0.9568,29867.25,3.599,29868.74,4.448,0.0,110.76
2024-01-01 00:41:03.500,BTCUSDT,BINANCE_USDT,29866.64,1.2123,29866.64,1.185,29868.13,4.978,0.0,113.42
2024-01-01 00:41:04.000,BTCUSDT,BINANCE_USDT,29868.68,0.0195,29867.94,4.293,29869.43,2.899,0.0,188.62
2024-01-01 00:41:04.500,BTCUSDT,BINANCE_USDT,29867.24,1.1453,29866.49,4.787,29867.98,2.337,0.0,185.43
2024-01-01 00:41:05.000,BTCUSDT,BINANCE_USDT,29869.17,1.4268,29867.68,1.358,29869.17,4.141,0.0,197.65
2024-01-01 00:41:05.500,BTCUSDT,BINANCE_USDT,29870.36,0.8265,29869.62,0.537,29871.11,2.075,0.0,166.41
2024-01-01 00:41:06.000,BTCUSDT,BINANCE_USDT,29870.71,0.2756,29869.97,1.917,29871.46,1.375,0.0,183.11
2024-01-01 00:41:06.500,BTCUSDT,BINANCE_USDT,29872.32,0.2301,29870.82,4.557,29872.32,3.975,0.0,175.57
2024-01-01 00:41:07.000,BTCUSDT,BINANCE_USDT,29870.08,0.6403,29869.34,2.975,29870.83,3.645,0.0,105.18
2024-01-01 00:41:07.500,BTCUSDT,BINANCE_USDT,29869.58,1.7218,29869.58,2.990,29871.07,1.292,0.0,139.36
2024-01-01 00:41:08.000,BTCUSDT,BINANCE_USDT,29868.67,1.2907,29868.67,4.071,29870.16,4.744,0.0,189.72
2024-01-01 00:41:08.500,BTCUSDT,BINANCE_USDT,29868.00,0.5225,29868.00,2.122,29869.49,1.939,0.0,117.83
2024-01-01 00:41:09.000,BTCUSDT,BINANCE_USDT,29866.89,0.8823,29866.89,1.233,29868.38,0.665,0.0,108.47
2024-01-01 00:41:09.500,BTCUSDT,BINANCE_USDT,29866.51,1.4181,29866.51,4.796,29868.01,1.261,0.0,109.40
2024-01-01 00:41:10.000,BTCUSDT,BINANCE_USDT,29865.09,1.1309,29865.09,3.219,29866.58,2.879,0.0,192.91
2024-01-01 00:41:10.500,BTCUSDT,BINANCE_USDT,29867.03,1.6006,29866.28,3.100,29867.77,3.089,0.0,130.28
2024-01-01 00:41:11.000,BTCUSDT,BINANCE_USDT,29867.63,1.2959,29866.13,3.203,29867.63,2.529,0.0,142.02
2024-01-01 00:41:11.500,BTCUSDT,BINANCE_USDT,29865.68,0.9815,29865.68,4.787,29867.17,1.550,0.0,181.13
2024-01-01 00:41:12.000,BTCUSDT,BINANCE_USDT,29866.31,0.6182,29865.56,0.822,29867.05,3.793,0.0,126.93
2024-01-01 00:41:12.500,BTCUSDT,BINANCE_USDT,29866.50,0.5398,29865.75,0.672,29867.25,0.579,0.0,190.45
2024-01-01 00:41:13.000,BTCUSDT,BINANCE_USDT,29865.84,1.5336,29865.09,4.101,29866.59,1.389,0.0,175.95
2024-01-01 00:41:13.500,BTCUSDT,BINANCE_USDT,29866.84,0.4261,29866.84,3.347,29868.33,3.123,0.0,109.85
2024-01-01 00:41:14.000,BTCUSDT,BINANCE_USDT,29868.60,1.2318,29867.10,2.581,29868.60,2.433,0.0,144.74
2024-01-01 00:41:14.500,BTCUSDT,BINANCE_USDT,29869.98,1.1642,29868.48,1.379,29869.98,4.893,0.0,129.39
2024-01-01 00:41:15.000,BTCUSDT,BINANCE_USDT,29869.07,0.2068,29869.07,4.386,29870.56,4.949,0.0,122.22
2024-01-01 00:41:15.500,BTCUSDT,BINANCE_USDT,29868.68,1.4084,29867.94,1.215,29869.43,4.567,0.0,156.87
2024-01-01 00:41:16.000,BTCUSDT,BINANCE_USDT,29866.37,0.7474,29866.37,1.646,29867.86,1.054,0.0,161.60
2024-01-01 00:41:16.500,BTCUSDT,BINANCE_USDT,29867.68,0.7341,29866.18,3.987,29867.68,1.294,0.0,199.60
2024-01-01 00:41:17.000,BTCUSDT,BINANCE_USDT,29868.68,1.4076,29867.19,3.772,29868.68,3.096,0.0,182.65
2024-01-01 00:41:17.500,BTCUSDT,BINANCE_USDT,29866.82,0.6725,29865.33,4.466,29866.82,2.403,0.0,163.18
2024-01-01 00:41:18.000,BTCUSDT,BINANCE_USDT,29864.03,0.4477,29863.28,4.427,29864.77,3.229,0.0,198.05
2024-01-01 00:41:18.500,BTCUSDT,BINANCE_USDT,29864.92,1.3359,29863.43,2.172,29864.92,2.332,0.0,184.51
2024-01-01 00:41:19.000,BTCUSDT,BINANCE_USDT,29865.11,1.4942,29863.62,1.721,29865.11,0.711,0.0,180.72
2024-01-01 00:41:19.500,BTCUSDT,BINANCE_USDT,29864.09,0.8804,29863.34,4.622,29864.83,4.571,0.0,104.08
2024-01-01 00:41:20.000,BTCUSDT,BINANCE_USDT,29864.45,1.9756,29862.96,3.670,29864.45,3.305,0.0,131.42
2024-01-01 00:41:20.500,BTCUSDT,BINANCE_USDT,29864.51,1.6149,29863.77,1.840,29865.26,4.074,0.0,194.79
2024-01-01 00:41:21.000,BTCUSDT,BINANCE_USDT,29866.13,0.2668,29866.13,4.024,29867.62,3.242,0.0,190.92
2024-01-01 00:41:21.500,BTCUSDT,BINANCE_USDT,29868.59,0.5500,29867.10,2.896,29868.59,0.987,0.0,186.74
2024-01-01 00:41:22.000,BTCUSDT,BINANCE_USDT,29866.68,1.5939,29866.68,1.658,29868.17,2.546,0.0,178.90
2024-01-01 00:41:22.500,BTCUSDT,BINANCE_USDT,29866.83,1.3592,29866.83,0.779,29868.33,0.970,0.0,194.62
2024-01-01 00:41:23.000,BTCUSDT,BINANCE_USDT,29866.99,1.3571,29866.24,3.339,29867.74,0.757,0.0,163.28
2024-01-01 00:41:23.500,BTCUSDT,BINANCE_USDT,29867.34,0.7023,29867.34,2.183,29868.83,3.228,0.0,148.82
2024-01-01 00:41:24.000,BTCUSDT,BINANCE_USDT,29867.52,0.7770,29867.52,1.621,29869.02,3.617,0.0,140.41
2024-01-01 00:41:24.500,BTCUSDT,BINANCE_USDT,29866.28,1.2998,29864.78,4.849,29866.28,2.110,0.0,121.91
2024-01-01 00:41:25.000,BTCUSDT,BINANCE_USDT,29866.15,0.6422,29864.65,2.990,29866.15,0.710,0.0,138.24
2024-01-01 00:41:25.500,BTCUSDT,BINANCE_USDT,29863.71,0.4453,29863.71,2.970,29865.20,4.443,0.0,193.48
2024-01-01 00:41:26.000,BTCUSDT,BINANCE_USDT,29864.32,1.0558,29863.57,0.920,29865.07,0.740,0.0,196.94
2024-01-01 00:41:26.500,BTCUSDT,BINANCE_USDT,29863.71,0.3232,29863.71,3.002,29865.20,4.839,0.0,181.54
2024-01-01 00:41:27.000,BTCUSDT,BINANCE_USDT,29863.44,0.1656,29863.44,1.543,29864.93,1.279,0.0,118.41
2024-01-01 00:41:27.500,BTCUSDT,BINANCE_USDT,29863.65,1.0122,29862.16,2.802,29863.65,2.224,0.0,131.99
2024-01-01 00:41:28.000,BTCUSDT,BINANCE_USDT,29861.88,1.1624,29861.88,1.797,29863.38,2.722,0.0,154.30
2024-01-01 00:41:28.500,BTCUSDT,BINANCE_USDT,29863.52,1.4663,29862.78,3.852,29864.27,4.224,0.0,109.12
2024-01-01 00:41:29.000,BTCUSDT,BINANCE_USDT,29865.28,0.6935,29863.78,0.868,29865.28,4.385,0.0,161.82
2024-01-01 00:41:29.500,BTCUSDT,BINANCE_USDT,29867.62,0.0489,29866.12,2.201,29867.62,0.616,0.0,132.80
2024-01-01 00:41:30.000,BTCUSDT,BINANCE_USDT,29867.44,0.6288,29865.94,1.064,29867.44,2.463,0.0,179.13
2024-01-01 00:41:30.500,BTCUSDT,BINANCE_USDT,29866.34,1.9699,29866.34,4.000,29867.83,4.667,0.0,129.49
2024-01-01 00:41:31.000,BTCUSDT,BINANCE_USDT,29867.48,1.6943,29865.99,1.526,29867.48,1.118,0.0,107.50
2024-01-01 00:41:31.500,BTCUSDT,BINANCE_USDT,29867.90,1.7121,29866.41,0.560,29867.90,4.148,0.0,127.48
2024-01-01 00:41:32.000,BTCUSDT,BINANCE_USDT,29866.93,1.5313,29866.18,3.427,29867.67,3.136,0.0,106.90
2024-01-01 00:41:32.500,BTCUSDT,BINANCE_USDT,29867.21,1.0315,29865.71,2.848,29867.21,1.976,0.0,134.93
2024-01-01 00:41:33.000,BTCUSDT,BINANCE_USDT,29867.17,1.1599,29865.67,2.880,29867.17,2.636,0.0,134.05
2024-01-01 00:41:33.500,BTCUSDT,BINANCE_USDT,29866.43,1.0219,29866.43,2.676,29867.92,2.621,0.0,182.74
2024-01-01 00:41:34.000,BTCUSDT,BINANCE_USDT,29864.36,0.2066,29864.36,4.220,29865.85,2.691,0.0,167.73
2024-01-01 00:41:34.500,BTCUSDT,BINANCE_USDT,29864.23,1.0607,29863.48,1.935,29864.98,3.774,0.0,143.09
2024-01-01 00:41:35.000,BTCUSDT,BINANCE_USDT,29863.85,1.2760,29863.11,0.958,29864.60,4.880,0.0,155.70
2024-01-01 00:41:35.500,BTCUSDT,BINANCE_USDT,29862.34,0.9336,29862.34,1.476,29863.83,3.075,0.0,129.36
2024-01-01 00:41:36.000,BTCUSDT,BINANCE_USDT,29863.75,1.8290,29863.75,2.490,29865.24,2.502,0.0,101.78
2024-01-01 00:41:36.500,BTCUSDT,BINANCE_USDT,29863.71,0.1363,29862.96,2.986,29864.45,0.894,0.0,174.30
2024-01-01 00:41:37.000,BTCUSDT,BINANCE_USDT,29863.77,1.3706,29863.77,4.240,29865.26,4.184,0.0,153.75
2024-01-01 00:41:37.500,BTCUSDT,BINANCE_USDT,29866.29,1.9511,29865.54,3.660,29867.04,1.216,0.0,185.53
2024-01-01 00:41:38.000,BTCUSDT,BINANCE_USDT,29863.85,0.3300,29863.10,4.206,29864.60,1.930,0.0,112.01
2024-01-01 00:41:38.500,BTCUSDT,BINANCE_USDT,29864.16,1.7590,29864.16,4.798,29865.66,1.155,0.0,162.18
2024-01-01 00:41:39.000,BTCUSDT,BINANCE_USDT,29865.13,1.3074,29863.64,4.990,29865.13,3.238,0.0,182.12
2024-01-01 00:41:39.500,BTCUSDT,BINANCE_USDT,29864.24,1.5686,29862.74,4.971,29864.24,2.006,0.0,177.22
2024-01-01 00:41:40.000,BTCUSDT,BINANCE_USDT,29864.71,0.3052,29863.96,4.352,29865.46,4.134,0.0,113.01
2024-01-01 00:41:40.500,BTCUSDT,BINANCE_USDT,29865.26,0.2511,29864.52,1.125,29866.01,1.274,0.0,131.82
2024-01-01 00:41:41.000,BTCUSDT,BINANCE_USDT,29865.86,0.6777,29864.36,4.499,29865.86,3.746,0.0,146.80
2024-01-01 00:41:41.500,BTCUSDT,BINANCE_USDT,29864.39,1.6142,29863.64,1.105,29865.13,2.568,0.0,113.33
2024-01-01 00:41:42.000,BTCUSDT,BINANCE_USDT,29862.10,0.1683,29862.10,1.028,29863.59,3.308,0.0,190.07
2024-01-01 00:41:42.500,BTCUSDT,BINANCE_USDT,29861.29,1.2683,29860.54,2.773,29862.04,1.570,0.0,114.69
2024-01-01 00:41:43.000,BTCUSDT,BINANCE_USDT,29859.97,1.8536,29859.97,4.614,29861.46,2.442,0.0,146.25
2024-01-01 00:41:43.500,BTCUSDT,BINANCE_USDT,29861.92,1.6735,29861.92,2.105,29863.42,2.844,0.0,190.46
2024-01-01 00:41:44.000,BTCUSDT,BINANCE_USDT,29861.76,1.9952,29861.76,0.885,29863.25,3.076,0.0,154.02
2024-01-01 00:41:44.500,BTCUSDT,BINANCE_USDT,29861.77,0.5269,29861.02,4.512,29862.52,1.255,0.0,155.81
2024-01-01 00:41:45.000,BTCUSDT,BINANCE_USDT,29861.46,1.2350,29861.46,2.113,29862.95,1.424,0.0,103.30
2024-01-01 00:41:45.500,BTCUSDT,BINANCE_USDT,29862.37,0.6601,29860.88,3.911,29862.37,4.276,0.0,124.85
2024-01-01 00:41:46.000,BTCUSDT,BINANCE_USDT,29861.92,1.7758,29860.42,1.534,29861.92,0.953,0.0,198.36
2024-01-01 00:41:46.500,BTCUSDT,BINANCE_USDT,29858.96,0.5924,29858.96,3.580,29860.45,1.615,0.0,167.31
2024-01-01 00:41:47.000,BTCUSDT,BINANCE_USDT,29859.65,0.5532,29859.65,2.315,29861.14,3.860,0.0,125.57
2024-01-01 00:41:47.500,BTCUSDT,BINANCE_USDT,29857.96,0.6674,29857.96,4.989,29859.45,2.648,0.0,103.34
2024-01-01 00:41:48.000,BTCUSDT,BINANCE_USDT,29857.81,1.4968,29857.81,1.070,29859.31,1.445,0.0,149.97
2024-01-01 00:41:48.500,BTCUSDT,BINANCE_USDT,29857.09,0.7372,29857.09,0.565,29858.58,0.672,0.0,166.58
2024-01-01 00:41:49.000,BTCUSDT,BINANCE_USDT,29856.81,0.7837,29856.81,3.782,29858.30,2.758,0.0,191.48
2024-01-01 00:41:49.500,BTCUSDT,BINANCE_USDT,29858.54,1.5407,29857.04,3.339,29858.54,0.588,0.0,109.45
2024-01-01 00:41:50.000,BTCUSDT,BINANCE_USDT,29856.83,0.8506,29856.83,2.745,29858.32,2.850,0.0,113.77
2024-01-01 00:41:50.500,BTCUSDT,BINANCE_USDT,29857.24,0.5987,29856.49,3.501,29857.99,0.567,0.0,110.21
2024-01-01 00:41:51.000,BTCUSDT,BINANCE_USDT,29857.00,0.9697,29857.00,2.871,29858.49,1.122,0.0,123.40
2024-01-01 00:41:51.500,BTCUSDT,BINANCE_USDT,29858.50,1.8541,29857.01,4.622,29858.50,2.848,0.0,115.50
2024-01-01 00:41:52.000,BTCUSDT,BINANCE_USDT,29859.92,0.1779,29858.43,2.157,29859.92,1.109,0.0,166.68
2024-01-01 00:41:52.500,BTCUSDT,BINANCE_USDT,29860.01,0.4203,29858.51,4.951,29860.01,2.752,0.0,125.31
2024-01-01 00:41:53.000,BTCUSDT,BINANCE_USDT,29858.65,1.7804,29857.90,3.500,29859.39,1.474,0.0,177.61
2024-01-01 00:41:53.500,BTCUSDT,BINANCE_USDT,29858.68,0.3623,29857.93,2.839,29859.43,2.890,0.0,140.26
2024-01-01 00:41:54.000,BTCUSDT,BINANCE_USDT,29857.67,1.7808,29856.93,4.431,29858.42,4.643,0.0,157.42
2024-01-01 00:41:54.500,BTCUSDT,BINANCE_USDT,29859.34,0.9619,29858.59,2.656,29860.08,1.749,0.0,126.17
2024-01-01 00:41:55.000,BTCUSDT,BINANCE_USDT,29857.07,1.8247,29857.07,3.282,29858.56,4.485,0.0,192.09
2024-01-01 00:41:55.500,BTCUSDT,BINANCE_USDT,29856.06,0.6996,29856.06,0.906,29857.55,4.298,0.0,151.57
2024-01-01 00:41:56.000,BTCUSDT,BINANCE_USDT,29856.94,1.1391,29855.44,3.712,29856.94,2.243,0.0,168.41
2024-01-01 00:41:56.500,BTCUSDT,BINANCE_USDT,29856.91,0.5885,29856.17,0.537,29857.66,1.887,0.0,193.13
2024-01-01 00:41:57.000,BTCUSDT,BINANCE_USDT,29856.67,1.2697,29856.67,2.716,29858.16,2.758,0.0,120.85
2024-01-01 00:41:57.500,BTCUSDT,BINANCE_USDT,29854.54,1.9553,29854.54,2.326,29856.04,3.661,0.0,176.98
2024-01-01 00:41:58.000,BTCUSDT,BINANCE_USDT,29856.42,0.1286,29855.67,2.467,29857.17,4.803,0.0,196.74
2024-01-01 00:41:58.500,BTCUSDT,BINANCE_USDT,29852.96,1.0105,29852.96,0.587,29854.45,1.055,0.0,102.65
2024-01-01 00:41:59.000,BTCUSDT,BINANCE_USDT,29851.73,0.9639,29850.23,3.729,29851.73,0.826,0.0,104.94
2024-01-01 00:41:59.500,BTCUSDT,BINANCE_USDT,29849.47,0.0751,29849.47,2.111,29850.96,3.683,0.0,155.62
2024-01-01 00:42:00.000,BTCUSDT,BINANCE_USDT,29849.23,1.4521,29849.23,2.093,29850.72,1.689,0.0,142.55
2024-01-01 00:42:00.500,BTCUSDT,BINANCE_USDT,29852.25,1.2503,29851.50,2.980,29853.00,3.559,0.0,170.53
2024-01-01 00:42:01.000,BTCUSDT,BINANCE_USDT,29850.63,1.3339,29850.63,3.277,29852.12,1.145,0.0,127.55
2024-01-01 00:42:01.500,BTCUSDT,BINANCE_USDT,29851.22,1.8677,29851.22,2.558,29852.71,2.040,0.0,102.38
2024-01-01 00:42:02.000,BTCUSDT,BINANCE_USDT,29851.91,1.3255,29851.91,1.186,29853.40,4.104,0.0,153.50
2024-01-01 00:42:02.500,BTCUSDT,BINANCE_USDT,29852.86,0.7223,29852.86,0.656,29854.35,2.476,0.0,125.85
2024-01-01 00:42:03.000,BTCUSDT,BINANCE_USDT,29857.22,1.5969,29855.73,1.602,29857.22,1.564,0.0,127.14
2024-01-01 00:42:03.500,BTCUSDT,BINANCE_USDT,29855.89,1.9230,29855.14,0.974,29856.63,3.178,0.0,174.36
2024-01-01 00:42:04.000,BTCUSDT,BINANCE_USDT,29855.14,1.7814,29855.14,4.734,29856.63,4.059,0.0,163.51
2024-01-01 00:42:04.500,BTCUSDT,BINANCE_USDT,29857.12,1.9733,29856.38,1.866,29857.87,0.964,0.0,196.79
2024-01-01 00:42:05.000,BTCUSDT,BINANCE_USDT,29856.39,1.9267,29855.65,0.936,29857.14,2.422,0.0,172.86
2024-01-01 00:42:05.500,BTCUSDT,BINANCE_USDT,29856.44,0.2394,29855.69,1.794,29857.18,1.945,0.0,154.39
2024-01-01 00:42:06.000,BTCUSDT,BINANCE_USDT,29856.29,1.8051,29855.54,4.994,29857.03,4.513,0.0,175.76
2024-01-01 00:42:06.500,BTCUSDT,BINANCE_USDT,29853.13,1.1693,29853.13,3.375,29854.63,1.069,0.0,136.52
2024-01-01 00:42:07.000,BTCUSDT,BINANCE_USDT,29853.92,0.7187,29852.42,2.476,29853.92,4.926,0.0,149.31
2024-01-01 00:42:07.500,BTCUSDT,BINANCE_USDT,29852.83,0.8557,29851.34,0.599,29852.83,1.276,0.0,167.96
2024-01-01 00:42:08.000,BTCUSDT,BINANCE_USDT,29852.29,0.4918,29851.54,3.086,29853.03,2.049,0.0,120.07
2024-01-01 00:42:08.500,BTCUSDT,BINANCE_USDT,29851.46,1.5264,29851.46,4.099,29852.95,1.605,0.0,142.30
2024-01-01 00:42:09.000,BTCUSDT,BINANCE_USDT,29851.33,0.6233,29849.84,3.691,29851.33,2.134,0.0,114.22
2024-01-01 00:42:09.500,BTCUSDT,BINANCE_USDT,29851.82,0.5172,29851.82,2.075,29853.31,2.929,0.0,172.94
2024-01-01 00:42:10.000,BTCUSDT,BINANCE_USDT,29854.26,1.4507,29852.76,2.729,29854.26,3.756,0.0,167.58
2024-01-01 00:42:10.500,BTCUSDT,BINANCE_USDT,29854.84,0.8292,29853.34,2.957,29854.84,0.582,0.0,154.04
2024-01-01 00:42:11.000,BTCUSDT,BINANCE_USDT,29858.38,1.8764,29856.89,1.741,29858.38,1.791,0.0,113.17
2024-01-01 00:42:11.500,BTCUSDT,BINANCE_USDT,29856.94,0.8390,29856.94,1.245,29858.43,1.922,0.0,192.00
2024-01-01 00:42:12.000,BTCUSDT,BINANCE_USDT,29856.59,1.6819,29855.09,4.532,29856.59,1.725,0.0,183.73
2024-01-01 00:42:12.500,BTCUSDT,BINANCE_USDT,29854.71,0.4138,29853.22,3.124,29854.71,4.498,0.0,103.51
2024-01-01 00:42:13.000,BTCUSDT,BINANCE_USDT,29852.07,0.5613,29852.07,1.478,29853.57,3.407,0.0,181.56
2024-01-01 00:42:13.500,BTCUSDT,BINANCE_USDT,29851.97,0.2885,29850.48,3.743,29851.97,1.176,0.0,191.12
2024-01-01 00:42:14.000,BTCUSDT,BINANCE_USDT,29849.95,1.2358,29849.95,3.847,29851.44,0.986,0.0,102.44
2024-01-01 00:42:14.500,BTCUSDT,BINANCE_USDT,29850.62,1.3023,29850.62,1.610,29852.11,4.563,0.0,124.27
2024-01-01 00:42:15.000,BTCUSDT,BINANCE_USDT,29852.19,0.0669,29851.44,0.864,29852.94,3.352,0.0,113.00
2024-01-01 00:42:15.500,BTCUSDT,BINANCE_USDT,29849.37,0.1075,29849.37,0.785,29850.86,0.527,0.0,187.81
2024-01-01 00:42:16.000,BTCUSDT,BINANCE_USDT,29848.11,1.1468,29847.36,3.366,29848.85,3.693,0.0,144.38
2024-01-01 00:42:16.500,BTCUSDT,BINANCE_USDT,29847.03,0.8144,29846.28,1.162,29847.77,2.104,0.0,131.96
2024-01-01 00:42:17.000,BTCUSDT,BINANCE_USDT,29847.72,1.8175,29846.97,1.997,29848.46,0.747,0.0,107.48
2024-01-01 00:42:17.500,BTCUSDT,BINANCE_USDT,29847.23,1.5713,29847.23,4.464,29848.72,1.897,0.0,119.42
2024-01-01 00:42:18.000,BTCUSDT,BINANCE_USDT,29849.21,0.3478,29848.47,2.082,29849.96,3.677,0.0,162.70
2024-01-01 00:42:18.500,BTCUSDT,BINANCE_USDT,29850.54,0.6146,29850.54,1.573,29852.04,4.774,0.0,117.55
2024-01-01 00:42:19.000,BTCUSDT,BINANCE_USDT,29850.68,1.9954,29849.93,4.916,29851.42,1.821,0.0,186.39
2024-01-01 00:42:19.500,BTCUSDT,BINANCE_USDT,29852.13,1.0108,29850.64,3.814,29852.13,3.440,0.0,179.27
2024-01-01 00:42:20.000,BTCUSDT,BINANCE_USDT,29849.99,0.0646,29849.99,0.528,29851.48,2.058,0.0,172.93
2024-01-01 00:42:20.500,BTCUSDT,BINANCE_USDT,29850.74,1.8655,29850.74,2.725,29852.24,3.956,0.0,125.92
2024-01-01 00:42:21.000,BTCUSDT,BINANCE_USDT,29848.56,0.1530,29848.56,1.451,29850.05,3.398,0.0,149.01
2024-01-01 00:42:21.500,BTCUSDT,BINANCE_USDT,29853.42,0.5449,29851.92,2.089,29853.42,3.018,0.0,121.72
2024-01-01 00:42:22.000,BTCUSDT,BINANCE_USDT,29852.66,1.1446,29851.92,1.107,29853.41,3.390,0.0,169.50
2024-01-01 00:42:22.500,BTCUSDT,BINANCE_USDT,29850.72,0.4214,29849.98,4.556,29851.47,3.664,0.0,108.16
2024-01-01 00:42:23.000,BTCUSDT,BINANCE_USDT,29850.70,1.0303,29850.70,2.735,29852.19,3.249,0.0,180.58
2024-01-01 00:42:23.500,BTCUSDT,BINANCE_USDT,29853.58,0.0183,29852.08,0.969,29853.58,4.937,0.0,188.13
2024-01-01 00:42:24.000,BTCUSDT,BINANCE_USDT,29852.40,0.7499,29850.91,0.623,29852.40,3.363,0.0,164.82
2024-01-01 00:42:24.500,BTCUSDT,BINANCE_USDT,29848.22,0.1916,29848.22,4.464,29849.71,1.345,0.0,155.67
2024-01-01 00:42:25.000,BTCUSDT,BINANCE_USDT,29847.84,1.4992,29847.84,2.336,29849.34,1.064,0.0,136.76
2024-01-01 00:42:25.500,BTCUSDT,BINANCE_USDT,29848.09,0.1258,29848.09,2.388,29849.58,1.045,0.0,134.51
2024-01-01 00:42:26.000,BTCUSDT,BINANCE_USDT,29850.91,0.3442,29850.17,4.537,29851.66,0.972,0.0,180.76
2024-01-01 00:42:26.500,BTCUSDT,BINANCE_USDT,29850.77,1.5149,29850.03,3.806,29851.52,2.574,0.0,195.95
2024-01-01 00:42:27.000,BTCUSDT,BINANCE_USDT,29852.25,1.9903,29850.75,0.974,29852.25,2.540,0.0,145.74
2024-01-01 00:42:27.500,BTCUSDT,BINANCE_USDT,29852.46,1.2232,29850.97,0.944,29852.46,3.570,0.0,123.29
2024-01-01 00:42:28.000,BTCUSDT,BINANCE_USDT,29852.30,1.5623,29850.81,0.575,29852.30,1.969,0.0,176.98
2024-01-01 00:42:28.500,BTCUSDT,BINANCE_USDT,29847.44,0.6528,29846.69,1.673,29848.18,1.032,0.0,104.66
2024-01-01 00:42:29.000,BTCUSDT,BINANCE_USDT,29846.84,0.8031,29845.35,4.610,29846.84,4.560,0.0,101.41
2024-01-01 00:42:29.500,BTCUSDT,BINANCE_USDT,29846.45,0.8496,29844.95,3.700,29846.45,4.218,0.0,159.60
2024-01-01 00:42:30.000,BTCUSDT,BINANCE_USDT,29846.96,1.1061,29845.47,4.525,29846.96,4.036,0.0,186.20
2024-01-01 00:42:30.500,BTCUSDT,BINANCE_USDT,29846.73,0.7988,29845.24,3.703,29846.73,1.750,0.0,159.22
2024-01-01 00:42:31.000,BTCUSDT,BINANCE_USDT,29845.49,1.2064,29845.49,1.464,29846.98,0.858,0.0,126.12
2024-01-01 00:42:31.500,BTCUSDT,BINANCE_USDT,29848.46,0.3404,29846.97,2.766,29848.46,0.824,0.0,127.32
2024-01-01 00:42:32.000,BTCUSDT,BINANCE_USDT,29847.18,0.2362,29845.69,0.945,29847.18,0.833,0.0,177.45
2024-01-01 00:42:32.500,BTCUSDT,BINANCE_USDT,29848.22,0.2658,29847.48,3.505,29848.97,3.368,0.0,174.69
2024-01-01 00:42:33.000,BTCUSDT,BINANCE_USDT,29848.37,1.9298,29848.37,2.728,29849.87,0.934,0.0,152.37
2024-01-01 00:42:33.500,BTCUSDT,BINANCE_USDT,29849.53,1.5142,29848.79,2.023,29850.28,0.791,0.0,156.92
2024-01-01 00:42:34.000,BTCUSDT,BINANCE_USDT,29848.28,1.2815,29846.79,2.008,29848.28,2.690,0.0,182.53
2024-01-01 00:42:34.500,BTCUSDT,BINANCE_USDT,29847.91,0.3833,29846.41,2.269,29847.91,0.872,0.0,136.84
2024-01-01 00:42:35.000,BTCUSDT,BINANCE_USDT,29849.17,1.5986,29847.68,1.963,29849.17,4.435,0.0,168.27
2024-01-01 00:42:35.500,BTCUSDT,BINANCE_USDT,29850.84,1.6895,29849.35,1.754,29850.84,4.898,0.0,100.56
2024-01-01 00:42:36.000,BTCUSDT,BINANCE_USDT,29851.38,0.2762,29849.89,4.403,29851.38,3.012,0.0,183.38
2024-01-01 00:42:36.500,BTCUSDT,BINANCE_USDT,29851.55,1.5507,29850.80,0.580,29852.30,3.215,0.0,166.38
2024-01-01 00:42:37.000,BTCUSDT,BINANCE_USDT,29849.95,1.7200,29848.45,1.488,29849.95,3.491,0.0,112.05
2024-01-01 00:42:37.500,BTCUSDT,BINANCE_USDT,29849.19,1.0571,29848.44,4.279,29849.94,4.910,0.0,194.23
2024-01-01 00:42:38.000,BTCUSDT,BINANCE_USDT,29850.06,0.0749,29849.32,4.856,29850.81,2.550,0.0,159.69
2024-01-01 00:42:38.500,BTCUSDT,BINANCE_USDT,29851.34,0.4562,29849.85,3.101,29851.34,2.847,0.0,126.40
2024-01-01 00:42:39.000,BTCUSDT,BINANCE_USDT,29849.12,0.4001,29847.62,2.833,29849.12,2.958,0.0,132.21
2024-01-01 00:42:39.500,BTCUSDT,BINANCE_USDT,29848.59,0.1669,29847.09,1.538,29848.59,0.713,0.0,111.68
2024-01-01 00:42:40.000,BTCUSDT,BINANCE_USDT,29847.14,0.2525,29845.64,2.753,29847.14,3.694,0.0,183.45
2024-01-01 00:42:40.500,BTCUSDT,BINANCE_USDT,29849.17,1.7111,29847.67,3.290,29849.17,4.280,0.0,199.91
2024-01-01 00:42:41.000,BTCUSDT,BINANCE_USDT,29847.99,1.9363,29846.50,4.775,29847.99,3.585,0.0,110.97
2024-01-01 00:42:41.500,BTCUSDT,BINANCE_USDT,29848.96,1.9623,29848.21,4.393,29849.70,1.131,0.0,139.92
2024-01-01 00:42:42.000,BTCUSDT,BINANCE_USDT,29847.30,1.7097,29847.30,2.621,29848.79,4.551,0.0,189.23
2024-01-01 00:42:42.500,BTCUSDT,BINANCE_USDT,29847.85,0.2929,29847.10,3.284,29848.59,1.430,0.0,134.00
2024-01-01 00:42:43.000,BTCUSDT,BINANCE_USDT,29847.62,1.9866,29846.87,1.231,29848.36,1.999,0.0,195.82
2024-01-01 00:42:43.500,BTCUSDT,BINANCE_USDT,29848.61,0.3524,29848.61,2.315,29850.10,2.203,0.0,121.49
2024-01-01 00:42:44.000,BTCUSDT,BINANCE_USDT,29849.99,1.1761,29848.50,4.804,29849.99,3.949,0.0,178.85
2024-01-01 00:42:44.500,BTCUSDT,BINANCE_USDT,29848.37,0.3745,29847.63,4.437,29849.12,0.590,0.0,119.25
2024-01-01 00:42:45.000,BTCUSDT,BINANCE_USDT,29845.67,1.3332,29845.67,3.650,29847.16,0.776,0.0,177.30
2024-01-01 00:42:45.500,BTCUSDT,BINANCE_USDT,29846.55,1.7285,29846.55,3.755,29848.04,4.431,0.0,126.86
2024-01-01 00:42:46.000,BTCUSDT,BINANCE_USDT,29846.83,0.8742,29846.83,2.990,29848.32,3.444,0.0,119.73
2024-01-01 00:42:46.500,BTCUSDT,BINANCE_USDT,29847.41,0.9911,29847.41,1.681,29848.90,4.786,0.0,197.49
2024-01-01 00:42:47.000,BTCUSDT,BINANCE_USDT,29849.51,0.6198,29848.02,3.609,29849.51,4.296,0.0,118.01
2024-01-01 00:42:47.500,BTCUSDT,BINANCE_USDT,29845.96,0.5491,29845.21,1.909,29846.71,0.660,0.0,125.95
2024-01-01 00:42:48.000,BTCUSDT,BINANCE_USDT,29845.98,1.4699,29845.23,1.646,29846.73,2.573,0.0,180.41
2024-01-01 00:42:48.500,BTCUSDT,BINANCE_USDT,29845.90,0.5692,29845.15,2.037,29846.64,3.381,0.0,111.85
2024-01-01 00:42:49.000,BTCUSDT,BINANCE_USDT,29847.03,0.6844,29847.03,2.007,29848.52,1.333,0.0,121.07
2024-01-01 00:42:49.500,BTCUSDT,BINANCE_USDT,29849.69,1.4512,29848.95,4.762,29850.44,1.777,0.0,114.47
2024-01-01 00:42:50.000,BTCUSDT,BINANCE_USDT,29851.55,0.5130,29850.06,2.095,29851.55,1.706,0.0,171.95
2024-01-01 00:42:50.500,BTCUSDT,BINANCE_USDT,29850.53,1.1442,29849.79,4.648,29851.28,3.263,0.0,130.75
2024-01-01 00:42:51.000,BTCUSDT,BINANCE_USDT,29851.61,1.0986,29850.86,2.528,29852.35,2.265,0.0,186.77
2024-01-01 00:42:51.500,BTCUSDT,BINANCE_USDT,29850.13,1.0807,29850.13,0.658,29851.62,1.948,0.0,148.59
2024-01-01 00:42:52.000,BTCUSDT,BINANCE_USDT,29851.12,1.0837,29851.12,1.704,29852.61,3.188,0.0,106.46
2024-01-01 00:42:52.500,BTCUSDT,BINANCE_USDT,29853.26,1.3905,29851.77,3.766,29853.26,1.345,0.0,120.71
2024-01-01 00:42:53.000,BTCUSDT,BINANCE_USDT,29852.54,0.1075,29852.54,4.299,29854.03,2.332,0.0,124.14
2024-01-01 00:42:53.500,BTCUSDT,BINANCE_USDT,29852.59,1.0368,29851.84,2.136,29853.33,0.984,0.0,161.09
2024-01-01 00:42:54.000,BTCUSDT,BINANCE_USDT,29852.44,0.3513,29850.94,1.883,29852.44,3.412,0.0,128.53
2024-01-01 00:42:54.500,BTCUSDT,BINANCE_USDT,29851.07,0.6011,29851.07,3.336,29852.57,0.552,0.0,189.42
2024-01-01 00:42:55.000,BTCUSDT,BINANCE_USDT,29849.17,0.2548,29847.67,1.564,29849.17,4.033,0.0,155.34
2024-01-01 00:42:55.500,BTCUSDT,BINANCE_USDT,29848.72,0.5393,29847.23,4.915,29848.72,1.533,0.0,126.17
2024-01-01 00:42:56.000,BTCUSDT,BINANCE_USDT,29847.72,0.7577,29846.23,2.889,29847.72,2.000,0.0,169.52
2024-01-01 00:42:56.500,BTCUSDT,BINANCE_USDT,29846.59,0.6116,29845.09,2.688,29846.59,3.251,0.0,135.77
2024-01-01 00:42:57.000,BTCUSDT,BINANCE_USDT,29845.85,0.9149,29845.85,4.170,29847.34,1.647,0.0,130.89
2024-01-01 00:42:57.500,BTCUSDT,BINANCE_USDT,29846.12,1.5031,29844.63,1.679,29846.12,4.098,0.0,176.16
2024-01-01 00:42:58.000,BTCUSDT,BINANCE_USDT,29845.47,1.5848,29843.98,2.305,29845.47,1.361,0.0,152.02
2024-01-01 00:42:58.500,BTCUSDT,BINANCE_USDT,29844.23,0.8467,29844.23,1.353,29845.72,1.966,0.0,171.48
2024-01-01 00:42:59.000,BTCUSDT,BINANCE_USDT,29845.93,1.7245,29845.93,0.624,29847.42,1.492,0.0,171.22
2024-01-01 00:42:59.500,BTCUSDT,BINANCE_USDT,29845.77,0.2057,29845.77,2.896,29847.27,3.283,0.0,181.70
2024-01-01 00:43:00.000,BTCUSDT,BINANCE_USDT,29847.83,1.1770,29846.34,4.605,29847.83,4.871,0.0,193.30
2024-01-01 00:43:00.500,BTCUSDT,BINANCE_USDT,29847.93,1.8561,29846.43,3.985,29847.93,3.069,0.0,151.11
2024-01-01 00:43:01.000,BTCUSDT,BINANCE_USDT,29845.97,0.4996,29845.97,4.600,29847.46,3.037,0.0,102.72
2024-01-01 00:43:01.500,BTCUSDT,BINANCE_USDT,29847.45,1.7540,29846.70,0.710,29848.19,2.416,0.0,199.18
2024-01-01 00:43:02.000,BTCUSDT,BINANCE_USDT,29849.75,1.6955,29849.00,0.748,29850.50,4.594,0.0,188.30
2024-01-01 00:43:02.500,BTCUSDT,BINANCE_USDT,29851.15,0.6403,29850.40,1.713,29851.89,0.646,0.0,126.09
2024-01-01 00:43:03.000,BTCUSDT,BINANCE_USDT,29851.96,1.2940,29851.96,3.317,29853.46,3.066,0.0,179.83
2024-01-01 00:43:03.500,BTCUSDT,BINANCE_USDT,29852.84,0.8952,29852.84,0.740,29854.34,1.711,0.0,145.49
2024-01-01 00:43:04.000,BTCUSDT,BINANCE_USDT,29856.21,1.1089,29854.72,4.703,29856.21,4.524,0.0,146.01
2024-01-01 00:43:04.500,BTCUSDT,BINANCE_USDT,29858.25,1.6487,29857.51,3.058,29859.00,0.658,0.0,121.05
2024-01-01 00:43:05.000,BTCUSDT,BINANCE_USDT,29857.39,1.5562,29856.65,2.444,29858.14,0.764,0.0,145.62
2024-01-01 00:43:05.500,BTCUSDT,BINANCE_USDT,29855.24,1.1557,29855.24,2.481,29856.74,0.679,0.0,139.48
2024-01-01 00:43:06.000,BTCUSDT,BINANCE_USDT,29853.53,1.8974,29853.53,2.269,29855.02,2.591,0.0,106.62
2024-01-01 00:43:06.500,BTCUSDT,BINANCE_USDT,29856.34,1.5999,29855.59,3.984,29857.08,4.904,0.0,198.24
2024-01-01 00:43:07.000,BTCUSDT,BINANCE_USDT,29856.26,0.2928,29856.26,3.709,29857.75,4.497,0.0,189.31
2024-01-01 00:43:07.500,BTCUSDT,BINANCE_USDT,29855.97,1.7245,29854.47,3.604,29855.97,4.341,0.0,172.04
2024-01-01 00:43:08.000,BTCUSDT,BINANCE_USDT,29855.49,1.2128,29854.00,1.533,29855.49,3.275,0.0,149.22
2024-01-01 00:43:08.500,BTCUSDT,BINANCE_USDT,29856.15,0.0985,29854.66,3.591,29856.15,2.853,0.0,126.71
2024-01-01 00:43:09.000,BTCUSDT,BINANCE_USDT,29855.25,1.8010,29854.51,3.142,29856.00,1.384,0.0,144.01
2024-01-01 00:43:09.500,BTCUSDT,BINANCE_USDT,29857.61,0.4508,29856.12,4.076,29857.61,1.885,0.0,188.15
2024-01-01 00:43:10.000,BTCUSDT,BINANCE_USDT,29859.87,1.8269,29858.37,0.783,29859.87,2.987,0.0,165.04
2024-01-01 00:43:10.500,BTCUSDT,BINANCE_USDT,29860.10,1.5783,29860.10,4.252,29861.59,3.216,0.0,140.24
2024-01-01 00:43:11.000,BTCUSDT,BINANCE_USDT,29864.35,1.9441,29862.85,3.451,29864.35,1.444,0.0,189.33
2024-01-01 00:43:11.500,BTCUSDT,BINANCE_USDT,29862.48,1.1503,29862.48,3.617,29863.97,4.467,0.0,177.24
2024-01-01 00:43:12.000,BTCUSDT,BINANCE_USDT,29862.17,1.1624,29861.42,4.715,29862.91,2.496,0.0,170.86
2024-01-01 00:43:12.500,BTCUSDT,BINANCE_USDT,29864.03,1.3799,29864.03,0.722,29865.52,4.113,0.0,168.69
2024-01-01 00:43:13.000,BTCUSDT,BINANCE_USDT,29863.53,0.3288,29863.53,1.766,29865.02,3.816,0.0,107.01
2024-01-01 00:43:13.500,BTCUSDT,BINANCE_USDT,29864.63,1.0438,29863.14,1.116,29864.63,2.403,0.0,152.50
2024-01-01 00:43:14.000,BTCUSDT,BINANCE_USDT,29861.74,0.4037,29861.74,1.761,29863.24,2.703,0.0,161.32
2024-01-01 00:43:14.500,BTCUSDT,BINANCE_USDT,29863.40,1.3226,29862.65,3.839,29864.15,3.092,0.0,161.01
2024-01-01 00:43:15.000,BTCUSDT,BINANCE_USDT,29864.63,1.3004,29863.13,2.047,29864.63,3.443,0.0,189.23
2024-01-01 00:43:15.500,BTCUSDT,BINANCE_USDT,29862.08,1.2588,29862.08,3.201,29863.57,0.537,0.0,158.94
2024-01-01 00:43:16.000,BTCUSDT,BINANCE_USDT,29860.66,0.4052,29860.66,1.770,29862.15,1.120,0.0,172.83
2024-01-01 00:43:16.500,BTCUSDT,BINANCE_USDT,29861.73,0.8740,29861.73,4.222,29863.22,4.900,0.0,150.71
2024-01-01 00:43:17.000,BTCUSDT,BINANCE_USDT,29862.86,1.1446,29861.37,0.634,29862.86,2.389,0.0,191.18
2024-01-01 00:43:17.500,BTCUSDT,BINANCE_USDT,29861.59,1.0139,29860.10,2.193,29861.59,4.342,0.0,132.05
2024-01-01 00:43:18.000,BTCUSDT,BINANCE_USDT,29861.03,1.1065,29861.03,3.172,29862.52,3.462,0.0,138.08
2024-01-01 00:43:18.500,BTCUSDT,BINANCE_USDT,29863.12,0.8523,29862.37,3.593,29863.86,2.618,0.0,133.79
2024-01-01 00:43:19.000,BTCUSDT,BINANCE_USDT,29865.02,1.1695,29864.27,4.178,29865.77,2.115,0.0,106.73
2024-01-01 00:43:19.500,BTCUSDT,BINANCE_USDT,29863.40,1.8406,29863.40,3.720,29864.90,3.217,0.0,166.79
2024-01-01 00:43:20.000,BTCUSDT,BINANCE_USDT,29865.48,1.9149,29863.99,1.807,29865.48,4.641,0.0,115.10
2024-01-01 00:43:20.500,BTCUSDT,BINANCE_USDT,29864.45,0.1147,29864.45,4.763,29865.94,2.558,0.0,109.55
2024-01-01 00:43:21.000,BTCUSDT,BINANCE_USDT,29864.28,0.7353,29864.28,3.345,29865.77,4.854,0.0,116.88
2024-01-01 00:43:21.500,BTCUSDT,BINANCE_USDT,29864.13,0.1936,29863.38,3.707,29864.88,3.737,0.0,164.53
2024-01-01 00:43:22.000,BTCUSDT,BINANCE_USDT,29864.62,1.3346,29864.62,2.621,29866.11,0.919,0.0,150.85
2024-01-01 00:43:22.500,BTCUSDT,BINANCE_USDT,29863.94,0.6908,29862.44,4.084,29863.94,4.215,0.0,168.41
2024-01-01 00:43:23.000,BTCUSDT,BINANCE_USDT,29863.09,1.2455,29862.35,4.647,29863.84,2.479,0.0,162.88
2024-01-01 00:43:23.500,BTCUSDT,BINANCE_USDT,29863.86,1.8019,29862.37,4.276,29863.86,0.500,0.0,118.35
2024-01-01 00:43:24.000,BTCUSDT,BINANCE_USDT,29864.70,0.6457,29863.95,2.993,29865.44,4.275,0.0,116.27
2024-01-01 00:43:24.500,BTCUSDT,BINANCE_USDT,29866.51,1.9232,29865.02,2.231,29866.51,3.017,0.0,167.29
2024-01-01 00:43:25.000,BTCUSDT,BINANCE_USDT,29866.95,0.0082,29865.46,2.619,29866.95,3.376,0.0,140.27
2024-01-01 00:43:25.500,BTCUSDT,BINANCE_USDT,29865.69,1.4006,29864.94,3.314,29866.43,0.639,0.0,163.10
2024-01-01 00:43:26.000,BTCUSDT,BINANCE_USDT,29866.30,0.0370,29865.55,1.161,29867.05,0.524,0.0,111.69
2024-01-01 00:43:26.500,BTCUSDT,BINANCE_USDT,29865.75,0.1426,29864.26,2.805,29865.75,0.992,0.0,146.86
2024-01-01 00:43:27.000,BTCUSDT,BINANCE_USDT,29865.20,0.3131,29864.45,0.695,29865.94,4.413,0.0,160.14
2024-01-01 00:43:27.500,BTCUSDT,BINANCE_USDT,29866.04,0.2485,29866.04,0.705,29867.54,0.556,0.0,198.45
2024-01-01 00:43:28.000,BTCUSDT,BINANCE_USDT,29865.48,0.4600,29865.48,4.611,29866.98,1.940,0.0,109.64
2024-01-01 00:43:28.500,BTCUSDT,BINANCE_USDT,29865.91,1.4009,29865.91,4.548,29867.41,1.918,0.0,102.55
2024-01-01 00:43:29.000,BTCUSDT,BINANCE_USDT,29865.06,1.2643,29865.06,4.832,29866.55,4.281,0.0,199.67
2024-01-01 00:43:29.500,BTCUSDT,BINANCE_USDT,29868.73,1.7390,29867.23,1.046,29868.73,3.525,0.0,169.75
2024-01-01 00:43:30.000,BTCUSDT,BINANCE_USDT,29868.37,1.3076,29868.37,2.133,29869.86,2.641,0.0,193.06
2024-01-01 00:43:30.500,BTCUSDT,BINANCE_USDT,29867.42,0.0755,29867.42,0.742,29868.91,0.996,0.0,191.28
2024-01-01 00:43:31.000,BTCUSDT,BINANCE_USDT,29867.29,1.6785,29865.80,2.793,29867.29,1.152,0.0,158.32
2024-01-01 00:43:31.500,BTCUSDT,BINANCE_USDT,29866.45,0.5822,29864.96,0.952,29866.45,2.529,0.0,106.12
2024-01-01 00:43:32.000,BTCUSDT,BINANCE_USDT,29865.96,0.2760,29865.96,3.144,29867.45,0.547,0.0,161.64
2024-01-01 00:43:32.500,BTCUSDT,BINANCE_USDT,29866.36,1.8009,29865.61,1.345,29867.11,2.139,0.0,176.83
2024-01-01 00:43:33.000,BTCUSDT,BINANCE_USDT,29866.33,0.9601,29864.84,1.314,29866.33,0.865,0.0,184.71
2024-01-01 00:43:33.500,BTCUSDT,BINANCE_USDT,29864.21,0.7924,29864.21,2.641,29865.71,1.242,0.0,120.19
2024-01-01 00:43:34.000,BTCUSDT,BINANCE_USDT,29867.10,1.0221,29865.61,3.742,29867.10,4.717,0.0,118.71
2024-01-01 00:43:34.500,BTCUSDT,BINANCE_USDT,29864.81,0.1625,29864.06,0.891,29865.55,0.651,0.0,164.96
2024-01-01 00:43:35.000,BTCUSDT,BINANCE_USDT,29864.23,1.3202,29863.48,1.786,29864.97,4.628,0.0,171.31
2024-01-01 00:43:35.500,BTCUSDT,BINANCE_USDT,29864.80,1.5288,29864.06,3.555,29865.55,4.970,0.0,112.39
2024-01-01 00:43:36.000,BTCUSDT,BINANCE_USDT,29863.71,0.2665,29863.71,4.918,29865.21,3.722,0.0,167.22
2024-01-01 00:43:36.500,BTCUSDT,BINANCE_USDT,29861.98,1.9047,29861.98,4.670,29863.47,0.662,0.0,128.08
2024-01-01 00:43:37.000,BTCUSDT,BINANCE_USDT,29864.21,1.5926,29862.72,3.943,29864.21,2.601,0.0,180.11
2024-01-01 00:43:37.500,BTCUSDT,BINANCE_USDT,29863.27,0.9286,29863.27,3.920,29864.76,2.419,0.0,143.93
2024-01-01 00:43:38.000,BTCUSDT,BINANCE_USDT,29863.54,0.3633,29862.79,4.074,29864.28,1.814,0.0,101.05
2024-01-01 00:43:38.500,BTCUSDT,BINANCE_USDT,29864.90,1.2410,29864.90,1.963,29866.40,2.997,0.0,175.73
2024-01-01 00:43:39.000,BTCUSDT,BINANCE_USDT,29865.67,1.1962,29864.18,4.347,29865.67,3.079,0.0,168.68
2024-01-01 00:43:39.500,BTCUSDT,BINANCE_USDT,29865.36,1.3224,29865.36,0.932,29866.86,3.139,0.0,115.39
2024-01-01 00:43:40.000,BTCUSDT,BINANCE_USDT,29866.28,0.2976,29864.78,2.552,29866.28,2.483,0.0,173.98
2024-01-01 00:43:40.500,BTCUSDT,BINANCE_USDT,29867.10,0.0425,29865.61,4.938,29867.10,4.829,0.0,144.74
2024-01-01 00:43:41.000,BTCUSDT,BINANCE_USDT,29865.38,0.1211,29864.63,0.820,29866.12,2.358,0.0,125.14
2024-01-01 00:43:41.500,BTCUSDT,BINANCE_USDT,29865.50,0.2112,29865.50,2.633,29866.99,4.531,0.0,135.78
2024-01-01 00:43:42.000,BTCUSDT,BINANCE_USDT,29867.05,1.4254,29866.30,2.656,29867.79,1.592,0.0,169.39
2024-01-01 00:43:42.500,BTCUSDT,BINANCE_USDT,29868.68,1.4806,29867.19,0.755,29868.68,2.470,0.0,130.07
2024-01-01 00:43:43.000,BTCUSDT,BINANCE_USDT,29868.49,1.1232,29868.49,1.856,29869.98,2.637,0.0,102.44
2024-01-01 00:43:43.500,BTCUSDT,BINANCE_USDT,29868.11,1.8942,29868.11,2.316,29869.60,1.854,0.0,145.53
2024-01-01 00:43:44.000,BTCUSDT,BINANCE_USDT,29870.61,0.3001,29869.12,3.472,29870.61,4.317,0.0,160.57
2024-01-01 00:43:44.500,BTCUSDT,BINANCE_USDT,29870.53,1.9413,29869.03,2.746,29870.53,4.883,0.0,100.77
2024-01-01 00:43:45.000,BTCUSDT,BINANCE_USDT,29868.46,1.8766,29867.71,2.135,29869.21,3.277,0.0,105.39
2024-01-01 00:43:45.500,BTCUSDT,BINANCE_USDT,29867.04,0.1811,29866.30,3.718,29867.79,1.532,0.0,188.72
2024-01-01 00:43:46.000,BTCUSDT,BINANCE_USDT,29866.14,0.3485,29866.14,4.444,29867.63,2.257,0.0,120.73
2024-01-01 00:43:46.500,BTCUSDT,BINANCE_USDT,29865.29,1.5656,29865.29,0.958,29866.78,4.559,0.0,180.54
2024-01-01 00:43:47.000,BTCUSDT,BINANCE_USDT,29866.64,1.1396,29865.15,4.828,29866.64,2.665,0.0,142.37
2024-01-01 00:43:47.500,BTCUSDT,BINANCE_USDT,29867.06,0.7200,29865.56,2.697,29867.06,1.459,0.0,133.31
2024-01-01 00:43:48.000,BTCUSDT,BINANCE_USDT,29867.21,0.3330,29867.21,4.452,29868.71,2.531,0.0,186.77
2024-01-01 00:43:48.500,BTCUSDT,BINANCE_USDT,29867.08,1.4855,29867.08,3.011,29868.57,2.046,0.0,128.05
2024-01-01 00:43:49.000,BTCUSDT,BINANCE_USDT,29868.43,1.7495,29868.43,2.419,29869.92,4.870,0.0,137.49
2024-01-01 00:43:49.500,BTCUSDT,BINANCE_USDT,29865.94,1.9873,29865.94,1.427,29867.43,0.897,0.0,139.04
2024-01-01 00:43:50.000,BTCUSDT,BINANCE_USDT,29866.25,0.1668,29864.75,1.027,29866.25,2.190,0.0,124.33
2024-01-01 00:43:50.500,BTCUSDT,BINANCE_USDT,29866.00,0.4310,29864.51,4.673,29866.00,4.736,0.0,162.12
2024-01-01 00:43:51.000,BTCUSDT,BINANCE_USDT,29866.03,1.6392,29865.28,2.611,29866.78,2.340,0.0,180.70
2024-01-01 00:43:51.500,BTCUSDT,BINANCE_USDT,29865.61,1.7321,29865.61,2.625,29867.11,4.899,0.0,158.45
2024-01-01 00:43:52.000,BTCUSDT,BINANCE_USDT,29865.25,1.6456,29864.50,2.063,29865.99,2.976,0.0,125.82
2024-01-01 00:43:52.500,BTCUSDT,BINANCE_USDT,29866.52,1.8957,29865.02,3.315,29866.52,1.867,0.0,118.77
2024-01-01 00:43:53.000,BTCUSDT,BINANCE_USDT,29866.45,1.4037,29864.96,2.119,29866.45,4.612,0.0,102.27
2024-01-01 00:43:53.500,BTCUSDT,BINANCE_USDT,29863.81,1.2004,29863.07,4.086,29864.56,4.833,0.0,191.49
2024-01-01 00:43:54.000,BTCUSDT,BINANCE_USDT,29865.23,1.9921,29863.73,3.954,29865.23,1.197,0.0,138.53
2024-01-01 00:43:54.500,BTCUSDT,BINANCE_USDT,29865.93,1.7843,29865.18,2.421,29866.68,0.690,0.0,116.34
2024-01-01 00:43:55.000,BTCUSDT,BINANCE_USDT,29864.40,0.2162,29864.40,3.891,29865.90,4.482,0.0,145.68
2024-01-01 00:43:55.500,BTCUSDT,BINANCE_USDT,29863.31,0.2866,29862.56,4.831,29864.05,0.960,0.0,191.38
2024-01-01 00:43:56.000,BTCUSDT,BINANCE_USDT,29860.75,0.9145,29860.00,0.547,29861.50,1.551,0.0,116.08
2024-01-01 00:43:56.500,BTCUSDT,BINANCE_USDT,29861.55,0.7168,29860.06,4.500,29861.55,4.228,0.0,198.03
2024-01-01 00:43:57.000,BTCUSDT,BINANCE_USDT,29860.19,1.2306,29859.44,4.952,29860.94,1.420,0.0,199.07
2024-01-01 00:43:57.500,BTCUSDT,BINANCE_USDT,29858.27,0.3517,29857.52,2.396,29859.02,1.303,0.0,154.62
2024-01-01 00:43:58.000,BTCUSDT,BINANCE_USDT,29860.38,1.1496,29858.89,1.659,29860.38,2.562,0.0,141.65
2024-01-01 00:43:58.500,BTCUSDT,BINANCE_USDT,29858.33,1.8543,29858.33,2.347,29859.82,2.793,0.0,113.72
2024-01-01 00:43:59.000,BTCUSDT,BINANCE_USDT,29861.47,1.8305,29859.98,4.722,29861.47,0.501,0.0,114.13
2024-01-01 00:43:59.500,BTCUSDT,BINANCE_USDT,29859.17,1.7362,29859.17,1.167,29860.67,2.394,0.0,157.48
2024-01-01 00:44:00.000,BTCUSDT,BINANCE_USDT,29861.11,1.3496,29859.62,0.503,29861.11,2.125,0.0,185.49
2024-01-01 00:44:00.500,BTCUSDT,BINANCE_USDT,29860.69,1.5496,29859.94,0.851,29861.44,3.594,0.0,147.01
2024-01-01 00:44:01.000,BTCUSDT,BINANCE_USDT,29859.57,0.6705,29858.82,4.690,29860.32,3.004,0.0,111.15
2024-01-01 00:44:01.500,BTCUSDT,BINANCE_USDT,29859.85,0.7052,29858.36,4.972,29859.85,2.305,0.0,142.97
2024-01-01 00:44:02.000,BTCUSDT,BINANCE_USDT,29860.28,1.7362,29859.53,0.983,29861.03,4.246,0.0,110.86
2024-01-01 00:44:02.500,BTCUSDT,BINANCE_USDT,29858.93,1.9958,29858.93,3.326,29860.42,2.505,0.0,135.83
2024-01-01 00:44:03.000,BTCUSDT,BINANCE_USDT,29860.36,1.6582,29859.61,1.068,29861.11,1.451,0.0,180.86
2024-01-01 00:44:03.500,BTCUSDT,BINANCE_USDT,29859.56,1.9937,29858.07,3.820,29859.56,2.377,0.0,179.94
2024-01-01 00:44:04.000,BTCUSDT,BINANCE_USDT,29857.78,0.8479,29857.03,1.039,29858.53,0.537,0.0,193.61
2024-01-01 00:44:04.500,BTCUSDT,BINANCE_USDT,29859.29,1.4038,29858.55,0.579,29860.04,2.227,0.0,126.54
2024-01-01 00:44:05.000,BTCUSDT,BINANCE_USDT,29859.66,1.3249,29858.17,0.998,29859.66,1.554,0.0,196.30
2024-01-01 00:44:05.500,BTCUSDT,BINANCE_USDT,29856.63,0.6466,29856.63,4.616,29858.12,4.659,0.0,186.27
2024-01-01 00:44:06.000,BTCUSDT,BINANCE_USDT,29855.62,0.0629,29855.62,1.950,29857.11,0.997,0.0,125.39
2024-01-01 00:44:06.500,BTCUSDT,BINANCE_USDT,29855.29,1.7385,29853.80,3.841,29855.29,4.134,0.0,139.29
2024-01-01 00:44:07.000,BTCUSDT,BINANCE_USDT,29853.70,0.1743,29853.70,1.448,29855.19,3.504,0.0,138.53
2024-01-01 00:44:07.500,BTCUSDT,BINANCE_USDT,29854.36,1.2885,29854.36,1.620,29855.86,3.602,0.0,165.10
2024-01-01 00:44:08.000,BTCUSDT,BINANCE_USDT,29856.53,0.1867,29855.79,1.810,29857.28,3.842,0.0,111.42
2024-01-01 00:44:08.500,BTCUSDT,BINANCE_USDT,29855.29,1.8555,29855.29,1.705,29856.78,4.635,0.0,177.39
2024-01-01 00:44:09.000,BTCUSDT,BINANCE_USDT,29855.88,0.2193,29854.39,0.836,29855.88,1.038,0.0,188.97
2024-01-01 00:44:09.500,BTCUSDT,BINANCE_USDT,29854.53,1.3873,29853.79,1.061,29855.28,2.955,0.0,150.92
2024-01-01 00:44:10.000,BTCUSDT,BINANCE_USDT,29854.59,1.4074,29853.10,2.197,29854.59,2.419,0.0,106.09
2024-01-01 00:44:10.500,BTCUSDT,BINANCE_USDT,29854.67,1.4546,29853.92,3.898,29855.41,2.711,0.0,135.21
2024-01-01 00:44:11.000,BTCUSDT,BINANCE_USDT,29852.90,0.5024,29852.16,3.527,29853.65,3.884,0.0,150.42
2024-01-01 00:44:11.500,BTCUSDT,BINANCE_USDT,29852.32,1.5880,29852.32,2.037,29853.81,1.934,0.0,143.16
2024-01-01 00:44:12.000,BTCUSDT,BINANCE_USDT,29850.92,1.7777,29850.92,2.127,29852.42,0.860,0.0,106.90
2024-01-01 00:44:12.500,BTCUSDT,BINANCE_USDT,29851.01,0.2987,29849.52,0.790,29851.01,3.689,0.0,184.66
2024-01-01 00:44:13.000,BTCUSDT,BINANCE_USDT,29849.54,0.9034,29849.54,1.172,29851.03,3.171,0.0,109.40
2024-01-01 00:44:13.500,BTCUSDT,BINANCE_USDT,29850.62,0.1323,29849.87,3.229,29851.36,0.679,0.0,195.03
2024-01-01 00:44:14.000,BTCUSDT,BINANCE_USDT,29851.80,0.4080,29851.05,3.959,29852.55,2.777,0.0,143.30
2024-01-01 00:44:14.500,BTCUSDT,BINANCE_USDT,29851.83,0.3900,29850.33,2.745,29851.83,0.897,0.0,152.36
2024-01-01 00:44:15.000,BTCUSDT,BINANCE_USDT,29850.00,1.4753,29848.51,4.812,29850.00,1.222,0.0,160.15
2024-01-01 00:44:15.500,BTCUSDT,BINANCE_USDT,29850.49,1.7038,29849.75,3.412,29851.24,4.211,0.0,145.31
2024-01-01 00:44:16.000,BTCUSDT,BINANCE_USDT,29849.74,1.3466,29849.74,1.973,29851.23,0.693,0.0,123.01
2024-01-01 00:44:16.500,BTCUSDT,BINANCE_USDT,29848.64,1.4560,29847.89,1.199,29849.38,2.560,0.0,168.24
2024-01-01 00:44:17.000,BTCUSDT,BINANCE_USDT,29848.79,0.7536,29848.04,0.612,29849.53,1.276,0.0,159.56
2024-01-01 00:44:17.500,BTCUSDT,BINANCE_USDT,29848.92,0.0408,29847.42,4.269,29848.92,3.434,0.0,161.45
2024-01-01 00:44:18.000,BTCUSDT,BINANCE_USDT,29847.51,0.7292,29846.02,4.457,29847.51,3.332,0.0,147.22
2024-01-01 00:44:18.500,BTCUSDT,BINANCE_USDT,29847.83,1.7438,29846.34,3.302,29847.83,3.291,0.0,150.43
2024-01-01 00:44:19.000,BTCUSDT,BINANCE_USDT,29847.76,0.7766,29847.76,4.623,29849.25,4.839,0.0,132.79
2024-01-01 00:44:19.500,BTCUSDT,BINANCE_USDT,29847.59,1.3040,29846.10,2.713,29847.59,1.209,0.0,165.01
2024-01-01 00:44:20.000,BTCUSDT,BINANCE_USDT,29846.64,0.9386,29846.64,2.285,29848.14,4.985,0.0,180.78
2024-01-01 00:44:20.500,BTCUSDT,BINANCE_USDT,29845.78,1.1367,29845.78,2.967,29847.27,2.241,0.0,134.92
2024-01-01 00:44:21.000,BTCUSDT,BINANCE_USDT,29845.90,0.9518,29845.15,0.754,29846.64,4.907,0.0,100.71
2024-01-01 00:44:21.500,BTCUSDT,BINANCE_USDT,29846.17,0.1819,29844.68,2.215,29846.17,4.362,0.0,199.48
2024-01-01 00:44:22.000,BTCUSDT,BINANCE_USDT,29846.22,1.2974,29844.73,3.183,29846.22,3.031,0.0,107.06
2024-01-01 00:44:22.500,BTCUSDT,BINANCE_USDT,29846.80,1.8876,29845.30,2.193,29846.80,1.857,0.0,139.44
2024-01-01 00:44:23.000,BTCUSDT,BINANCE_USDT,29848.30,0.8899,29846.81,4.633,29848.30,4.081,0.0,181.39
2024-01-01 00:44:23.500,BTCUSDT,BINANCE_USDT,29849.15,1.8076,29847.66,3.863,29849.15,3.775,0.0,131.65
2024-01-01 00:44:24.000,BTCUSDT,BINANCE_USDT,29848.41,0.7369,29847.67,4.997,29849.16,0.988,0.0,142.21
2024-01-01 00:44:24.500,BTCUSDT,BINANCE_USDT,29847.47,1.9143,29847.47,2.006,29848.96,2.464,0.0,114.03
2024-01-01 00:44:25.000,BTCUSDT,BINANCE_USDT,29849.41,1.6802,29848.66,2.415,29850.15,2.711,0.0,166.89
2024-01-01 00:44:25.500,BTCUSDT,BINANCE_USDT,29849.49,1.4983,29849.49,2.288,29850.98,3.590,0.0,188.48
2024-01-01 00:44:26.000,BTCUSDT,BINANCE_USDT,29849.89,1.8917,29848.40,2.597,29849.89,3.860,0.0,133.13
2024-01-01 00:44:26.500,BTCUSDT,BINANCE_USDT,29847.77,0.4912,29847.77,4.289,29849.26,4.863,0.0,170.98
2024-01-01 00:44:27.000,BTCUSDT,BINANCE_USDT,29848.75,0.3601,29847.25,2.342,29848.75,2.897,0.0,112.33
2024-01-01 00:44:27.500,BTCUSDT,BINANCE_USDT,29847.20,0.8898,29846.46,3.592,29847.95,4.112,0.0,164.68
2024-01-01 00:44:28.000,BTCUSDT,BINANCE_USDT,29846.88,1.1441,29846.14,4.091,29847.63,2.280,0.0,172.38
2024-01-01 00:44:28.500,BTCUSDT,BINANCE_USDT,29847.38,1.9970,29846.64,4.231,29848.13,0.870,0.0,141.10
2024-01-01 00:44:29.000,BTCUSDT,BINANCE_USDT,29846.32,0.9951,29846.32,1.894,29847.81,2.358,0.0,113.13
2024-01-01 00:44:29.500,BTCUSDT,BINANCE_USDT,29847.45,1.1306,29846.70,3.434,29848.20,3.052,0.0,177.31
2024-01-01 00:44:30.000,BTCUSDT,BINANCE_USDT,29849.97,1.3419,29849.97,1.005,29851.46,2.325,0.0,178.01
2024-01-01 00:44:30.500,BTCUSDT,BINANCE_USDT,29852.30,0.7572,29850.81,3.581,29852.30,2.262,0.0,159.59
2024-01-01 00:44:31.000,BTCUSDT,BINANCE_USDT,29851.12,0.1313,29850.38,3.113,29851.87,1.189,0.0,117.53
2024-01-01 00:44:31.500,BTCUSDT,BINANCE_USDT,29851.29,1.9342,29850.54,4.335,29852.04,3.323,0.0,196.57
2024-01-01 00:44:32.000,BTCUSDT,BINANCE_USDT,29848.84,0.1580,29848.84,3.047,29850.33,3.118,0.0,171.30
2024-01-01 00:44:32.500,BTCUSDT,BINANCE_USDT,29850.69,1.0022,29849.94,3.781,29851.44,1.738,0.0,188.72
2024-01-01 00:44:33.000,BTCUSDT,BINANCE_USDT,29849.92,0.6184,29849.92,1.091,29851.42,3.543,0.0,109.54
2024-01-01 00:44:33.500,BTCUSDT,BINANCE_USDT,29848.79,0.9630,29848.79,3.277,29850.28,3.503,0.0,115.22
2024-01-01 00:44:34.000,BTCUSDT,BINANCE_USDT,29849.29,1.9818,29847.80,2.965,29849.29,4.908,0.0,155.85
2024-01-01 00:44:34.500,BTCUSDT,BINANCE_USDT,29847.66,0.7885,29847.66,1.870,29849.15,1.464,0.0,195.88
2024-01-01 00:44:35.000,BTCUSDT,BINANCE_USDT,29848.34,0.9601,29846.84,4.805,29848.34,1.415,0.0,171.00
2024-01-01 00:44:35.500,BTCUSDT,BINANCE_USDT,29847.11,1.2572,29847.11,2.665,29848.61,1.050,0.0,113.70
2024-01-01 00:44:36.000,BTCUSDT,BINANCE_USDT,29847.99,1.6280,29847.99,2.105,29849.48,1.852,0.0,191.89
2024-01-01 00:44:36.500,BTCUSDT,BINANCE_USDT,29849.09,0.0411,29849.09,2.927,29850.58,2.425,0.0,174.98
2024-01-01 00:44:37.000,BTCUSDT,BINANCE_USDT,29851.21,1.2320,29851.21,3.938,29852.71,3.299,0.0,117.28
2024-01-01 00:44:37.500,BTCUSDT,BINANCE_USDT,29852.46,1.7902,29851.71,1.492,29853.20,2.341,0.0,198.31
2024-01-01 00:44:38.000,BTCUSDT,BINANCE_USDT,29853.28,0.0939,29853.28,1.775,29854.77,1.054,0.0,173.34
2024-01-01 00:44:38.500,BTCUSDT,BINANCE_USDT,29851.18,0.2262,29851.18,3.021,29852.67,4.450,0.0,195.04
2024-01-01 00:44:39.000,BTCUSDT,BINANCE_USDT,29853.06,1.8951,29851.57,4.289,29853.06,2.495,0.0,125.38
2024-01-01 00:44:39.500,BTCUSDT,BINANCE_USDT,29849.79,1.6145,29849.79,2.339,29851.28,1.985,0.0,102.77
2024-01-01 00:44:40.000,BTCUSDT,BINANCE_USDT,29852.71,0.3108,29851.96,2.279,29853.45,3.858,0.0,178.28
2024-01-01 00:44:40.500,BTCUSDT,BINANCE_USDT,29854.83,1.6022,29853.34,4.985,29854.83,1.801,0.0,155.38
2024-01-01 00:44:41.000,BTCUSDT,BINANCE_USDT,29853.88,1.5851,29853.13,0.949,29854.63,3.086,0.0,185.20
2024-01-01 00:44:41.500,BTCUSDT,BINANCE_USDT,29856.73,1.6291,29855.24,0.781,29856.73,2.321,0.0,178.71
2024-01-01 00:44:42.000,BTCUSDT,BINANCE_USDT,29855.31,1.2146,29855.31,2.794,29856.80,4.826,0.0,122.72
2024-01-01 00:44:42.500,BTCUSDT,BINANCE_USDT,29857.65,0.1302,29856.15,4.787,29857.65,3.915,0.0,184.30
2024-01-01 00:44:43.000,BTCUSDT,BINANCE_USDT,29856.03,1.3317,29855.28,0.864,29856.78,2.058,0.0,194.45
2024-01-01 00:44:43.500,BTCUSDT,BINANCE_USDT,29855.47,0.0699,29854.72,2.787,29856.21,0.634,0.0,174.90
2024-01-01 00:44:44.000,BTCUSDT,BINANCE_USDT,29855.98,0.0894,29855.24,3.735,29856.73,1.944,0.0,170.10
2024-01-01 00:44:44.500,BTCUSDT,BINANCE_USDT,29855.07,1.0428,29854.32,4.852,29855.81,1.827,0.0,156.35
2024-01-01 00:44:45.000,BTCUSDT,BINANCE_USDT,29854.43,1.5128,29853.69,3.488,29855.18,2.508,0.0,195.39
2024-01-01 00:44:45.500,BTCUSDT,BINANCE_USDT,29854.73,0.6728,29853.98,0.575,29855.48,0.611,0.0,158.64
2024-01-01 00:44:46.000,BTCUSDT,BINANCE_USDT,29852.05,1.7697,29852.05,4.260,29853.54,2.361,0.0,144.38
2024-01-01 00:44:46.500,BTCUSDT,BINANCE_USDT,29851.62,1.1513,29850.88,4.696,29852.37,1.456,0.0,150.72
2024-01-01 00:44:47.000,BTCUSDT,BINANCE_USDT,29853.14,1.0807,29853.14,1.129,29854.63,4.415,0.0,141.21
2024-01-01 00:44:47.500,BTCUSDT,BINANCE_USDT,29854.28,0.4241,29853.54,4.590,29855.03,2.098,0.0,139.43
2024-01-01 00:44:48.000,BTCUSDT,BINANCE_USDT,29853.32,0.1605,29851.83,1.175,29853.32,2.292,0.0,115.99
2024-01-01 00:44:48.500,BTCUSDT,BINANCE_USDT,29853.56,0.0082,29852.07,3.911,29853.56,2.008,0.0,153.70
2024-01-01 00:44:49.000,BTCUSDT,BINANCE_USDT,29851.49,1.5225,29851.49,2.861,29852.99,3.307,0.0,113.28
2024-01-01 00:44:49.500,BTCUSDT,BINANCE_USDT,29852.59,0.9406,29851.10,3.393,29852.59,1.700,0.0,125.91
2024-01-01 00:44:50.000,BTCUSDT,BINANCE_USDT,29853.89,0.8260,29852.40,3.941,29853.89,2.823,0.0,116.08
2024-01-01 00:44:50.500,BTCUSDT,BINANCE_USDT,29851.04,0.5075,29851.04,4.848,29852.53,4.576,0.0,188.38
2024-01-01 00:44:51.000,BTCUSDT,BINANCE_USDT,29851.96,0.3916,29851.96,3.268,29853.45,0.814,0.0,156.75
2024-01-01 00:44:51.500,BTCUSDT,BINANCE_USDT,29852.06,1.4025,29851.31,3.779,29852.80,4.719,0.0,164.91
2024-01-01 00:44:52.000,BTCUSDT,BINANCE_USDT,29852.49,0.1728,29850.99,3.648,29852.49,4.855,0.0,197.09
2024-01-01 00:44:52.500,BTCUSDT,BINANCE_USDT,29850.97,0.4718,29850.23,2.776,29851.72,0.850,0.0,187.99
2024-01-01 00:44:53.000,BTCUSDT,BINANCE_USDT,29851.02,1.2410,29849.52,1.705,29851.02,4.722,0.0,189.56
2024-01-01 00:44:53.500,BTCUSDT,BINANCE_USDT,29850.88,1.4859,29849.38,4.381,29850.88,3.895,0.0,101.18
2024-01-01 00:44:54.000,BTCUSDT,BINANCE_USDT,29851.03,0.1917,29850.28,3.546,29851.77,4.944,0.0,126.03
2024-01-01 00:44:54.500,BTCUSDT,BINANCE_USDT,29851.44,0.9809,29850.69,4.065,29852.18,1.939,0.0,110.00
2024-01-01 00:44:55.000,BTCUSDT,BINANCE_USDT,29852.34,0.9740,29852.34,3.068,29853.84,2.838,0.0,106.40
2024-01-01 00:44:55.500,BTCUSDT,BINANCE_USDT,29852.88,1.2091,29852.13,1.212,29853.62,1.075,0.0,125.27
2024-01-01 00:44:56.000,BTCUSDT,BINANCE_USDT,29853.52,0.4107,29852.77,4.327,29854.26,4.904,0.0,123.35
2024-01-01 00:44:56.500,BTCUSDT,BINANCE_USDT,29853.53,0.9984,29853.53,2.736,29855.02,2.697,0.0,126.36
2024-01-01 00:44:57.000,BTCUSDT,BINANCE_USDT,29854.85,1.3231,29854.10,1.717,29855.59,4.210,0.0,183.62
2024-01-01 00:44:57.500,BTCUSDT,BINANCE_USDT,29858.17,1.4869,29856.68,2.596,29858.17,3.372,0.0,127.03
2024-01-01 00:44:58.000,BTCUSDT,BINANCE_USDT,29858.06,0.9196,29857.31,3.809,29858.80,1.482,0.0,110.72
2024-01-01 00:44:58.500,BTCUSDT,BINANCE_USDT,29859.35,1.3531,29857.85,3.365,29859.35,1.722,0.0,134.81
2024-01-01 00:44:59.000,BTCUSDT,BINANCE_USDT,29857.00,0.4207,29857.00,4.519,29858.49,3.913,0.0,192.63
2024-01-01 00:44:59.500,BTCUSDT,BINANCE_USDT,29856.62,0.7588,29856.62,2.216,29858.11,1.769,0.0,170.96
2024-01-01 00:45:00.000,BTCUSDT,BINANCE_USDT,29856.11,0.3319,29855.37,2.346,29856.86,4.945,0.0,116.50
2024-01-01 00:45:00.500,BTCUSDT,BINANCE_USDT,29857.16,1.1656,29855.67,3.259,29857.16,1.734,0.0,109.60
2024-01-01 00:45:01.000,BTCUSDT,BINANCE_USDT,29857.13,0.9772,29856.39,1.272,29857.88,0.901,0.0,138.64
2024-01-01 00:45:01.500,BTCUSDT,BINANCE_USDT,29855.95,1.7638,29855.95,1.614,29857.45,3.758,0.0,156.76
2024-01-01 00:45:02.000,BTCUSDT,BINANCE_USDT,29859.25,0.7217,29857.76,1.774,29859.25,1.710,0.0,143.29
2024-01-01 00:45:02.500,BTCUSDT,BINANCE_USDT,29856.56,0.1542,29855.82,1.500,29857.31,3.143,0.0,196.07
2024-01-01 00:45:03.000,BTCUSDT,BINANCE_USDT,29855.50,0.7541,29855.50,1.828,29856.99,2.810,0.0,187.43
2024-01-01 00:45:03.500,BTCUSDT,BINANCE_USDT,29857.96,0.4256,29856.46,3.329,29857.96,0.850,0.0,174.39
2024-01-01 00:45:04.000,BTCUSDT,BINANCE_USDT,29857.89,1.8651,29856.39,1.101,29857.89,0.840,0.0,126.54
2024-01-01 00:45:04.500,BTCUSDT,BINANCE_USDT,29857.44,0.3295,29855.95,2.748,29857.44,2.007,0.0,114.89
2024-01-01 00:45:05.000,BTCUSDT,BINANCE_USDT,29853.24,0.0651,29852.50,4.867,29853.99,4.731,0.0,140.02
2024-01-01 00:45:05.500,BTCUSDT,BINANCE_USDT,29854.91,0.5880,29853.42,4.082,29854.91,3.471,0.0,147.23
2024-01-01 00:45:06.000,BTCUSDT,BINANCE_USDT,29853.51,1.2044,29853.51,4.572,29855.01,3.867,0.0,166.69
2024-01-01 00:45:06.500,BTCUSDT,BINANCE_USDT,29856.07,0.3910,29856.07,3.602,29857.56,1.170,0.0,115.24
2024-01-01 00:45:07.000,BTCUSDT,BINANCE_USDT,29857.69,1.2704,29856.20,3.948,29857.69,1.928,0.0,198.23
2024-01-01 00:45:07.500,BTCUSDT,BINANCE_USDT,29856.98,1.1526,29856.24,1.238,29857.73,2.169,0.0,174.69
2024-01-01 00:45:08.000,BTCUSDT,BINANCE_USDT,29855.08,0.6632,29855.08,3.761,29856.57,3.728,0.0,161.34
2024-01-01 00:45:08.500,BTCUSDT,BINANCE_USDT,29857.05,1.6898,29855.55,1.222,29857.05,4.982,0.0,193.03
2024-01-01 00:45:09.000,BTCUSDT,BINANCE_USDT,29858.49,0.0372,29857.00,0.947,29858.49,3.417,0.0,188.28
2024-01-01 00:45:09.500,BTCUSDT,BINANCE_USDT,29858.56,1.9173,29857.06,4.419,29858.56,0.747,0.0,160.82
2024-01-01 00:45:10.000,BTCUSDT,BINANCE_USDT,29857.97,1.5097,29857.22,4.840,29858.71,3.179,0.0,145.51
2024-01-01 00:45:10.500,BTCUSDT,BINANCE_USDT,29856.16,1.7316,29856.16,0.545,29857.65,0.981,0.0,168.60
2024-01-01 00:45:11.000,BTCUSDT,BINANCE_USDT,29856.00,0.7202,29856.00,2.087,29857.50,4.012,0.0,148.90
2024-01-01 00:45:11.500,BTCUSDT,BINANCE_USDT,29857.07,1.5847,29855.57,1.663,29857.07,1.278,0.0,158.78
2024-01-01 00:45:12.000,BTCUSDT,BINANCE_USDT,29854.83,0.2639,29853.33,3.577,29854.83,4.204,0.0,109.36
2024-01-01 00:45:12.500,BTCUSDT,BINANCE_USDT,29852.44,0.0995,29852.44,2.317,29853.93,4.595,0.0,126.13
2024-01-01 00:45:13.000,BTCUSDT,BINANCE_USDT,29852.50,0.6258,29852.50,3.532,29853.99,4.122,0.0,150.61
2024-01-01 00:45:13.500,BTCUSDT,BINANCE_USDT,29852.52,0.2160,29851.78,1.835,29853.27,1.012,0.0,174.13
2024-01-01 00:45:14.000,BTCUSDT,BINANCE_USDT,29855.13,1.6460,29854.38,1.921,29855.88,2.249,0.0,183.33
2024-01-01 00:45:14.500,BTCUSDT,BINANCE_USDT,29855.91,1.0479,29855.16,3.288,29856.66,3.986,0.0,100.27
2024-01-01 00:45:15.000,BTCUSDT,BINANCE_USDT,29855.12,0.5311,29854.37,1.253,29855.86,0.738,0.0,145.79
2024-01-01 00:45:15.500,BTCUSDT,BINANCE_USDT,29853.28,1.1085,29852.53,1.793,29854.03,3.806,0.0,163.35
2024-01-01 00:45:16.000,BTCUSDT,BINANCE_USDT,29853.21,0.7989,29853.21,0.541,29854.71,3.763,0.0,186.64
2024-01-01 00:45:16.500,BTCUSDT,BINANCE_USDT,29851.72,1.8003,29851.72,3.020,29853.21,2.778,0.0,155.61
2024-01-01 00:45:17.000,BTCUSDT,BINANCE_USDT,29849.60,1.1557,29848.86,1.571,29850.35,3.192,0.0,172.75
2024-01-01 00:45:17.500,BTCUSDT,BINANCE_USDT,29848.77,1.6236,29848.77,1.179,29850.27,1.268,0.0,141.89
2024-01-01 00:45:18.000,BTCUSDT,BINANCE_USDT,29850.15,0.7538,29849.40,4.069,29850.90,4.991,0.0,134.69
2024-01-01 00:45:18.500,BTCUSDT,BINANCE_USDT,29850.85,1.9695,29849.35,1.647,29850.85,0.979,0.0,171.67
2024-01-01 00:45:19.000,BTCUSDT,BINANCE_USDT,29849.38,0.1667,29848.64,3.257,29850.13,3.319,0.0,156.16
2024-01-01 00:45:19.500,BTCUSDT,BINANCE_USDT,29850.14,1.9520,29849.40,1.263,29850.89,4.300,0.0,172.80
2024-01-01 00:45:20.000,BTCUSDT,BINANCE_USDT,29851.51,1.3439,29850.02,4.635,29851.51,3.543,0.0,175.51
2024-01-01 00:45:20.500,BTCUSDT,BINANCE_USDT,29852.86,1.3534,29851.37,3.321,29852.86,0.939,0.0,130.34
2024-01-01 00:45:21.000,BTCUSDT,BINANCE_USDT,29850.97,0.2806,29850.97,1.886,29852.47,0.670,0.0,108.28
2024-01-01 00:45:21.500,BTCUSDT,BINANCE_USDT,29851.20,0.1917,29849.71,2.016,29851.20,3.557,0.0,199.64
2024-01-01 00:45:22.000,BTCUSDT,BINANCE_USDT,29851.69,0.8399,29850.19,4.943,29851.69,3.827,0.0,131.12
2024-01-01 00:45:22.500,BTCUSDT,BINANCE_USDT,29852.58,1.9961,29851.08,3.036,29852.58,4.924,0.0,115.87
2024-01-01 00:45:23.000,BTCUSDT,BINANCE_USDT,29853.55,1.4798,29853.55,0.922,29855.04,3.293,0.0,174.58
2024-01-01 00:45:23.500,BTCUSDT,BINANCE_USDT,29853.51,1.5058,29853.51,2.430,29855.00,4.739,0.0,170.01
2024-01-01 00:45:24.000,BTCUSDT,BINANCE_USDT,29854.75,1.2561,29853.26,3.916,29854.75,2.935,0.0,107.16
2024-01-01 00:45:24.500,BTCUSDT,BINANCE_USDT,29855.93,1.1948,29854.44,2.221,29855.93,1.360,0.0,156.66
2024-01-01 00:45:25.000,BTCUSDT,BINANCE_USDT,29854.47,0.1187,29854.47,3.679,29855.96,4.060,0.0,164.52
2024-01-01 00:45:25.500,BTCUSDT,BINANCE_USDT,29854.69,1.5975,29853.94,2.457,29855.44,3.144,0.0,127.29
2024-01-01 00:45:26.000,BTCUSDT,BINANCE_USDT,29853.82,0.5256,29852.33,4.116,29853.82,0.675,0.0,142.02
2024-01-01 00:45:26.500,BTCUSDT,BINANCE_USDT,29853.20,0.6079,29853.20,1.775,29854.70,4.407,0.0,105.59
2024-01-01 00:45:27.000,BTCUSDT,BINANCE_USDT,29852.39,0.3202,29852.39,0.907,29853.88,3.945,0.0,131.40
2024-01-01 00:45:27.500,BTCUSDT,BINANCE_USDT,29852.09,1.6441,29852.09,2.405,29853.58,4.918,0.0,118.32
2024-01-01 00:45:28.000,BTCUSDT,BINANCE_USDT,29855.03,0.6857,29853.54,3.091,29855.03,4.778,0.0,108.44
2024-01-01 00:45:28.500,BTCUSDT,BINANCE_USDT,29853.01,1.0531,29852.26,3.561,29853.76,3.451,0.0,108.70
2024-01-01 00:45:29.000,BTCUSDT,BINANCE_USDT,29854.28,1.0683,29853.54,2.711,29855.03,0.925,0.0,181.19
2024-01-01 00:45:29.500,BTCUSDT,BINANCE_USDT,29854.46,0.9470,29853.72,0.702,29855.21,1.574,0.0,100.95
2024-01-01 00:45:30.000,BTCUSDT,BINANCE_USDT,29853.05,0.0256,29852.30,4.887,29853.79,4.393,0.0,103.20
2024-01-01 00:45:30.500,BTCUSDT,BINANCE_USDT,29851.50,1.7407,29851.50,1.107,29853.00,4.260,0.0,164.93
2024-01-01 00:45:31.000,BTCUSDT,BINANCE_USDT,29850.56,0.1877,29849.81,2.931,29851.30,2.304,0.0,143.23
2024-01-01 00:45:31.500,BTCUSDT,BINANCE_USDT,29850.70,0.1850,29849.96,0.860,29851.45,2.642,0.0,130.49
2024-01-01 00:45:32.000,BTCUSDT,BINANCE_USDT,29847.93,0.0724,29847.93,1.592,29849.42,4.966,0.0,104.94
2024-01-01 00:45:32.500,BTCUSDT,BINANCE_USDT,29847.59,1.4053,29847.59,0.618,29849.08,1.463,0.0,128.83
2024-01-01 00:45:33.000,BTCUSDT,BINANCE_USDT,29848.79,0.0418,29848.04,4.267,29849.54,1.737,0.0,151.33
2024-01-01 00:45:33.500,BTCUSDT,BINANCE_USDT,29850.30,0.8988,29848.81,4.361,29850.30,1.182,0.0,124.72
2024-01-01 00:45:34.000,BTCUSDT,BINANCE_USDT,29850.54,1.8565,29850.54,2.686,29852.03,2.380,0.0,190.90
2024-01-01 00:45:34.500,BTCUSDT,BINANCE_USDT,29851.96,1.1586,29850.46,3.831,29851.96,1.046,0.0,123.56
2024-01-01 00:45:35.000,BTCUSDT,BINANCE_USDT,29850.40,1.6468,29848.91,3.935,29850.40,1.428,0.0,171.39
2024-01-01 00:45:35.500,BTCUSDT,BINANCE_USDT,29851.92,0.5859,29850.43,2.622,29851.92,3.581,0.0,117.11
2024-01-01 00:45:36.000,BTCUSDT,BINANCE_USDT,29851.32,1.7180,29850.57,1.707,29852.07,3.983,0.0,124.50
2024-01-01 00:45:36.500,BTCUSDT,BINANCE_USDT,29851.76,1.3270,29851.02,4.875,29852.51,3.987,0.0,142.93
2024-01-01 00:45:37.000,BTCUSDT,BINANCE_USDT,29851.53,0.0692,29850.78,2.876,29852.27,0.887,0.0,132.33
2024-01-01 00:45:37.500,BTCUSDT,BINANCE_USDT,29852.40,1.8656,29851.65,2.172,29853.15,2.971,0.0,186.57
2024-01-01 00:45:38.000,BTCUSDT,BINANCE_USDT,29851.09,1.3160,29850.34,2.684,29851.83,3.264,0.0,131.91
2024-01-01 00:45:38.500,BTCUSDT,BINANCE_USDT,29852.92,1.6970,29851.43,1.506,29852.92,3.410,0.0,102.59
2024-01-01 00:45:39.000,BTCUSDT,BINANCE_USDT,29851.82,1.8025,29851.07,4.939,29852.56,2.066,0.0,185.63
2024-01-01 00:45:39.500,BTCUSDT,BINANCE_USDT,29850.64,0.2800,29849.89,2.086,29851.38,1.768,0.0,104.98
2024-01-01 00:45:40.000,BTCUSDT,BINANCE_USDT,29849.86,0.7366,29849.86,1.498,29851.36,1.769,0.0,126.17
2024-01-01 00:45:40.500,BTCUSDT,BINANCE_USDT,29852.04,1.7436,29850.55,4.153,29852.04,1.428,0.0,102.94
2024-01-01 00:45:41.000,BTCUSDT,BINANCE_USDT,29852.17,1.2158,29851.42,3.895,29852.91,0.790,0.0,106.14
2024-01-01 00:45:41.500,BTCUSDT,BINANCE_USDT,29851.66,1.9523,29850.16,1.519,29851.66,1.050,0.0,134.60
2024-01-01 00:45:42.000,BTCUSDT,BINANCE_USDT,29851.22,1.4888,29851.22,2.561,29852.72,1.570,0.0,114.50
2024-01-01 00:45:42.500,BTCUSDT,BINANCE_USDT,29851.20,1.9526,29850.45,4.589,29851.94,1.352,0.0,100.86
2024-01-01 00:45:43.000,BTCUSDT,BINANCE_USDT,29851.97,0.5367,29851.22,0.979,29852.72,1.785,0.0,196.46
2024-01-01 00:45:43.500,BTCUSDT,BINANCE_USDT,29850.81,0.1189,29849.32,1.072,29850.81,3.906,0.0,153.79
2024-01-01 00:45:44.000,BTCUSDT,BINANCE_USDT,29849.85,0.2938,29849.11,2.118,29850.60,4.790,0.0,176.17
2024-01-01 00:45:44.500,BTCUSDT,BINANCE_USDT,29851.02,0.0822,29851.02,1.706,29852.52,1.297,0.0,108.22
2024-01-01 00:45:45.000,BTCUSDT,BINANCE_USDT,29852.71,1.2771,29851.97,2.608,29853.46,3.270,0.0,194.62
2024-01-01 00:45:45.500,BTCUSDT,BINANCE_USDT,29851.35,0.7854,29851.35,3.994,29852.85,2.639,0.0,105.87
2024-01-01 00:45:46.000,BTCUSDT,BINANCE_USDT,29852.23,1.3608,29850.74,1.765,29852.23,2.364,0.0,159.22
2024-01-01 00:45:46.500,BTCUSDT,BINANCE_USDT,29851.59,1.7552,29850.85,4.177,29852.34,1.079,0.0,123.50
2024-01-01 00:45:47.000,BTCUSDT,BINANCE_USDT,29850.93,1.2343,29850.93,2.624,29852.42,0.791,0.0,119.56
2024-01-01 00:45:47.500,BTCUSDT,BINANCE_USDT,29850.89,1.9947,29850.14,0.857,29851.64,1.291,0.0,151.39
2024-01-01 00:45:48.000,BTCUSDT,BINANCE_USDT,29851.49,1.2566,29851.49,1.889,29852.98,1.741,0.0,116.35
2024-01-01 00:45:48.500,BTCUSDT,BINANCE_USDT,29851.29,1.2538,29851.29,0.571,29852.78,2.694,0.0,105.60
2024-01-01 00:45:49.000,BTCUSDT,BINANCE_USDT,29852.02,1.0095,29851.27,1.151,29852.76,2.430,0.0,178.90
2024-01-01 00:45:49.500,BTCUSDT,BINANCE_USDT,29850.40,0.9194,29850.40,1.126,29851.89,1.073,0.0,154.16
2024-01-01 00:45:50.000,BTCUSDT,BINANCE_USDT,29854.63,0.9630,29853.14,2.215,29854.63,4.183,0.0,154.42
2024-01-01 00:45:50.500,BTCUSDT,BINANCE_USDT,29851.42,1.6767,29850.67,1.793,29852.16,0.636,0.0,174.34
2024-01-01 00:45:51.000,BTCUSDT,BINANCE_USDT,29851.27,1.3070,29849.78,2.082,29851.27,1.039,0.0,135.89
2024-01-01 00:45:51.500,BTCUSDT,BINANCE_USDT,29852.64,0.5035,29851.89,3.866,29853.38,4.096,0.0,167.85
2024-01-01 00:45:52.000,BTCUSDT,BINANCE_USDT,29853.33,1.5757,29852.59,1.969,29854.08,1.187,0.0,114.64
2024-01-01 00:45:52.500,BTCUSDT,BINANCE_USDT,29852.14,1.2580,29852.14,1.400,29853.64,0.812,0.0,122.20
2024-01-01 00:45:53.000,BTCUSDT,BINANCE_USDT,29853.28,0.4125,29851.79,1.064,29853.28,1.273,0.0,186.97
2024-01-01 00:45:53.500,BTCUSDT,BINANCE_USDT,29855.51,1.4316,29854.01,4.908,29855.51,4.640,0.0,140.64
2024-01-01 00:45:54.000,BTCUSDT,BINANCE_USDT,29855.37,0.8105,29855.37,1.969,29856.86,0.515,0.0,175.39
2024-01-01 00:45:54.500,BTCUSDT,BINANCE_USDT,29855.66,0.4025,29855.66,1.065,29857.16,2.032,0.0,190.91
2024-01-01 00:45:55.000,BTCUSDT,BINANCE_USDT,29857.51,0.7372,29856.02,3.397,29857.51,0.797,0.0,191.28
2024-01-01 00:45:55.500,BTCUSDT,BINANCE_USDT,29856.72,1.9742,29855.97,4.778,29857.46,3.806,0.0,108.75
2024-01-01 00:45:56.000,BTCUSDT,BINANCE_USDT,29859.37,1.6205,29857.88,2.757,29859.37,0.792,0.0,157.68
2024-01-01 00:45:56.500,BTCUSDT,BINANCE_USDT,29857.60,0.0648,29856.11,2.676,29857.60,1.563,0.0,142.11
2024-01-01 00:45:57.000,BTCUSDT,BINANCE_USDT,29854.70,0.6116,29853.95,1.559,29855.45,3.949,0.0,142.10
2024-01-01 00:45:57.500,BTCUSDT,BINANCE_USDT,29853.10,1.0068,29851.61,4.249,29853.10,4.040,0.0,180.12
2024-01-01 00:45:58.000,BTCUSDT,BINANCE_USDT,29852.00,1.8071,29852.00,4.093,29853.49,4.895,0.0,195.17
2024-01-01 00:45:58.500,BTCUSDT,BINANCE_USDT,29852.78,0.0637,29851.29,3.444,29852.78,4.655,0.0,195.29
2024-01-01 00:45:59.000,BTCUSDT,BINANCE_USDT,29850.81,0.4633,29850.07,1.901,29851.56,4.431,0.0,142.14
2024-01-01 00:45:59.500,BTCUSDT,BINANCE_USDT,29850.03,1.3200,29849.29,1.397,29850.78,4.312,0.0,126.39
2024-01-01 00:46:00.000,BTCUSDT,BINANCE_USDT,29849.96,0.0890,29849.96,0.518,29851.45,0.711,0.0,191.25
2024-01-01 00:46:00.500,BTCUSDT,BINANCE_USDT,29848.52,1.2594,29848.52,3.249,29850.01,3.102,0.0,186.19
2024-01-01 00:46:01.000,BTCUSDT,BINANCE_USDT,29850.49,1.0055,29849.74,4.340,29851.24,0.669,0.0,181.37
2024-01-01 00:46:01.500,BTCUSDT,BINANCE_USDT,29852.13,1.4663,29850.64,2.483,29852.13,1.280,0.0,197.03
2024-01-01 00:46:02.000,BTCUSDT,BINANCE_USDT,29851.12,1.5773,29850.38,2.805,29851.87,3.937,0.0,190.48
2024-01-01 00:46:02.500,BTCUSDT,BINANCE_USDT,29852.72,1.9986,29851.23,2.253,29852.72,1.201,0.0,111.04
2024-01-01 00:46:03.000,BTCUSDT,BINANCE_USDT,29851.49,1.8989,29850.00,4.275,29851.49,2.947,0.0,198.15
2024-01-01 00:46:03.500,BTCUSDT,BINANCE_USDT,29852.54,1.3001,29851.05,3.336,29852.54,3.468,0.0,141.70
2024-01-01 00:46:04.000,BTCUSDT,BINANCE_USDT,29851.42,1.7458,29849.93,2.517,29851.42,2.541,0.0,183.96
2024-01-01 00:46:04.500,BTCUSDT,BINANCE_USDT,29850.37,0.9336,29850.37,2.086,29851.86,3.865,0.0,186.03
2024-01-01 00:46:05.000,BTCUSDT,BINANCE_USDT,29852.68,0.4702,29852.68,4.298,29854.18,0.933,0.0,187.52
2024-01-01 00:46:05.500,BTCUSDT,BINANCE_USDT,29850.57,0.2608,29850.57,3.296,29852.07,4.219,0.0,133.53
2024-01-01 00:46:06.000,BTCUSDT,BINANCE_USDT,29852.69,1.9729,29851.20,2.678,29852.69,1.230,0.0,199.25
2024-01-01 00:46:06.500,BTCUSDT,BINANCE_USDT,29850.40,0.9124,29849.65,2.441,29851.14,3.245,0.0,180.69
2024-01-01 00:46:07.000,BTCUSDT,BINANCE_USDT,29849.53,0.9249,29848.78,4.500,29850.28,3.686,0.0,114.20
2024-01-01 00:46:07.500,BTCUSDT,BINANCE_USDT,29847.99,0.5182,29847.24,2.166,29848.73,4.076,0.0,186.77
2024-01-01 00:46:08.000,BTCUSDT,BINANCE_USDT,29848.67,0.3241,29847.17,1.850,29848.67,1.992,0.0,102.40
2024-01-01 00:46:08.500,BTCUSDT,BINANCE_USDT,29847.71,0.7938,29847.71,2.989,29849.20,3.340,0.0,138.41
2024-01-01 00:46:09.000,BTCUSDT,BINANCE_USDT,29849.82,1.8786,29848.33,0.987,29849.82,2.680,0.0,133.18
2024-01-01 00:46:09.500,BTCUSDT,BINANCE_USDT,29850.04,1.0161,29848.55,2.215,29850.04,2.658,0.0,182.28
2024-01-01 00:46:10.000,BTCUSDT,BINANCE_USDT,29849.52,1.3691,29848.03,0.549,29849.52,3.416,0.0,162.31
2024-01-01 00:46:10.500,BTCUSDT,BINANCE_USDT,29848.30,0.8438,29848.30,1.873,29849.80,1.478,0.0,168.10
2024-01-01 00:46:11.000,BTCUSDT,BINANCE_USDT,29850.60,1.7399,29849.86,2.425,29851.35,4.425,0.0,185.48
2024-01-01 00:46:11.500,BTCUSDT,BINANCE_USDT,29850.31,1.5639,29850.31,3.786,29851.80,1.509,0.0,143.67
2024-01-01 00:46:12.000,BTCUSDT,BINANCE_USDT,29851.06,0.2897,29851.06,3.411,29852.55,2.139,0.0,110.80
2024-01-01 00:46:12.500,BTCUSDT,BINANCE_USDT,29851.38,0.4439,29849.89,4.840,29851.38,3.630,0.0,163.56
2024-01-01 00:46:13.000,BTCUSDT,BINANCE_USDT,29850.26,1.3783,29849.51,1.728,29851.01,2.751,0.0,121.20
2024-01-01 00:46:13.500,BTCUSDT,BINANCE_USDT,29848.11,1.0159,29848.11,4.934,29849.60,4.150,0.0,158.68
2024-01-01 00:46:14.000,BTCUSDT,BINANCE_USDT,29845.04,0.7512,29845.04,4.983,29846.54,3.002,0.0,135.99
2024-01-01 00:46:14.500,BTCUSDT,BINANCE_USDT,29845.01,0.0722,29844.26,3.958,29845.75,3.681,0.0,196.90
2024-01-01 00:46:15.000,BTCUSDT,BINANCE_USDT,29844.15,1.8448,29843.41,2.307,29844.90,0.755,0.0,107.75
2024-01-01 00:46:15.500,BTCUSDT,BINANCE_USDT,29844.22,0.6740,29842.73,4.780,29844.22,3.041,0.0,119.16
2024-01-01 00:46:16.000,BTCUSDT,BINANCE_USDT,29844.38,0.2363,29842.89,1.757,29844.38,3.496,0.0,160.09
2024-01-01 00:46:16.500,BTCUSDT,BINANCE_USDT,29843.64,1.1036,29842.90,0.501,29844.39,1.830,0.0,181.75
2024-01-01 00:46:17.000,BTCUSDT,BINANCE_USDT,29843.90,0.6951,29842.41,2.692,29843.90,0.573,0.0,184.06
2024-01-01 00:46:17.500,BTCUSDT,BINANCE_USDT,29841.93,1.9814,29841.93,1.934,29843.43,2.535,0.0,140.72
2024-01-01 00:46:18.000,BTCUSDT,BINANCE_USDT,29841.13,1.0062,29841.13,2.251,29842.62,1.944,0.0,158.68
2024-01-01 00:46:18.500,BTCUSDT,BINANCE_USDT,29843.33,1.1787,29841.84,2.645,29843.33,4.137,0.0,198.16
2024-01-01 00:46:19.000,BTCUSDT,BINANCE_USDT,29841.82,0.7312,29841.82,2.414,29843.31,1.208,0.0,152.76
2024-01-01 00:46:19.500,BTCUSDT,BINANCE_USDT,29841.92,1.9696,29840.42,0.572,29841.92,3.931,0.0,167.47
2024-01-01 00:46:20.000,BTCUSDT,BINANCE_USDT,29841.36,1.4740,29840.62,2.395,29842.11,4.882,0.0,152.74
2024-01-01 00:46:20.500,BTCUSDT,BINANCE_USDT,29842.74,1.9541,29842.74,4.968,29844.23,2.819,0.0,150.75
2024-01-01 00:46:21.000,BTCUSDT,BINANCE_USDT,29844.99,0.1535,29844.99,4.752,29846.48,1.809,0.0,123.41
2024-01-01 00:46:21.500,BTCUSDT,BINANCE_USDT,29844.74,0.1449,29843.25,1.278,29844.74,2.161,0.0,114.04
2024-01-01 00:46:22.000,BTCUSDT,BINANCE_USDT,29844.77,1.2497,29844.77,3.526,29846.26,2.259,0.0,101.14
2024-01-01 00:46:22.500,BTCUSDT,BINANCE_USDT,29844.70,0.9460,29844.70,0.663,29846.19,0.604,0.0,127.11
2024-01-01 00:46:23.000,BTCUSDT,BINANCE_USDT,29848.88,0.0585,29847.39,1.430,29848.88,1.847,0.0,151.57
2024-01-01 00:46:23.500,BTCUSDT,BINANCE_USDT,29848.63,0.7889,29847.13,3.254,29848.63,3.880,0.0,103.23
2024-01-01 00:46:24.000,BTCUSDT,BINANCE_USDT,29849.48,0.5452,29847.98,1.438,29849.48,3.453,0.0,140.61
2024-01-01 00:46:24.500,BTCUSDT,BINANCE_USDT,29849.25,0.8994,29847.75,2.696,29849.25,2.146,0.0,118.71
2024-01-01 00:46:25.000,BTCUSDT,BINANCE_USDT,29848.26,1.4657,29846.77,3.484,29848.26,1.421,0.0,157.10
2024-01-01 00:46:25.500,BTCUSDT,BINANCE_USDT,29848.44,1.0147,29846.94,3.916,29848.44,2.207,0.0,129.31
2024-01-01 00:46:26.000,BTCUSDT,BINANCE_USDT,29847.71,1.7979,29846.97,1.385,29848.46,1.847,0.0,131.47
2024-01-01 00:46:26.500,BTCUSDT,BINANCE_USDT,29849.12,0.7082,29847.62,1.672,29849.12,2.968,0.0,148.61
2024-01-01 00:46:27.000,BTCUSDT,BINANCE_USDT,29849.46,0.2416,29847.96,3.383,29849.46,1.548,0.0,168.48
2024-01-01 00:46:27.500,BTCUSDT,BINANCE_USDT,29850.01,1.1176,29848.52,3.327,29850.01,0.752,0.0,131.36
2024-01-01 00:46:28.000,BTCUSDT,BINANCE_USDT,29848.29,0.6668,29848.29,1.560,29849.78,3.970,0.0,163.50
2024-01-01 00:46:28.500,BTCUSDT,BINANCE_USDT,29848.56,1.8826,29847.81,1.304,29849.30,2.623,0.0,101.99
2024-01-01 00:46:29.000,BTCUSDT,BINANCE_USDT,29848.05,1.3013,29846.56,1.743,29848.05,3.051,0.0,148.85
2024-01-01 00:46:29.500,BTCUSDT,BINANCE_USDT,29847.44,0.6046,29847.44,3.436,29848.93,0.905,0.0,121.07
2024-01-01 00:46:30.000,BTCUSDT,BINANCE_USDT,29847.10,0.4745,29847.10,4.300,29848.59,1.124,0.0,184.98
2024-01-01 00:46:30.500,BTCUSDT,BINANCE_USDT,29849.65,1.6656,29848.16,2.166,29849.65,1.060,0.0,113.97
2024-01-01 00:46:31.000,BTCUSDT,BINANCE_USDT,29848.50,1.9401,29848.50,2.907,29849.99,2.518,0.0,186.46
2024-01-01 00:46:31.500,BTCUSDT,BINANCE_USDT,29849.12,0.4287,29848.38,3.045,29849.87,1.218,0.0,169.62
2024-01-01 00:46:32.000,BTCUSDT,BINANCE_USDT,29847.89,0.6346,29847.14,2.690,29848.63,1.551,0.0,172.23
2024-01-01 00:46:32.500,BTCUSDT,BINANCE_USDT,29847.43,0.2711,29847.43,2.785,29848.92,2.248,0.0,167.89
2024-01-01 00:46:33.000,BTCUSDT,BINANCE_USDT,29846.04,1.0919,29846.04,4.607,29847.54,4.313,0.0,115.03
2024-01-01 00:46:33.500,BTCUSDT,BINANCE_USDT,29845.99,1.0264,29845.99,0.623,29847.48,3.305,0.0,102.55
2024-01-01 00:46:34.000,BTCUSDT,BINANCE_USDT,29846.84,1.6774,29846.84,4.568,29848.33,3.798,0.0,198.74
2024-01-01 00:46:34.500,BTCUSDT,BINANCE_USDT,29845.87,1.4752,29845.87,3.295,29847.36,4.979,0.0,178.77
2024-01-01 00:46:35.000,BTCUSDT,BINANCE_USDT,29844.95,0.1812,29844.21,2.020,29845.70,0.758,0.0,160.18
2024-01-01 00:46:35.500,BTCUSDT,BINANCE_USDT,29842.64,0.0754,29841.90,4.861,29843.39,3.304,0.0,160.26
2024-01-01 00:46:36.000,BTCUSDT,BINANCE_USDT,29842.94,1.9826,29842.19,0.844,29843.68,2.217,0.0,139.97
2024-01-01 00:46:36.500,BTCUSDT,BINANCE_USDT,29841.26,0.0686,29841.26,4.972,29842.75,3.081,0.0,121.88
2024-01-01 00:46:37.000,BTCUSDT,BINANCE_USDT,29841.22,0.0196,29840.47,3.832,29841.96,1.556,0.0,125.53
2024-01-01 00:46:37.500,BTCUSDT,BINANCE_USDT,29841.10,0.0695,29840.35,0.678,29841.84,2.027,0.0,185.34
2024-01-01 00:46:38.000,BTCUSDT,BINANCE_USDT,29842.38,0.1582,29841.64,2.281,29843.13,3.909,0.0,109.87
2024-01-01 00:46:38.500,BTCUSDT,BINANCE_USDT,29842.64,0.0756,29842.64,2.424,29844.13,4.131,0.0,135.43
2024-01-01 00:46:39.000,BTCUSDT,BINANCE_USDT,29842.94,0.1120,29842.19,2.406,29843.68,4.600,0.0,191.16
2024-01-01 00:46:39.500,BTCUSDT,BINANCE_USDT,29844.24,0.3620,29842.75,1.635,29844.24,4.139,0.0,150.55
2024-01-01 00:46:40.000,BTCUSDT,BINANCE_USDT,29841.78,0.1933,29841.78,1.499,29843.27,3.818,0.0,154.81
2024-01-01 00:46:40.500,BTCUSDT,BINANCE_USDT,29840.83,0.4781,29840.83,2.193,29842.32,3.291,0.0,112.17
2024-01-01 00:46:41.000,BTCUSDT,BINANCE_USDT,29842.29,0.7764,29841.54,1.117,29843.04,2.250,0.0,157.76
2024-01-01 00:46:41.500,BTCUSDT,BINANCE_USDT,29844.61,1.0252,29843.86,4.186,29845.36,1.458,0.0,172.21
2024-01-01 00:46:42.000,BTCUSDT,BINANCE_USDT,29845.43,1.2321,29844.69,3.983,29846.18,2.500,0.0,174.18
2024-01-01 00:46:42.500,BTCUSDT,BINANCE_USDT,29844.60,1.9947,29844.60,0.520,29846.09,4.701,0.0,143.56
2024-01-01 00:46:43.000,BTCUSDT,BINANCE_USDT,29845.32,0.2248,29844.57,2.514,29846.06,2.031,0.0,157.99
2024-01-01 00:46:43.500,BTCUSDT,BINANCE_USDT,29845.89,1.7559,29845.89,2.578,29847.39,4.636,0.0,107.53
2024-01-01 00:46:44.000,BTCUSDT,BINANCE_USDT,29846.84,0.9264,29846.84,1.512,29848.33,1.664,0.0,172.28
2024-01-01 00:46:44.500,BTCUSDT,BINANCE_USDT,29847.67,0.5141,29846.92,2.561,29848.42,4.319,0.0,189.16
2024-01-01 00:46:45.000,BTCUSDT,BINANCE_USDT,29849.26,1.7645,29847.77,2.274,29849.26,1.746,0.0,157.87
2024-01-01 00:46:45.500,BTCUSDT,BINANCE_USDT,29846.45,1.0886,29846.45,4.197,29847.94,2.900,0.0,185.96
2024-01-01 00:46:46.000,BTCUSDT,BINANCE_USDT,29848.61,1.6498,29847.87,1.084,29849.36,4.143,0.0,184.46
2024-01-01 00:46:46.500,BTCUSDT,BINANCE_USDT,29847.80,1.1375,29847.80,2.901,29849.29,2.343,0.0,168.33
2024-01-01 00:46:47.000,BTCUSDT,BINANCE_USDT,29847.75,1.0174,29846.26,0.570,29847.75,0.839,0.0,190.50
2024-01-01 00:46:47.500,BTCUSDT,BINANCE_USDT,29849.94,1.4443,29848.45,0.938,29849.94,2.730,0.0,110.65
2024-01-01 00:46:48.000,BTCUSDT,BINANCE_USDT,29848.84,0.9848,29848.09,3.634,29849.59,2.195,0.0,157.20
2024-01-01 00:46:48.500,BTCUSDT,BINANCE_USDT,29850.12,0.2134,29848.63,3.584,29850.12,1.875,0.0,197.59
2024-01-01 00:46:49.000,BTCUSDT,BINANCE_USDT,29849.23,0.9955,29849.23,2.208,29850.72,2.775,0.0,108.78
2024-01-01 00:46:49.500,BTCUSDT,BINANCE_USDT,29851.26,0.8331,29849.76,1.485,29851.26,2.105,0.0,157.56
2024-01-01 00:46:50.000,BTCUSDT,BINANCE_USDT,29852.94,0.6714,29851.45,4.084,29852.94,1.820,0.0,193.42
2024-01-01 00:46:50.500,BTCUSDT,BINANCE_USDT,29852.34,1.9336,29852.34,2.853,29853.84,3.169,0.0,161.23
2024-01-01 00:46:51.000,BTCUSDT,BINANCE_USDT,29853.71,0.4427,29852.96,3.715,29854.46,2.009,0.0,195.83
2024-01-01 00:46:51.500,BTCUSDT,BINANCE_USDT,29853.69,0.9907,29852.95,4.077,29854.44,3.730,0.0,152.48
2024-01-01 00:46:52.000,BTCUSDT,BINANCE_USDT,29851.82,0.9775,29851.82,1.113,29853.31,1.014,0.0,190.97
2024-01-01 00:46:52.500,BTCUSDT,BINANCE_USDT,29852.20,0.8243,29852.20,0.608,29853.69,4.583,0.0,180.00
2024-01-01 00:46:53.000,BTCUSDT,BINANCE_USDT,29853.02,1.0833,29853.02,4.057,29854.51,1.696,0.0,158.50
2024-01-01 00:46:53.500,BTCUSDT,BINANCE_USDT,29856.43,0.4937,29856.43,4.250,29857.93,3.267,0.0,106.34
2024-01-01 00:46:54.000,BTCUSDT,BINANCE_USDT,29858.86,1.7985,29857.36,2.865,29858.86,0.644,0.0,141.11
2024-01-01 00:46:54.500,BTCUSDT,BINANCE_USDT,29858.40,1.5914,29856.91,3.088,29858.40,2.971,0.0,181.85
2024-01-01 00:46:55.000,BTCUSDT,BINANCE_USDT,29857.71,1.5263,29857.71,2.711,29859.21,4.243,0.0,106.09
2024-01-01 00:46:55.500,BTCUSDT,BINANCE_USDT,29858.15,0.0819,29856.66,4.889,29858.15,3.019,0.0,112.62
2024-01-01 00:46:56.000,BTCUSDT,BINANCE_USDT,29856.98,0.1000,29856.98,4.847,29858.47,3.386,0.0,143.34
2024-01-01 00:46:56.500,BTCUSDT,BINANCE_USDT,29858.71,1.0305,29857.22,1.655,29858.71,4.669,0.0,175.14
2024-01-01 00:46:57.000,BTCUSDT,BINANCE_USDT,29856.69,0.8318,29856.69,3.464,29858.18,3.126,0.0,171.98
2024-01-01 00:46:57.500,BTCUSDT,BINANCE_USDT,29858.15,0.3770,29858.15,4.506,29859.64,1.958,0.0,115.04
2024-01-01 00:46:58.000,BTCUSDT,BINANCE_USDT,29859.64,1.8374,29858.89,1.771,29860.39,3.067,0.0,119.28
2024-01-01 00:46:58.500,BTCUSDT,BINANCE_USDT,29858.57,1.7932,29858.57,1.261,29860.06,3.034,0.0,190.26
2024-01-01 00:46:59.000,BTCUSDT,BINANCE_USDT,29858.73,1.6879,29857.24,1.268,29858.73,2.324,0.0,134.95
2024-01-01 00:46:59.500,BTCUSDT,BINANCE_USDT,29856.16,0.0545,29856.16,1.943,29857.65,1.051,0.0,184.30
2024-01-01 00:47:00.000,BTCUSDT,BINANCE_USDT,29856.41,0.3460,29855.67,3.812,29857.16,1.493,0.0,158.50
2024-01-01 00:47:00.500,BTCUSDT,BINANCE_USDT,29855.56,0.5090,29855.56,1.368,29857.05,4.347,0.0,180.53
2024-01-01 00:47:01.000,BTCUSDT,BINANCE_USDT,29856.23,0.4819,29855.49,3.456,29856.98,3.886,0.0,133.58
2024-01-01 00:47:01.500,BTCUSDT,BINANCE_USDT,29855.33,1.2269,29854.58,2.632,29856.08,1.945,0.0,199.45
2024-01-01 00:47:02.000,BTCUSDT,BINANCE_USDT,29856.39,0.4668,29854.90,3.976,29856.39,4.224,0.0,148.49
2024-01-01 00:47:02.500,BTCUSDT,BINANCE_USDT,29856.48,0.6990,29856.48,2.002,29857.97,2.355,0.0,194.36
2024-01-01 00:47:03.000,BTCUSDT,BINANCE_USDT,29858.37,1.2438,29857.62,1.942,29859.11,1.710,0.0,106.95
2024-01-01 00:47:03.500,BTCUSDT,BINANCE_USDT,29858.82,1.0302,29858.08,2.680,29859.57,4.189,0.0,122.86
2024-01-01 00:47:04.000,BTCUSDT,BINANCE_USDT,29858.05,1.5049,29857.30,4.594,29858.80,3.029,0.0,115.79
2024-01-01 00:47:04.500,BTCUSDT,BINANCE_USDT,29859.63,0.6660,29858.13,4.805,29859.63,0.586,0.0,108.77
2024-01-01 00:47:05.000,BTCUSDT,BINANCE_USDT,29859.22,1.3823,29858.47,4.133,29859.96,4.793,0.0,152.30
2024-01-01 00:47:05.500,BTCUSDT,BINANCE_USDT,29858.48,0.1133,29858.48,4.167,29859.98,1.134,0.0,174.91
2024-01-01 00:47:06.000,BTCUSDT,BINANCE_USDT,29859.96,1.1193,29858.46,2.116,29859.96,1.167,0.0,122.79
2024-01-01 00:47:06.500,BTCUSDT,BINANCE_USDT,29859.26,0.1144,29858.51,4.456,29860.01,1.034,0.0,135.42
2024-01-01 00:47:07.000,BTCUSDT,BINANCE_USDT,29860.59,1.4219,29860.59,4.528,29862.08,1.060,0.0,148.43
2024-01-01 00:47:07.500,BTCUSDT,BINANCE_USDT,29859.29,1.7653,29859.29,2.959,29860.79,3.577,0.0,118.30
2024-01-01 00:47:08.000,BTCUSDT,BINANCE_USDT,29861.62,0.8323,29860.87,3.172,29862.37,1.875,0.0,147.40
2024-01-01 00:47:08.500,BTCUSDT,BINANCE_USDT,29862.49,0.2912,29862.49,0.810,29863.98,3.486,0.0,139.37
2024-01-01 00:47:09.000,BTCUSDT,BINANCE_USDT,29864.62,1.6713,29863.12,3.294,29864.62,1.783,0.0,140.36
2024-01-01 00:47:09.500,BTCUSDT,BINANCE_USDT,29862.38,1.7483,29861.64,2.704,29863.13,3.735,0.0,117.32
2024-01-01 00:47:10.000,BTCUSDT,BINANCE_USDT,29861.71,1.6608,29860.22,0.614,29861.71,1.617,0.0,149.12
2024-01-01 00:47:10.500,BTCUSDT,BINANCE_USDT,29859.74,0.6743,29858.24,0.817,29859.74,4.916,0.0,141.22
2024-01-01 00:47:11.000,BTCUSDT,BINANCE_USDT,29858.76,0.3350,29858.76,4.299,29860.25,2.682,0.0,116.81
2024-01-01 00:47:11.500,BTCUSDT,BINANCE_USDT,29860.48,0.4351,29859.74,4.926,29861.23,2.281,0.0,137.30
2024-01-01 00:47:12.000,BTCUSDT,BINANCE_USDT,29859.04,0.4618,29858.29,4.185,29859.79,0.972,0.0,120.72
2024-01-01 00:47:12.500,BTCUSDT,BINANCE_USDT,29858.72,0.3368,29858.72,3.953,29860.21,4.861,0.0,144.41
2024-01-01 00:47:13.000,BTCUSDT,BINANCE_USDT,29860.73,1.6468,29859.24,4.735,29860.73,4.066,0.0,110.20
2024-01-01 00:47:13.500,BTCUSDT,BINANCE_USDT,29860.00,1.9992,29860.00,3.459,29861.49,3.727,0.0,161.27
2024-01-01 00:47:14.000,BTCUSDT,BINANCE_USDT,29860.65,1.3170,29859.91,1.244,29861.40,3.156,0.0,191.93
2024-01-01 00:47:14.500,BTCUSDT,BINANCE_USDT,29860.95,0.8444,29859.45,1.943,29860.95,3.605,0.0,125.47
2024-01-01 00:47:15.000,BTCUSDT,BINANCE_USDT,29859.51,0.6792,29858.77,3.767,29860.26,2.812,0.0,104.24
2024-01-01 00:47:15.500,BTCUSDT,BINANCE_USDT,29858.56,1.1612,29857.81,2.328,29859.31,4.719,0.0,175.70
2024-01-01 00:47:16.000,BTCUSDT,BINANCE_USDT,29857.08,0.6885,29855.59,1.569,29857.08,4.179,0.0,127.96
2024-01-01 00:47:16.500,BTCUSDT,BINANCE_USDT,29855.57,1.0421,29855.57,2.007,29857.07,4.884,0.0,128.73
2024-01-01 00:47:17.000,BTCUSDT,BINANCE_USDT,29857.96,0.0656,29856.47,3.704,29857.96,4.999,0.0,183.77
2024-01-01 00:47:17.500,BTCUSDT,BINANCE_USDT,29858.17,1.5352,29857.43,0.917,29858.92,3.436,0.0,101.82
2024-01-01 00:47:18.000,BTCUSDT,BINANCE_USDT,29858.41,0.5085,29858.41,1.548,29859.90,4.823,0.0,149.47
2024-01-01 00:47:18.500,BTCUSDT,BINANCE_USDT,29858.60,0.4424,29858.60,2.497,29860.09,3.160,0.0,116.11
2024-01-01 00:47:19.000,BTCUSDT,BINANCE_USDT,29859.07,0.5298,29858.33,3.223,29859.82,3.982,0.0,166.65
2024-01-01 00:47:19.500,BTCUSDT,BINANCE_USDT,29858.61,1.9658,29857.12,1.120,29858.61,4.813,0.0,111.04
2024-01-01 00:47:20.000,BTCUSDT,BINANCE_USDT,29858.18,0.5035,29856.68,3.358,29858.18,4.108,0.0,167.44
2024-01-01 00:47:20.500,BTCUSDT,BINANCE_USDT,29856.58,1.6092,29856.58,0.746,29858.07,2.360,0.0,114.79
2024-01-01 00:47:21.000,BTCUSDT,BINANCE_USDT,29859.71,0.0340,29858.97,0.682,29860.46,3.911,0.0,135.59
2024-01-01 00:47:21.500,BTCUSDT,BINANCE_USDT,29859.93,0.4445,29859.93,4.119,29861.42,3.285,0.0,127.10
2024-01-01 00:47:22.000,BTCUSDT,BINANCE_USDT,29863.21,1.0825,29862.46,0.923,29863.95,1.605,0.0,169.65
2024-01-01 00:47:22.500,BTCUSDT,BINANCE_USDT,29865.80,1.6414,29864.31,1.978,29865.80,2.568,0.0,120.81
2024-01-01 00:47:23.000,BTCUSDT,BINANCE_USDT,29867.00,0.6371,29866.25,3.334,29867.74,2.247,0.0,198.71
2024-01-01 00:47:23.500,BTCUSDT,BINANCE_USDT,29867.86,1.0861,29866.37,2.057,29867.86,1.212,0.0,168.80
2024-01-01 00:47:24.000,BTCUSDT,BINANCE_USDT,29865.71,0.5423,29864.96,2.375,29866.45,2.444,0.0,133.76
2024-01-01 00:47:24.500,BTCUSDT,BINANCE_USDT,29867.92,0.8647,29866.42,1.367,29867.92,4.274,0.0,195.62
2024-01-01 00:47:25.000,BTCUSDT,BINANCE_USDT,29866.03,0.0891,29865.29,3.257,29866.78,3.461,0.0,154.01
2024-01-01 00:47:25.500,BTCUSDT,BINANCE_USDT,29867.34,1.0327,29866.60,1.130,29868.09,2.731,0.0,144.15
2024-01-01 00:47:26.000,BTCUSDT,BINANCE_USDT,29867.24,0.1516,29867.24,3.342,29868.73,2.932,0.0,150.78
2024-01-01 00:47:26.500,BTCUSDT,BINANCE_USDT,29867.20,1.9647,29867.20,3.608,29868.69,4.528,0.0,182.98
2024-01-01 00:47:27.000,BTCUSDT,BINANCE_USDT,29869.78,1.3579,29868.29,3.708,29869.78,2.571,0.0,117.81
2024-01-01 00:47:27.500,BTCUSDT,BINANCE_USDT,29868.63,0.3394,29868.63,1.461,29870.13,1.439,0.0,148.82
2024-01-01 00:47:28.000,BTCUSDT,BINANCE_USDT,29867.56,0.4217,29867.56,2.820,29869.05,2.990,0.0,176.57
2024-01-01 00:47:28.500,BTCUSDT,BINANCE_USDT,29868.07,0.1278,29866.58,3.377,29868.07,0.753,0.0,158.77
2024-01-01 00:47:29.000,BTCUSDT,BINANCE_USDT,29867.74,1.2057,29867.74,1.661,29869.23,4.847,0.0,126.07
2024-01-01 00:47:29.500,BTCUSDT,BINANCE_USDT,29868.48,1.7216,29867.74,0.914,29869.23,0.670,0.0,166.00
2024-01-01 00:47:30.000,BTCUSDT,BINANCE_USDT,29869.58,0.4561,29868.84,2.150,29870.33,1.885,0.0,120.28
2024-01-01 00:47:30.500,BTCUSDT,BINANCE_USDT,29869.64,0.3433,29868.15,3.710,29869.64,4.984,0.0,186.37
2024-01-01 00:47:31.000,BTCUSDT,BINANCE_USDT,29868.53,1.9862,29867.04,2.674,29868.53,4.831,0.0,190.86
2024-01-01 00:47:31.500,BTCUSDT,BINANCE_USDT,29866.60,0.0265,29865.85,1.948,29867.35,3.586,0.0,170.19
2024-01-01 00:47:32.000,BTCUSDT,BINANCE_USDT,29867.52,0.4238,29866.77,2.147,29868.26,2.523,0.0,175.12
2024-01-01 00:47:32.500,BTCUSDT,BINANCE_USDT,29867.84,1.8510,29866.34,1.584,29867.84,2.416,0.0,138.15
2024-01-01 00:47:33.000,BTCUSDT,BINANCE_USDT,29868.81,0.1787,29868.81,1.559,29870.31,0.956,0.0,110.01
2024-01-01 00:47:33.500,BTCUSDT,BINANCE_USDT,29867.25,0.2091,29867.25,4.827,29868.74,4.506,0.0,139.11
2024-01-01 00:47:34.000,BTCUSDT,BINANCE_USDT,29866.46,1.3739,29865.72,1.153,29867.21,1.959,0.0,153.99
2024-01-01 00:47:34.500,BTCUSDT,BINANCE_USDT,29866.48,1.0206,29864.98,1.769,29866.48,1.718,0.0,181.25
2024-01-01 00:47:35.000,BTCUSDT,BINANCE_USDT,29864.15,1.0536,29863.40,0.704,29864.89,4.078,0.0,106.38
2024-01-01 00:47:35.500,BTCUSDT,BINANCE_USDT,29865.69,0.0371,29864.19,4.597,29865.69,4.077,0.0,120.37
2024-01-01 00:47:36.000,BTCUSDT,BINANCE_USDT,29863.44,1.3701,29863.44,3.360,29864.93,4.853,0.0,128.63
2024-01-01 00:47:36.500,BTCUSDT,BINANCE_USDT,29864.65,1.8590,29864.65,1.263,29866.14,3.764,0.0,108.46
2024-01-01 00:47:37.000,BTCUSDT,BINANCE_USDT,29863.75,0.6005,29862.26,1.525,29863.75,1.272,0.0,113.22
2024-01-01 00:47:37.500,BTCUSDT,BINANCE_USDT,29861.89,1.0080,29860.40,2.911,29861.89,3.041,0.0,183.26
2024-01-01 00:47:38.000,BTCUSDT,BINANCE_USDT,29859.20,1.5295,29858.46,2.852,29859.95,3.878,0.0,135.88
2024-01-01 00:47:38.500,BTCUSDT,BINANCE_USDT,29859.42,0.4637,29858.68,4.622,29860.17,4.611,0.0,105.54
2024-01-01 00:47:39.000,BTCUSDT,BINANCE_USDT,29858.57,0.5613,29857.82,3.915,29859.32,1.771,0.0,167.25
2024-01-01 00:47:39.500,BTCUSDT,BINANCE_USDT,29857.19,0.5649,29857.19,3.976,29858.69,3.066,0.0,108.51
2024-01-01 00:47:40.000,BTCUSDT,BINANCE_USDT,29857.28,1.8895,29857.28,2.207,29858.77,3.312,0.0,103.05
2024-01-01 00:47:40.500,BTCUSDT,BINANCE_USDT,29857.99,1.9810,29857.25,4.429,29858.74,1.190,0.0,144.94
2024-01-01 00:47:41.000,BTCUSDT,BINANCE_USDT,29856.51,1.2818,29856.51,1.649,29858.00,4.447,0.0,145.01
2024-01-01 00:47:41.500,BTCUSDT,BINANCE_USDT,29856.76,1.6414,29856.76,1.063,29858.25,4.525,0.0,145.58
2024-01-01 00:47:42.000,BTCUSDT,BINANCE_USDT,29856.78,0.4657,29855.29,3.225,29856.78,3.044,0.0,148.34
2024-01-01 00:47:42.500,BTCUSDT,BINANCE_USDT,29855.73,0.7821,29855.73,1.566,29857.22,0.950,0.0,145.82
2024-01-01 00:47:43.000,BTCUSDT,BINANCE_USDT,29856.89,1.6955,29856.89,0.666,29858.38,1.912,0.0,177.21
2024-01-01 00:47:43.500,BTCUSDT,BINANCE_USDT,29859.07,1.2580,29857.58,2.494,29859.07,2.322,0.0,109.58
2024-01-01 00:47:44.000,BTCUSDT,BINANCE_USDT,29856.93,0.1515,29856.93,2.200,29858.42,0.578,0.0,106.40
2024-01-01 00:47:44.500,BTCUSDT,BINANCE_USDT,29857.39,0.5447,29857.39,3.639,29858.88,1.597,0.0,147.54
2024-01-01 00:47:45.000,BTCUSDT,BINANCE_USDT,29857.15,0.5206,29857.15,1.464,29858.64,3.008,0.0,119.42
2024-01-01 00:47:45.500,BTCUSDT,BINANCE_USDT,29857.40,1.1332,29857.40,2.785,29858.90,1.880,0.0,184.63
2024-01-01 00:47:46.000,BTCUSDT,BINANCE_USDT,29861.38,0.3530,29859.88,4.076,29861.38,4.607,0.0,177.98
2024-01-01 00:47:46.500,BTCUSDT,BINANCE_USDT,29860.25,0.6633,29860.25,0.943,29861.74,4.471,0.0,170.61
2024-01-01 00:47:47.000,BTCUSDT,BINANCE_USDT,29862.12,1.3286,29861.37,0.855,29862.87,1.605,0.0,131.99
2024-01-01 00:47:47.500,BTCUSDT,BINANCE_USDT,29865.12,0.4475,29863.63,1.428,29865.12,2.597,0.0,156.98
2024-01-01 00:47:48.000,BTCUSDT,BINANCE_USDT,29863.95,0.3264,29862.46,0.940,29863.95,1.125,0.0,101.31
2024-01-01 00:47:48.500,BTCUSDT,BINANCE_USDT,29863.13,1.1366,29863.13,1.896,29864.62,4.252,0.0,128.51
2024-01-01 00:47:49.000,BTCUSDT,BINANCE_USDT,29863.05,0.3662,29863.05,2.673,29864.55,1.851,0.0,127.00
2024-01-01 00:47:49.500,BTCUSDT,BINANCE_USDT,29862.47,1.5885,29862.47,1.119,29863.97,2.732,0.0,186.91
2024-01-01 00:47:50.000,BTCUSDT,BINANCE_USDT,29861.47,0.0816,29860.73,2.530,29862.22,4.997,0.0,169.64
2024-01-01 00:47:50.500,BTCUSDT,BINANCE_USDT,29861.03,1.8336,29860.28,3.353,29861.77,0.799,0.0,189.27
2024-01-01 00:47:51.000,BTCUSDT,BINANCE_USDT,29860.87,1.6865,29859.38,2.452,29860.87,3.209,0.0,131.05
2024-01-01 00:47:51.500,BTCUSDT,BINANCE_USDT,29859.34,1.7499,29857.85,1.879,29859.34,2.806,0.0,164.13
2024-01-01 00:47:52.000,BTCUSDT,BINANCE_USDT,29855.77,1.3280,29855.77,4.124,29857.27,1.664,0.0,113.58
2024-01-01 00:47:52.500,BTCUSDT,BINANCE_USDT,29857.34,0.6274,29857.34,0.843,29858.83,2.365,0.0,191.23
2024-01-01 00:47:53.000,BTCUSDT,BINANCE_USDT,29856.75,0.2306,29856.01,4.644,29857.50,3.056,0.0,102.79
2024-01-01 00:47:53.500,BTCUSDT,BINANCE_USDT,29857.85,1.8843,29856.35,3.593,29857.85,4.007,0.0,157.18
2024-01-01 00:47:54.000,BTCUSDT,BINANCE_USDT,29856.59,1.2315,29855.84,1.297,29857.34,3.722,0.0,122.70
2024-01-01 00:47:54.500,BTCUSDT,BINANCE_USDT,29859.68,1.9489,29858.19,4.272,29859.68,2.119,0.0,150.84
2024-01-01 00:47:55.000,BTCUSDT,BINANCE_USDT,29858.12,1.0885,29856.63,1.000,29858.12,2.338,0.0,102.30
2024-01-01 00:47:55.500,BTCUSDT,BINANCE_USDT,29857.26,1.3059,29857.26,3.569,29858.75,0.626,0.0,104.31
2024-01-01 00:47:56.000,BTCUSDT,BINANCE_USDT,29854.16,1.1321,29854.16,3.939,29855.66,3.582,0.0,121.32
2024-01-01 00:47:56.500,BTCUSDT,BINANCE_USDT,29857.15,1.8908,29856.40,4.193,29857.89,2.138,0.0,139.74
2024-01-01 00:47:57.000,BTCUSDT,BINANCE_USDT,29856.78,1.2457,29856.03,3.349,29857.52,4.398,0.0,169.33
2024-01-01 00:47:57.500,BTCUSDT,BINANCE_USDT,29855.30,0.2328,29853.81,2.757,29855.30,4.576,0.0,106.27
2024-01-01 00:47:58.000,BTCUSDT,BINANCE_USDT,29855.16,0.5717,29854.42,4.086,29855.91,2.836,0.0,101.09
2024-01-01 00:47:58.500,BTCUSDT,BINANCE_USDT,29855.68,1.2579,29854.93,1.035,29856.42,1.754,0.0,182.79
2024-01-01 00:47:59.000,BTCUSDT,BINANCE_USDT,29854.20,1.5560,29854.20,4.642,29855.69,2.722,0.0,144.55
2024-01-01 00:47:59.500,BTCUSDT,BINANCE_USDT,29855.07,0.3113,29853.58,2.002,29855.07,4.999,0.0,197.25
2024-01-01 00:48:00.000,BTCUSDT,BINANCE_USDT,29853.65,0.8601,29853.65,3.144,29855.14,2.991,0.0,147.33
2024-01-01 00:48:00.500,BTCUSDT,BINANCE_USDT,29853.71,0.5711,29853.71,2.699,29855.21,0.585,0.0,128.14
2024-01-01 00:48:01.000,BTCUSDT,BINANCE_USDT,29853.51,1.8529,29852.76,3.969,29854.25,0.880,0.0,183.78
2024-01-01 00:48:01.500,BTCUSDT,BINANCE_USDT,29854.91,0.1127,29853.42,3.113,29854.91,3.108,0.0,172.01
2024-01-01 00:48:02.000,BTCUSDT,BINANCE_USDT,29854.35,0.8255,29853.60,2.338,29855.09,0.983,0.0,187.32
2024-01-01 00:48:02.500,BTCUSDT,BINANCE_USDT,29855.41,1.7303,29853.92,2.462,29855.41,3.971,0.0,163.99
2024-01-01 00:48:03.000,BTCUSDT,BINANCE_USDT,29853.41,1.7243,29853.41,3.382,29854.90,4.329,0.0,194.29
2024-01-01 00:48:03.500,BTCUSDT,BINANCE_USDT,29854.67,0.8375,29853.18,1.390,29854.67,1.478,0.0,124.71
2024-01-01 00:48:04.000,BTCUSDT,BINANCE_USDT,29853.07,1.3997,29852.33,2.831,29853.82,2.743,0.0,166.51
2024-01-01 00:48:04.500,BTCUSDT,BINANCE_USDT,29852.09,1.8168,29850.60,4.042,29852.09,4.269,0.0,110.33
2024-01-01 00:48:05.000,BTCUSDT,BINANCE_USDT,29852.05,1.7463,29851.30,3.554,29852.80,2.537,0.0,185.33
2024-01-01 00:48:05.500,BTCUSDT,BINANCE_USDT,29851.55,0.5311,29851.55,3.671,29853.04,4.534,0.0,182.72
2024-01-01 00:48:06.000,BTCUSDT,BINANCE_USDT,29853.63,0.2001,29853.63,0.619,29855.12,0.900,0.0,123.37
2024-01-01 00:48:06.500,BTCUSDT,BINANCE_USDT,29851.46,0.0707,29849.96,4.479,29851.46,0.606,0.0,158.70
2024-01-01 00:48:07.000,BTCUSDT,BINANCE_USDT,29850.53,1.7757,29850.53,4.580,29852.02,3.070,0.0,135.90
2024-01-01 00:48:07.500,BTCUSDT,BINANCE_USDT,29850.24,1.3873,29850.24,0.915,29851.74,1.382,0.0,146.61
2024-01-01 00:48:08.000,BTCUSDT,BINANCE_USDT,29849.48,1.1525,29849.48,3.501,29850.97,3.973,0.0,197.67
2024-01-01 00:48:08.500,BTCUSDT,BINANCE_USDT,29851.09,1.9556,29849.60,4.723,29851.09,4.137,0.0,159.16
2024-01-01 00:48:09.000,BTCUSDT,BINANCE_USDT,29849.72,0.8365,29849.72,3.525,29851.21,3.591,0.0,158.34
2024-01-01 00:48:09.500,BTCUSDT,BINANCE_USDT,29851.27,1.7416,29850.53,4.764,29852.02,2.027,0.0,157.42
2024-01-01 00:48:10.000,BTCUSDT,BINANCE_USDT,29851.23,0.7760,29849.73,1.220,29851.23,2.270,0.0,103.15
2024-01-01 00:48:10.500,BTCUSDT,BINANCE_USDT,29848.36,0.2133,29848.36,2.537,29849.85,3.056,0.0,140.76
2024-01-01 00:48:11.000,BTCUSDT,BINANCE_USDT,29851.47,1.1060,29849.98,1.764,29851.47,0.558,0.0,156.57
2024-01-01 00:48:11.500,BTCUSDT,BINANCE_USDT,29849.96,1.4374,29849.22,3.841,29850.71,1.322,0.0,149.14
2024-01-01 00:48:12.000,BTCUSDT,BINANCE_USDT,29851.73,0.1939,29850.99,0.825,29852.48,1.021,0.0,121.39
2024-01-01 00:48:12.500,BTCUSDT,BINANCE_USDT,29852.88,1.0884,29852.13,1.292,29853.63,0.603,0.0,104.87
2024-01-01 00:48:13.000,BTCUSDT,BINANCE_USDT,29852.61,0.5396,29851.87,3.663,29853.36,1.387,0.0,163.42
2024-01-01 00:48:13.500,BTCUSDT,BINANCE_USDT,29850.28,1.1424,29850.28,1.993,29851.77,2.859,0.0,108.83
2024-01-01 00:48:14.000,BTCUSDT,BINANCE_USDT,29848.34,1.4256,29848.34,3.724,29849.84,4.849,0.0,181.75
2024-01-01 00:48:14.500,BTCUSDT,BINANCE_USDT,29848.78,0.4497,29847.29,1.194,29848.78,1.472,0.0,189.36
2024-01-01 00:48:15.000,BTCUSDT,BINANCE_USDT,29847.84,0.9054,29846.35,3.245,29847.84,4.390,0.0,172.64
2024-01-01 00:48:15.500,BTCUSDT,BINANCE_USDT,29850.02,1.9310,29848.53,2.449,29850.02,1.351,0.0,169.17
2024-01-01 00:48:16.000,BTCUSDT,BINANCE_USDT,29849.53,1.3455,29848.04,1.426,29849.53,1.518,0.0,170.54
2024-01-01 00:48:16.500,BTCUSDT,BINANCE_USDT,29849.27,1.2511,29849.27,2.212,29850.77,4.789,0.0,190.82
2024-01-01 00:48:17.000,BTCUSDT,BINANCE_USDT,29849.51,1.3686,29848.76,4.564,29850.26,0.735,0.0,174.03
2024-01-01 00:48:17.500,BTCUSDT,BINANCE_USDT,29850.27,1.1839,29849.52,3.574,29851.01,3.712,0.0,110.63
2024-01-01 00:48:18.000,BTCUSDT,BINANCE_USDT,29850.89,0.6084,29850.89,3.699,29852.38,0.642,0.0,123.94
2024-01-01 00:48:18.500,BTCUSDT,BINANCE_USDT,29852.47,0.0585,29850.98,1.829,29852.47,0.510,0.0,158.43
2024-01-01 00:48:19.000,BTCUSDT,BINANCE_USDT,29850.01,1.2102,29850.01,0.539,29851.50,1.896,0.0,172.01
2024-01-01 00:48:19.500,BTCUSDT,BINANCE_USDT,29850.32,0.6009,29850.32,2.538,29851.82,3.694,0.0,186.53
2024-01-01 00:48:20.000,BTCUSDT,BINANCE_USDT,29849.06,0.2159,29849.06,3.356,29850.55,4.868,0.0,137.69
2024-01-01 00:48:20.500,BTCUSDT,BINANCE_USDT,29851.13,1.9746,29849.64,1.421,29851.13,0.820,0.0,172.54
2024-01-01 00:48:21.000,BTCUSDT,BINANCE_USDT,29851.22,0.9167,29851.22,1.916,29852.72,2.511,0.0,120.08
2024-01-01 00:48:21.500,BTCUSDT,BINANCE_USDT,29851.33,1.7789,29851.33,1.690,29852.83,3.525,0.0,155.47
2024-01-01 00:48:22.000,BTCUSDT,BINANCE_USDT,29853.91,1.4216,29852.41,1.899,29853.91,3.759,0.0,175.65
2024-01-01 00:48:22.500,BTCUSDT,BINANCE_USDT,29852.48,0.4679,29852.48,3.921,29853.97,1.736,0.0,183.75
2024-01-01 00:48:23.000,BTCUSDT,BINANCE_USDT,29853.49,0.4870,29853.49,3.984,29854.98,1.629,0.0,177.54
2024-01-01 00:48:23.500,BTCUSDT,BINANCE_USDT,29854.77,1.7798,29854.02,1.573,29855.51,1.812,0.0,185.93
2024-01-01 00:48:24.000,BTCUSDT,BINANCE_USDT,29855.21,1.5631,29854.47,4.103,29855.96,2.143,0.0,156.73
2024-01-01 00:48:24.500,BTCUSDT,BINANCE_USDT,29855.05,1.4626,29854.30,4.788,29855.79,4.546,0.0,169.39
2024-01-01 00:48:25.000,BTCUSDT,BINANCE_USDT,29854.42,1.5282,29853.67,4.817,29855.16,3.537,0.0,107.32
2024-01-01 00:48:25.500,BTCUSDT,BINANCE_USDT,29854.27,0.2756,29852.78,0.678,29854.27,0.513,0.0,128.15
2024-01-01 00:48:26.000,BTCUSDT,BINANCE_USDT,29853.79,1.3752,29853.04,1.939,29854.53,2.872,0.0,149.63
2024-01-01 00:48:26.500,BTCUSDT,BINANCE_USDT,29851.38,0.9083,29851.38,3.412,29852.88,1.015,0.0,134.55
2024-01-01 00:48:27.000,BTCUSDT,BINANCE_USDT,29853.84,0.2758,29853.84,0.668,29855.34,1.540,0.0,154.77
2024-01-01 00:48:27.500,BTCUSDT,BINANCE_USDT,29853.65,1.6279,29852.16,3.308,29853.65,1.433,0.0,183.93
2024-01-01 00:48:28.000,BTCUSDT,BINANCE_USDT,29853.11,1.6614,29853.11,4.273,29854.60,4.368,0.0,126.50
2024-01-01 00:48:28.500,BTCUSDT,BINANCE_USDT,29853.43,1.0238,29853.43,1.350,29854.93,3.690,0.0,141.76
2024-01-01 00:48:29.000,BTCUSDT,BINANCE_USDT,29854.62,0.0314,29853.12,1.771,29854.62,2.235,0.0,113.19
2024-01-01 00:48:29.500,BTCUSDT,BINANCE_USDT,29853.90,0.6243,29852.41,4.161,29853.90,4.344,0.0,142.95
2024-01-01 00:48:30.000,BTCUSDT,BINANCE_USDT,29852.89,1.9958,29852.89,4.262,29854.39,0.758,0.0,189.91
2024-01-01 00:48:30.500,BTCUSDT,BINANCE_USDT,29852.53,1.2419,29852.53,3.860,29854.03,0.547,0.0,140.41
2024-01-01 00:48:31.000,BTCUSDT,BINANCE_USDT,29852.00,0.5418,29852.00,0.806,29853.50,4.630,0.0,115.71
2024-01-01 00:48:31.500,BTCUSDT,BINANCE_USDT,29853.53,0.8385,29852.79,1.599,29854.28,1.522,0.0,103.63
2024-01-01 00:48:32.000,BTCUSDT,BINANCE_USDT,29855.17,1.3619,29854.43,2.387,29855.92,2.993,0.0,109.25
2024-01-01 00:48:32.500,BTCUSDT,BINANCE_USDT,29853.74,1.5087,29853.74,2.540,29855.23,2.809,0.0,120.98
2024-01-01 00:48:33.000,BTCUSDT,BINANCE_USDT,29853.82,1.8714,29852.32,0.515,29853.82,2.880,0.0,102.99
2024-01-01 00:48:33.500,BTCUSDT,BINANCE_USDT,29853.03,1.7593,29853.03,3.645,29854.52,3.448,0.0,104.67
2024-01-01 00:48:34.000,BTCUSDT,BINANCE_USDT,29852.67,1.3411,29851.93,1.366,29853.42,3.325,0.0,138.47
2024-01-01 00:48:34.500,BTCUSDT,BINANCE_USDT,29852.03,0.1304,29852.03,3.938,29853.52,2.018,0.0,132.68
2024-01-01 00:48:35.000,BTCUSDT,BINANCE_USDT,29853.95,0.2785,29853.20,2.431,29854.69,4.090,0.0,159.54
2024-01-01 00:48:35.500,BTCUSDT,BINANCE_USDT,29855.16,0.1553,29853.67,2.440,29855.16,0.775,0.0,148.19
2024-01-01 00:48:36.000,BTCUSDT,BINANCE_USDT,29853.50,0.3746,29852.75,3.789,29854.25,0.623,0.0,184.10
2024-01-01 00:48:36.500,BTCUSDT,BINANCE_USDT,29852.59,1.9030,29851.84,4.136,29853.33,2.758,0.0,146.96
2024-01-01 00:48:37.000,BTCUSDT,BINANCE_USDT,29853.27,0.4219,29852.53,4.875,29854.02,4.049,0.0,177.12
2024-01-01 00:48:37.500,BTCUSDT,BINANCE_USDT,29851.92,1.7298,29851.92,4.323,29853.42,1.670,0.0,121.47
2024-01-01 00:48:38.000,BTCUSDT,BINANCE_USDT,29854.88,1.5035,29853.38,2.510,29854.88,0.665,0.0,127.60
2024-01-01 00:48:38.500,BTCUSDT,BINANCE_USDT,29853.47,0.0702,29853.47,3.695,29854.96,2.859,0.0,106.47
2024-01-01 00:48:39.000,BTCUSDT,BINANCE_USDT,29855.69,0.1630,29854.95,2.095,29856.44,1.427,0.0,106.82
2024-01-01 00:48:39.500,BTCUSDT,BINANCE_USDT,29853.88,0.8167,29853.13,1.183,29854.63,1.000,0.0,164.35
2024-01-01 00:48:40.000,BTCUSDT,BINANCE_USDT,29857.18,0.1521,29855.68,3.764,29857.18,1.152,0.0,181.98
2024-01-01 00:48:40.500,BTCUSDT,BINANCE_USDT,29855.28,0.4324,29855.28,3.903,29856.77,2.896,0.0,155.14
2024-01-01 00:48:41.000,BTCUSDT,BINANCE_USDT,29854.16,0.2862,29854.16,2.142,29855.65,1.895,0.0,163.09
2024-01-01 00:48:41.500,BTCUSDT,BINANCE_USDT,29856.56,1.2993,29855.07,3.406,29856.56,3.001,0.0,114.03
2024-01-01 00:48:42.000,BTCUSDT,BINANCE_USDT,29854.56,0.4650,29853.82,1.029,29855.31,2.780,0.0,162.59
2024-01-01 00:48:42.500,BTCUSDT,BINANCE_USDT,29853.44,0.6148,29853.44,4.216,29854.93,3.555,0.0,124.43
2024-01-01 00:48:43.000,BTCUSDT,BINANCE_USDT,29856.44,0.5630,29854.95,1.309,29856.44,1.046,0.0,103.94
2024-01-01 00:48:43.500,BTCUSDT,BINANCE_USDT,29857.00,1.0402,29856.25,2.472,29857.74,1.776,0.0,139.31
2024-01-01 00:48:44.000,BTCUSDT,BINANCE_USDT,29855.14,0.0437,29855.14,1.620,29856.63,1.798,0.0,186.44
2024-01-01 00:48:44.500,BTCUSDT,BINANCE_USDT,29857.64,0.9610,29857.64,1.174,29859.13,3.765,0.0,183.63
2024-01-01 00:48:45.000,BTCUSDT,BINANCE_USDT,29858.28,1.5600,29856.78,4.517,29858.28,0.617,0.0,138.93
2024-01-01 00:48:45.500,BTCUSDT,BINANCE_USDT,29856.89,1.5606,29856.89,2.624,29858.39,2.833,0.0,149.32
2024-01-01 00:48:46.000,BTCUSDT,BINANCE_USDT,29856.06,0.0227,29856.06,2.168,29857.55,3.070,0.0,145.06
2024-01-01 00:48:46.500,BTCUSDT,BINANCE_USDT,29858.85,1.5484,29857.36,3.424,29858.85,3.261,0.0,184.81
2024-01-01 00:48:47.000,BTCUSDT,BINANCE_USDT,29858.74,0.6725,29857.24,2.702,29858.74,4.677,0.0,167.22
2024-01-01 00:48:47.500,BTCUSDT,BINANCE_USDT,29858.17,1.3768,29857.43,4.346,29858.92,2.893,0.0,197.67
2024-01-01 00:48:48.000,BTCUSDT,BINANCE_USDT,29856.17,1.4216,29855.43,3.611,29856.92,1.890,0.0,165.91
2024-01-01 00:48:48.500,BTCUSDT,BINANCE_USDT,29854.95,0.7858,29854.21,1.323,29855.70,3.853,0.0,161.40
2024-01-01 00:48:49.000,BTCUSDT,BINANCE_USDT,29854.96,1.4784,29854.96,3.545,29856.45,1.709,0.0,176.57
2024-01-01 00:48:49.500,BTCUSDT,BINANCE_USDT,29856.31,0.2249,29854.82,4.540,29856.31,4.759,0.0,114.46
2024-01-01 00:48:50.000,BTCUSDT,BINANCE_USDT,29855.27,1.2012,29855.27,1.501,29856.76,4.548,0.0,126.17
2024-01-01 00:48:50.500,BTCUSDT,BINANCE_USDT,29857.42,0.7851,29855.93,2.911,29857.42,2.241,0.0,106.89
2024-01-01 00:48:51.000,BTCUSDT,BINANCE_USDT,29857.42,0.2942,29855.93,1.416,29857.42,2.044,0.0,102.74
2024-01-01 00:48:51.500,BTCUSDT,BINANCE_USDT,29856.75,1.0635,29856.00,1.260,29857.49,3.290,0.0,122.33
2024-01-01 00:48:52.000,BTCUSDT,BINANCE_USDT,29857.18,1.1018,29857.18,1.090,29858.67,4.203,0.0,133.76
2024-01-01 00:48:52.500,BTCUSDT,BINANCE_USDT,29857.08,1.6806,29857.08,2.047,29858.57,4.523,0.0,199.60
2024-01-01 00:48:53.000,BTCUSDT,BINANCE_USDT,29859.29,1.7939,29859.29,2.857,29860.78,4.296,0.0,187.18
2024-01-01 00:48:53.500,BTCUSDT,BINANCE_USDT,29859.62,1.2435,29859.62,4.701,29861.11,3.168,0.0,167.42
2024-01-01 00:48:54.000,BTCUSDT,BINANCE_USDT,29861.18,1.1247,29860.43,2.420,29861.92,4.033,0.0,130.75
2024-01-01 00:48:54.500,BTCUSDT,BINANCE_USDT,29861.16,0.3094,29859.67,2.594,29861.16,3.718,0.0,133.71
2024-01-01 00:48:55.000,BTCUSDT,BINANCE_USDT,29861.35,1.0350,29859.86,1.329,29861.35,4.432,0.0,144.98
2024-01-01 00:48:55.500,BTCUSDT,BINANCE_USDT,29859.96,1.9717,29859.96,4.029,29861.45,4.078,0.0,114.96
2024-01-01 00:48:56.000,BTCUSDT,BINANCE_USDT,29861.81,0.9966,29860.31,4.889,29861.81,0.655,0.0,170.93
2024-01-01 00:48:56.500,BTCUSDT,BINANCE_USDT,29861.42,1.0481,29861.42,1.955,29862.92,4.496,0.0,153.08
2024-01-01 00:48:57.000,BTCUSDT,BINANCE_USDT,29861.55,0.6704,29861.55,4.017,29863.05,4.929,0.0,197.52
2024-01-01 00:48:57.500,BTCUSDT,BINANCE_USDT,29861.68,0.0024,29860.18,3.638,29861.68,3.028,0.0,182.16
2024-01-01 00:48:58.000,BTCUSDT,BINANCE_USDT,29862.04,0.1383,29860.55,3.978,29862.04,3.636,0.0,101.50
2024-01-01 00:48:58.500,BTCUSDT,BINANCE_USDT,29862.32,0.7153,29860.83,4.838,29862.32,4.828,0.0,179.20
2024-01-01 00:48:59.000,BTCUSDT,BINANCE_USDT,29861.12,0.2318,29861.12,1.035,29862.62,4.208,0.0,125.17
2024-01-01 00:48:59.500,BTCUSDT,BINANCE_USDT,29863.26,1.5547,29862.51,3.330,29864.01,4.700,0.0,177.93
2024-01-01 00:49:00.000,BTCUSDT,BINANCE_USDT,29863.68,1.3095,29862.19,1.240,29863.68,0.805,0.0,124.63
2024-01-01 00:49:00.500,BTCUSDT,BINANCE_USDT,29866.39,1.8810,29865.64,3.302,29867.13,4.205,0.0,132.61
2024-01-01 00:49:01.000,BTCUSDT,BINANCE_USDT,29866.05,0.3242,29866.05,1.505,29867.55,2.338,0.0,183.31
2024-01-01 00:49:01.500,BTCUSDT,BINANCE_USDT,29864.16,0.4557,29864.16,3.462,29865.65,2.668,0.0,189.46
2024-01-01 00:49:02.000,BTCUSDT,BINANCE_USDT,29864.37,0.5512,29864.37,4.039,29865.86,3.915,0.0,111.84
2024-01-01 00:49:02.500,BTCUSDT,BINANCE_USDT,29864.91,0.9856,29864.16,1.344,29865.65,1.904,0.0,152.94
2024-01-01 00:49:03.000,BTCUSDT,BINANCE_USDT,29867.68,1.3059,29866.94,3.069,29868.43,2.858,0.0,196.83
2024-01-01 00:49:03.500,BTCUSDT,BINANCE_USDT,29869.07,0.3365,29868.33,1.788,29869.82,2.354,0.0,166.81
2024-01-01 00:49:04.000,BTCUSDT,BINANCE_USDT,29870.63,0.0933,29869.88,4.990,29871.37,1.207,0.0,169.44
2024-01-01 00:49:04.500,BTCUSDT,BINANCE_USDT,29874.97,1.9619,29873.47,3.453,29874.97,1.050,0.0,152.19
2024-01-01 00:49:05.000,BTCUSDT,BINANCE_USDT,29873.52,1.8104,29872.77,2.549,29874.27,4.564,0.0,197.06
2024-01-01 00:49:05.500,BTCUSDT,BINANCE_USDT,29873.52,1.2072,29872.02,1.003,29873.52,1.588,0.0,126.96
2024-01-01 00:49:06.000,BTCUSDT,BINANCE_USDT,29874.71,1.5023,29873.96,1.292,29875.46,2.404,0.0,155.28
2024-01-01 00:49:06.500,BTCUSDT,BINANCE_USDT,29874.52,1.4670,29874.52,2.003,29876.02,3.723,0.0,178.69
2024-01-01 00:49:07.000,BTCUSDT,BINANCE_USDT,29876.22,0.1478,29874.73,4.437,29876.22,2.110,0.0,135.48
2024-01-01 00:49:07.500,BTCUSDT,BINANCE_USDT,29875.23,1.2827,29873.74,1.144,29875.23,0.656,0.0,195.02
2024-01-01 00:49:08.000,BTCUSDT,BINANCE_USDT,29873.46,0.0853,29873.46,4.897,29874.95,4.931,0.0,145.03
2024-01-01 00:49:08.500,BTCUSDT,BINANCE_USDT,29876.60,1.9587,29875.11,1.469,29876.60,4.908,0.0,141.27
2024-01-01 00:49:09.000,BTCUSDT,BINANCE_USDT,29874.14,1.6504,29873.40,1.621,29874.89,1.533,0.0,169.44
2024-01-01 00:49:09.500,BTCUSDT,BINANCE_USDT,29874.41,1.6433,29873.66,4.081,29875.16,1.627,0.0,112.30
2024-01-01 00:49:10.000,BTCUSDT,BINANCE_USDT,29872.79,0.8478,29872.79,4.183,29874.28,4.509,0.0,168.06
2024-01-01 00:49:10.500,BTCUSDT,BINANCE_USDT,29871.34,1.5565,29871.34,1.809,29872.84,4.802,0.0,128.37
2024-01-01 00:49:11.000,BTCUSDT,BINANCE_USDT,29873.20,0.1938,29871.71,1.881,29873.20,4.313,0.0,142.64
2024-01-01 00:49:11.500,BTCUSDT,BINANCE_USDT,29872.17,1.4147,29870.68,1.082,29872.17,2.800,0.0,189.57
2024-01-01 00:49:12.000,BTCUSDT,BINANCE_USDT,29872.21,0.9023,29870.72,2.716,29872.21,0.889,0.0,172.16
2024-01-01 00:49:12.500,BTCUSDT,BINANCE_USDT,29870.17,1.6144,29870.17,1.159,29871.66,1.859,0.0,138.30
2024-01-01 00:49:13.000,BTCUSDT,BINANCE_USDT,29870.83,1.9898,29870.83,3.466,29872.33,1.908,0.0,131.00
2024-01-01 00:49:13.500,BTCUSDT,BINANCE_USDT,29871.31,1.6990,29871.31,4.407,29872.80,3.715,0.0,173.51
2024-01-01 00:49:14.000,BTCUSDT,BINANCE_USDT,29871.61,0.3394,29870.11,2.308,29871.61,1.790,0.0,163.96
2024-01-01 00:49:14.500,BTCUSDT,BINANCE_USDT,29869.54,0.8228,29869.54,4.361,29871.04,1.511,0.0,120.48
2024-01-01 00:49:15.000,BTCUSDT,BINANCE_USDT,29868.94,0.1185,29868.94,1.452,29870.43,2.117,0.0,182.58
2024-01-01 00:49:15.500,BTCUSDT,BINANCE_USDT,29867.90,0.1806,29867.90,1.763,29869.40,3.105,0.0,123.84
2024-01-01 00:49:16.000,BTCUSDT,BINANCE_USDT,29869.99,0.7217,29869.25,1.601,29870.74,3.557,0.0,167.39
2024-01-01 00:49:16.500,BTCUSDT,BINANCE_USDT,29870.15,0.5755,29870.15,4.398,29871.64,1.294,0.0,182.53
2024-01-01 00:49:17.000,BTCUSDT,BINANCE_USDT,29872.77,1.2573,29871.27,2.882,29872.77,4.157,0.0,102.26
2024-01-01 00:49:17.500,BTCUSDT,BINANCE_USDT,29870.90,1.5848,29870.90,1.851,29872.39,4.887,0.0,136.53
2024-01-01 00:49:18.000,BTCUSDT,BINANCE_USDT,29873.48,1.1354,29871.99,3.235,29873.48,4.736,0.0,144.55
2024-01-01 00:49:18.500,BTCUSDT,BINANCE_USDT,29872.21,1.3483,29872.21,3.264,29873.71,2.457,0.0,101.11
2024-01-01 00:49:19.000,BTCUSDT,BINANCE_USDT,29870.75,1.1347,29870.01,1.174,29871.50,4.297,0.0,111.05
2024-01-01 00:49:19.500,BTCUSDT,BINANCE_USDT,29869.32,0.5814,29868.57,2.551,29870.07,4.150,0.0,120.75
2024-01-01 00:49:20.000,BTCUSDT,BINANCE_USDT,29868.28,0.4881,29868.28,2.428,29869.77,1.696,0.0,170.30
2024-01-01 00:49:20.500,BTCUSDT,BINANCE_USDT,29869.47,1.9664,29867.98,3.678,29869.47,4.138,0.0,178.10
2024-01-01 00:49:21.000,BTCUSDT,BINANCE_USDT,29867.30,1.1110,29866.55,2.036,29868.05,3.480,0.0,176.78
2024-01-01 00:49:21.500,BTCUSDT,BINANCE_USDT,29865.85,0.6319,29865.85,2.056,29867.34,1.053,0.0,107.66
2024-01-01 00:49:22.000,BTCUSDT,BINANCE_USDT,29866.96,1.5136,29866.21,4.577,29867.70,1.208,0.0,184.04
2024-01-01 00:49:22.500,BTCUSDT,BINANCE_USDT,29868.77,0.1282,29867.27,0.923,29868.77,4.217,0.0,124.08
2024-01-01 00:49:23.000,BTCUSDT,BINANCE_USDT,29867.23,0.7977,29865.73,1.876,29867.23,1.684,0.0,101.02
2024-01-01 00:49:23.500,BTCUSDT,BINANCE_USDT,29867.53,0.8836,29866.03,2.431,29867.53,1.109,0.0,141.87
2024-01-01 00:49:24.000,BTCUSDT,BINANCE_USDT,29868.17,0.0069,29868.17,2.106,29869.67,1.924,0.0,195.90
2024-01-01 00:49:24.500,BTCUSDT,BINANCE_USDT,29870.39,0.3557,29868.90,0.821,29870.39,2.604,0.0,160.14
2024-01-01 00:49:25.000,BTCUSDT,BINANCE_USDT,29869.04,0.8494,29868.30,3.811,29869.79,2.266,0.0,108.48
2024-01-01 00:49:25.500,BTCUSDT,BINANCE_USDT,29869.37,1.8908,29868.62,3.517,29870.11,2.710,0.0,167.75
2024-01-01 00:49:26.000,BTCUSDT,BINANCE_USDT,29868.40,0.7336,29867.65,2.221,29869.14,1.256,0.0,138.36
2024-01-01 00:49:26.500,BTCUSDT,BINANCE_USDT,29868.89,0.2464,29868.14,4.173,29869.63,4.818,0.0,186.46
2024-01-01 00:49:27.000,BTCUSDT,BINANCE_USDT,29867.21,1.3690,29866.46,2.472,29867.95,2.561,0.0,199.83
2024-01-01 00:49:27.500,BTCUSDT,BINANCE_USDT,29868.18,1.1478,29866.69,1.376,29868.18,1.870,0.0,116.01
2024-01-01 00:49:28.000,BTCUSDT,BINANCE_USDT,29867.28,1.9614,29866.53,4.919,29868.02,2.928,0.0,142.67
2024-01-01 00:49:28.500,BTCUSDT,BINANCE_USDT,29867.13,0.5251,29867.13,2.399,29868.62,3.087,0.0,169.74
2024-01-01 00:49:29.000,BTCUSDT,BINANCE_USDT,29867.41,0.5288,29866.66,1.082,29868.16,3.564,0.0,158.89
2024-01-01 00:49:29.500,BTCUSDT,BINANCE_USDT,29866.77,0.0956,29865.28,4.963,29866.77,2.922,0.0,189.21
2024-01-01 00:49:30.000,BTCUSDT,BINANCE_USDT,29864.77,0.8250,29864.77,2.051,29866.26,3.526,0.0,149.84
2024-01-01 00:49:30.500,BTCUSDT,BINANCE_USDT,29865.19,0.8356,29864.44,0.536,29865.94,1.723,0.0,144.08
2024-01-01 00:49:31.000,BTCUSDT,BINANCE_USDT,29866.28,0.8169,29864.78,1.579,29866.28,3.272,0.0,106.92
2024-01-01 00:49:31.500,BTCUSDT,BINANCE_USDT,29865.67,0.8353,29864.93,4.124,29866.42,1.313,0.0,181.98
2024-01-01 00:49:32.000,BTCUSDT,BINANCE_USDT,29864.21,0.2412,29862.72,0.990,29864.21,2.453,0.0,160.65
2024-01-01 00:49:32.500,BTCUSDT,BINANCE_USDT,29862.82,1.3263,29862.07,2.616,29863.57,1.312,0.0,156.17
2024-01-01 00:49:33.000,BTCUSDT,BINANCE_USDT,29862.88,0.3007,29861.39,2.232,29862.88,3.309,0.0,132.20
2024-01-01 00:49:33.500,BTCUSDT,BINANCE_USDT,29861.62,0.2279,29861.62,4.023,29863.11,1.538,0.0,105.42
2024-01-01 00:49:34.000,BTCUSDT,BINANCE_USDT,29862.84,1.2462,29861.34,4.404,29862.84,2.501,0.0,152.43
2024-01-01 00:49:34.500,BTCUSDT,BINANCE_USDT,29860.65,0.0966,29859.90,0.588,29861.39,1.935,0.0,199.70
2024-01-01 00:49:35.000,BTCUSDT,BINANCE_USDT,29859.32,0.5239,29859.32,0.654,29860.81,4.182,0.0,131.34
2024-01-01 00:49:35.500,BTCUSDT,BINANCE_USDT,29860.25,0.2034,29858.76,1.749,29860.25,0.958,0.0,140.96
2024-01-01 00:49:36.000,BTCUSDT,BINANCE_USDT,29857.71,1.8695,29857.71,0.753,29859.20,4.845,0.0,133.93
2024-01-01 00:49:36.500,BTCUSDT,BINANCE_USDT,29857.21,1.3241,29856.46,2.003,29857.96,0.766,0.0,133.40
2024-01-01 00:49:37.000,BTCUSDT,BINANCE_USDT,29855.47,1.7003,29854.72,0.875,29856.21,2.315,0.0,177.27
2024-01-01 00:49:37.500,BTCUSDT,BINANCE_USDT,29853.39,0.9852,29852.64,1.869,29854.13,4.386,0.0,111.48
2024-01-01 00:49:38.000,BTCUSDT,BINANCE_USDT,29851.17,0.6141,29851.17,1.114,29852.66,1.839,0.0,132.07
2024-01-01 00:49:38.500,BTCUSDT,BINANCE_USDT,29849.91,0.4187,29849.91,3.634,29851.41,3.199,0.0,182.94
2024-01-01 00:49:39.000,BTCUSDT,BINANCE_USDT,29847.99,0.0533,29847.99,4.910,29849.48,3.262,0.0,144.39
2024-01-01 00:49:39.500,BTCUSDT,BINANCE_USDT,29848.85,1.5348,29847.36,4.346,29848.85,0.868,0.0,170.29
2024-01-01 00:49:40.000,BTCUSDT,BINANCE_USDT,29850.35,1.0616,29849.61,2.857,29851.10,2.801,0.0,118.15
2024-01-01 00:49:40.500,BTCUSDT,BINANCE_USDT,29847.56,1.5446,29847.56,1.149,29849.05,2.901,0.0,154.83
2024-01-01 00:49:41.000,BTCUSDT,BINANCE_USDT,29847.43,0.6163,29845.94,0.833,29847.43,2.487,0.0,157.41
2024-01-01 00:49:41.500,BTCUSDT,BINANCE_USDT,29846.88,0.8582,29846.14,4.451,29847.63,2.084,0.0,155.86
2024-01-01 00:49:42.000,BTCUSDT,BINANCE_USDT,29849.33,0.0902,29848.58,0.787,29850.07,0.885,0.0,199.29
2024-01-01 00:49:42.500,BTCUSDT,BINANCE_USDT,29850.05,1.8184,29849.30,1.702,29850.80,4.142,0.0,179.30
2024-01-01 00:49:43.000,BTCUSDT,BINANCE_USDT,29850.56,1.9075,29849.07,2.517,29850.56,3.242,0.0,175.53
2024-01-01 00:49:43.500,BTCUSDT,BINANCE_USDT,29849.87,1.1419,29848.37,1.125,29849.87,1.453,0.0,157.41
2024-01-01 00:49:44.000,BTCUSDT,BINANCE_USDT,29848.84,1.5518,29848.09,3.710,29849.58,1.312,0.0,146.11
2024-01-01 00:49:44.500,BTCUSDT,BINANCE_USDT,29847.46,0.7990,29845.97,0.657,29847.46,1.499,0.0,173.75
2024-01-01 00:49:45.000,BTCUSDT,BINANCE_USDT,29848.48,0.3839,29846.98,3.022,29848.48,4.118,0.0,134.67
2024-01-01 00:49:45.500,BTCUSDT,BINANCE_USDT,29847.73,0.1710,29846.98,4.567,29848.48,4.943,0.0,112.74
2024-01-01 00:49:46.000,BTCUSDT,BINANCE_USDT,29845.88,0.3225,29845.88,1.637,29847.37,4.313,0.0,150.51
2024-01-01 00:49:46.500,BTCUSDT,BINANCE_USDT,29847.32,1.5359,29845.83,1.635,29847.32,0.976,0.0,173.06
2024-01-01 00:49:47.000,BTCUSDT,BINANCE_USDT,29845.11,0.3725,29844.36,2.881,29845.85,0.525,0.0,199.38
2024-01-01 00:49:47.500,BTCUSDT,BINANCE_USDT,29845.90,1.8149,29844.41,3.032,29845.90,4.670,0.0,177.25
2024-01-01 00:49:48.000,BTCUSDT,BINANCE_USDT,29843.45,0.5921,29843.45,4.509,29844.94,1.742,0.0,129.58
2024-01-01 00:49:48.500,BTCUSDT,BINANCE_USDT,29842.34,1.5738,29841.60,4.520,29843.09,1.112,0.0,148.78
2024-01-01 00:49:49.000,BTCUSDT,BINANCE_USDT,29842.92,1.3119,29842.92,3.433,29844.41,3.445,0.0,115.38
2024-01-01 00:49:49.500,BTCUSDT,BINANCE_USDT,29842.48,0.8267,29840.99,1.279,29842.48,4.882,0.0,129.74
2024-01-01 00:49:50.000,BTCUSDT,BINANCE_USDT,29842.60,0.0487,29842.60,3.249,29844.09,0.886,0.0,114.50
2024-01-01 00:49:50.500,BTCUSDT,BINANCE_USDT,29844.01,1.4357,29842.52,1.566,29844.01,4.154,0.0,189.60
2024-01-01 00:49:51.000,BTCUSDT,BINANCE_USDT,29843.63,1.7657,29842.89,3.935,29844.38,4.277,0.0,124.70
2024-01-01 00:49:51.500,BTCUSDT,BINANCE_USDT,29842.11,1.3978,29841.36,0.939,29842.85,1.904,0.0,139.73
2024-01-01 00:49:52.000,BTCUSDT,BINANCE_USDT,29840.70,1.8936,29840.70,3.144,29842.19,1.497,0.0,187.76
2024-01-01 00:49:52.500,BTCUSDT,BINANCE_USDT,29841.25,0.8168,29841.25,2.356,29842.74,4.168,0.0,196.84
2024-01-01 00:49:53.000,BTCUSDT,BINANCE_USDT,29841.96,0.0809,29841.21,4.328,29842.70,2.738,0.0,141.18
2024-01-01 00:49:53.500,BTCUSDT,BINANCE_USDT,29843.34,0.5148,29841.84,0.706,29843.34,1.558,0.0,167.06
2024-01-01 00:49:54.000,BTCUSDT,BINANCE_USDT,29842.44,1.6406,29842.44,2.891,29843.94,4.772,0.0,193.98
2024-01-01 00:49:54.500,BTCUSDT,BINANCE_USDT,29841.92,0.6569,29841.17,2.837,29842.66,4.957,0.0,136.18
2024-01-01 00:49:55.000,BTCUSDT,BINANCE_USDT,29842.47,0.5020,29840.98,2.179,29842.47,4.682,0.0,145.78
2024-01-01 00:49:55.500,BTCUSDT,BINANCE_USDT,29842.87,1.0486,29841.38,2.066,29842.87,2.123,0.0,137.27
2024-01-01 00:49:56.000,BTCUSDT,BINANCE_USDT,29839.67,1.0708,29839.67,4.984,29841.16,2.734,0.0,159.89
2024-01-01 00:49:56.500,BTCUSDT,BINANCE_USDT,29841.98,0.7530,29840.48,2.204,29841.98,4.395,0.0,122.87
2024-01-01 00:49:57.000,BTCUSDT,BINANCE_USDT,29840.47,0.0583,29840.47,3.208,29841.96,0.762,0.0,176.69
2024-01-01 00:49:57.500,BTCUSDT,BINANCE_USDT,29841.21,0.4134,29840.47,1.595,29841.96,3.687,0.0,163.76
2024-01-01 00:49:58.000,BTCUSDT,BINANCE_USDT,29840.58,1.9418,29839.83,2.957,29841.32,4.912,0.0,169.37
2024-01-01 00:49:58.500,BTCUSDT,BINANCE_USDT,29842.82,0.6250,29841.33,3.916,29842.82,4.243,0.0,168.00
2024-01-01 00:49:59.000,BTCUSDT,BINANCE_USDT,29841.25,0.5782,29840.50,4.552,29842.00,4.768,0.0,161.21
2024-01-01 00:49:59.500,BTCUSDT,BINANCE_USDT,29841.82,1.4643,29840.33,3.905,29841.82,4.243,0.0,155.43
2024-01-01 00:50:00.000,BTCUSDT,BINANCE_USDT,29841.40,0.4334,29841.40,3.714,29842.89,2.844,0.0,145.72
